isi_berita,hasil_preprocessing,kategori
"Ketua UmumKomite Olahraga Nasional Indonesia (KONI)Pusat Letjen TNI PurnMarciano Normanresmi menutup program Sport Diplomacy antara Indonesia dan Timor Leste. Kegiatan ini berlangsung pada 11-14 September 2026. Program tersebut diinisiasi KONI Pusat melalui kerja sama dengan Confederacao Do Desporto De Timor Leste (CDTL). Di Indonesia, KONI Pusat menggandeng Universitas Pendidikan Mandalika (UNDIKMA) sebagai tuan rumah International Student Inbound Mobility Program (ISIMP), dengan peserta yang berasal dari Universidade Nacional Timor Lorosa'e (UNTL). Marciano menilai olahraga dapat menjadi sarana untuk mempererat hubungan kedua negara sekaligus mendorong peningkatan prestasi atlet. SCROLL TO CONTINUE WITH CONTENT ""Alangkah indahnya, kita negara yang bertetangga membangun suatu kehidupan yang penuh keakraban, kita saling mengisi kekurangan dan mendukung pada hal positif,"" ujar Marciano, yang dikutip dari situs KONI.  Ia juga mengenang pengalamannya saat bertugas di Ainaro, Timor Leste, yang membuatnya memiliki kedekatan dengan masyarakat setempat. ""Hati saya ini bersama mereka. Saudara-saudara juga adalah saudara saya juga, saya ingin kita bangkit bersama. Saya ingin Timor Leste dihormati negara lain,"" katanya. Dalam kesempatan tersebut, Marciano juga menyerahkan secara simbolis perlengkapan Petanque kepada delegasi Timor Leste. UNDIKMA menyediakan bola, sementara KONI Pusat melengkapi peralatan berupa bola kecil, circle, dan tas, termasuk membantu pengirimannya ke Timor Leste. Perlengkapan tersebut diharapkan dapat dimanfaatkan untuk melanjutkan pengembangan olahraga Petanque di Timor Leste setelah para delegasi kembali ke negaranya. ""Selamat jalan, saudara-saudaraku, sampaikan salam untuk CDTL, UNTL dan masyarakat Timor Leste,"" tutup Marciano.","['ketua', 'umumkomite', 'olahraga', 'nasional', 'indonesia', 'konipusat', 'letjen', 'tni', 'purnmarciano', 'normanresmi', 'tutup', 'program', 'sport', 'diplomacy', 'indonesia', 'timor', 'leste', 'giat', 'september', 'program', 'inisiasi', 'koni', 'pusat', 'kerja', 'confederacao', 'do', 'desporto', 'de', 'timor', 'leste', 'cdtl', 'indonesia', 'koni', 'pusat', 'gandeng', 'universitas', 'didik', 'mandalika', 'undikma', 'tuan', 'rumah', 'international', 'student', 'inbound', 'mobility', 'program', 'isimp', 'serta', 'asal', 'universidade', 'nacional', 'timor', 'lorosae', 'untl', 'marciano', 'nilai', 'olahraga', 'sarana', 'erat', 'hubung', 'negara', 'dorong', 'tingkat', 'prestasi', 'atlet', 'scroll', 'to', 'continue', 'with', 'content', 'alangkah', 'indah', 'negara', 'tetangga', 'bangun', 'hidup', 'penuh', 'akrab', 'isi', 'kurang', 'dukung', 'positif', 'marciano', 'kutip', 'situs', 'koni', 'kenang', 'alam', 'tugas', 'ainaro', 'timor', 'leste', 'buat', 'milik', 'dekat', 'masyarakat', 'hati', 'saudarasaudara', 'saudara', 'bangkit', 'timor', 'leste', 'hormat', 'negara', 'sempat', 'marciano', 'serah', 'simbolis', 'lengkap', 'petanque', 'delegasi', 'timor', 'leste', 'undikma', 'sedia', 'bola', 'koni', 'pusat', 'lengkap', 'alat', 'bola', 'circle', 'tas', 'bantu', 'kirim', 'timor', 'leste', 'lengkap', 'harap', 'manfaat', 'lanjut', 'kembang', 'olahraga', 'petanque', 'timor', 'leste', 'delegasi', 'negara', 'selamat', 'jalan', 'saudarasaudaraku', 'salam', 'cdtl', 'untl', 'masyarakat', 'timor', 'leste', 'tutup', 'marciano']",Sport
"Pengurus Pusat Kickboxing Indonesia (PP KBI)periode 2026-2030 di bawah kepemimpinan Ngatino resmi dilantik di Gedung KONI Pusat, Senayan, Jakarta, Rabu (16/9/2026). Pelantikan tersebut menjadi momentum baru bagi kickboxing Indonesia. PP KBI menargetkan terbentuknya ekosistem pembinaan yang terintegrasi antara atlet amatir dan profesional untuk meningkatkan prestasi Merah Putih di kancah internasional. Ngatino yang kembali dipercaya memimpin KBI untuk periode ketiga menyebut amanah tersebut sebagai dorongan untuk melakukan evaluasi dan pembenahan organisasi. ""Kepercayaan yang diberikan kepada saya untuk kembali memimpin Kickboxing Indonesia untuk periode ketiga merupakan sebuah kehormatan sekaligus amanah yang sangat besar. Apa yang telah kita lalui selama ini harus menjadi bahan evaluasi untuk melakukan perbaikan dan pembenahan ke depan,"" ujar Ngatino dalam keterangan persnya. SCROLL TO CONTINUE WITH CONTENT Sebagai langkah awal, PP KBI akan menggelar Kejuaraan Nasional (Kejurnas) pada awal November 2026 sebagai pengganti PON Bela Diri di Solo yang ditunda. Dalam ajang tersebut, KBI juga menyiapkan Gala Night untuk menyaring 10 atlet terbaik. Sepuluh atlet terpilih akan diarahkan ke jalur profesional. KBI juga berencana kembali menjaring 10 atlet pada 2027 untuk melengkapi pembinaan bersama atlet hasil seleksi 2026. ""Harus ada ekosistem dalam pembinaan antara amatir dan pro harus seiring. Kita sudah siapkan nanti 10 besar amatir hasil kejurnas itu langsung menjadi pro. Ke depannya 2027 kita sudah siapkan untuk pro. Dan kemudian 2027 juga memulai lagi untuk mencari 10 lagi untuk bersama-sama dengan 10 yang ada di 2026 itu untuk kita siapkan menjadi atlet profesional,"" Ngatino menjelaskan.  Selain pembinaan prestasi, KBI mengembangkan KBI Pro sebagai wadah pertandingan profesional sekaligus membuka peluang bagi atlet mendapatkan penghasilan dari prestasi mereka. KBI juga tengah menyiapkan kerja sama dengan platform streaming Vidio untuk memperluas jangkauan pertandingan hingga mancanegara dan menarik sponsor. Rencana tersebut mendapat dukungan KONI Pusat. Ketua Umum KONI Pusat, Marciano Norman, meminta KBI melakukan evaluasi terhadap program sebelumnya dan memastikan pembinaan atlet berjalan secara bertahap dari level amatir menuju profesional. ""Persiapkan atlet-atlet yang masuk ke profesional itu adalah juara-juara di amatir. Sehingga mereka yang sudah jam terbangnya tinggi di kompetisi amatir bisa masuk ke profesional,"" kata Marciano. Marciano juga mengapresiasi kiprah kickboxing yang telah berkontribusi dalam perolehan medali Indonesia di SEA Games serta mencatatkan hasil positif pada kejuaraan di Tashkent. Sementara itu, Sekjen KONI Pusat TB Ade Lukman optimistis KBI dapat menjadi salah satu penyumbang medali emas Indonesia di ajang internasional. Menurutnya, cabang olahraga bela diri selama ini menjadi salah satu pilar penting dalam perolehan medali Indonesia pada multi-event seperti SEA Games. ""Kita yakin di bawah kepemimpinan Ketua Umum Pak Ngatino beserta jajaran juga akan menjadi bagian daripada kontributor medali-medali emas di event-event internasional,"" pungkasnya.","['urus', 'pusat', 'kickboxing', 'indonesia', 'pp', 'kbiperiode', 'pimpin', 'ngatino', 'resmi', 'lantik', 'gedung', 'koni', 'pusat', 'senayan', 'jakarta', 'rabu', 'lantik', 'momentum', 'kickboxing', 'indonesia', 'pp', 'kbi', 'target', 'bentuk', 'ekosistem', 'bina', 'integrasi', 'atlet', 'amatir', 'profesional', 'tingkat', 'prestasi', 'merah', 'putih', 'kancah', 'internasional', 'ngatino', 'percaya', 'pimpin', 'kbi', 'periode', 'tiga', 'sebut', 'amanah', 'dorong', 'evaluasi', 'benah', 'organisasi', 'percaya', 'pimpin', 'kickboxing', 'indonesia', 'periode', 'tiga', 'hormat', 'amanah', 'lalu', 'bahan', 'evaluasi', 'baik', 'benah', 'ngatino', 'terang', 'pers', 'scroll', 'to', 'continue', 'with', 'content', 'langkah', 'pp', 'kbi', 'gelar', 'juara', 'nasional', 'kejurnas', 'november', 'ganti', 'pon', 'bela', 'solo', 'tunda', 'ajang', 'kbi', 'gala', 'night', 'nyaring', 'atlet', 'baik', 'puluh', 'atlet', 'pilih', 'arah', 'jalur', 'profesional', 'kbi', 'rencana', 'jaring', 'atlet', 'lengkap', 'bina', 'atlet', 'hasil', 'seleksi', 'ekosistem', 'bina', 'amatir', 'pro', 'iring', 'siap', 'amatir', 'hasil', 'kejurnas', 'langsung', 'pro', 'depan', 'siap', 'pro', 'cari', 'bersamasama', 'siap', 'atlet', 'profesional', 'ngatino', 'bina', 'prestasi', 'kbi', 'kembang', 'kbi', 'pro', 'wadah', 'tanding', 'profesional', 'buka', 'peluang', 'atlet', 'hasil', 'prestasi', 'kbi', 'kerja', 'platform', 'streaming', 'vidio', 'luas', 'jangkau', 'tanding', 'mancanegara', 'tarik', 'sponsor', 'rencana', 'dukung', 'koni', 'pusat', 'ketua', 'koni', 'pusat', 'marciano', 'norman', 'kbi', 'evaluasi', 'program', 'bina', 'atlet', 'jalan', 'tahap', 'level', 'amatir', 'profesional', 'siap', 'atletatlet', 'masuk', 'profesional', 'juarajuara', 'amatir', 'jam', 'terbang', 'kompetisi', 'amatir', 'masuk', 'profesional', 'marciano', 'marciano', 'apresiasi', 'kiprah', 'kickboxing', 'kontribusi', 'oleh', 'medali', 'indonesia', 'sea', 'games', 'catat', 'hasil', 'positif', 'juara', 'tashkent', 'sekjen', 'koni', 'pusat', 'tb', 'ade', 'lukman', 'optimistis', 'kbi', 'salah', 'sumbang', 'medali', 'emas', 'indonesia', 'ajang', 'internasional', 'turut', 'cabang', 'olahraga', 'bela', 'salah', 'pilar', 'oleh', 'medali', 'indonesia', 'multievent', 'sea', 'games', 'pimpin', 'ketua', 'ngatino', 'serta', 'jajar', 'kontributor', 'medalimedali', 'emas', 'eventevent', 'internasional', 'pungkas']",Sport
"Lina Hisage, atlet tolak peluru asal Wamena, Papua Pegunungan, mulai menunjukkan perkembangan signifikan sejak bergabung dengan Papua Athletics Center (PAC) pada Januari 2024. Dalam kurun waktu kurang dari dua tahun, atlet berusia 18 tahun itu mampu meningkatkan catatan lemparannya hingga meraih juara sekaligus memecahkan rekor nasional. Lina mencatat prestasi di ajang ASEAN School Games. Pada 2024, dia meraih juara ketiga dengan tolakan sejauh 12,7 meter. Setahun kemudian, prestasinya meningkat dengan meraih juara pertama setelah mencatat tolakan 14,72 meter pada ASEAN School Games 2025 di Brunei Darussalam. Catatan tersebut sekaligus menjadi bagian dari perjalanan Lina dalam memecahkan rekor yang sebelumnya dia buat sendiri. Rekor pertamanya tercipta dalam ajang invitasi atletik di Jakarta pada 2025 dengan tolakan 13,3 meter. Catatan itu kemudian kembali diperbaiki menjadi 14,72 meter saat berlaga di Brunei. SCROLL TO CONTINUE WITH CONTENT ""Yang 2024 itu juara 3, 12,7 meter. Kalau yang 2025 ini juara 1, 14,72 meter,"" kata Lina di Mimika Sport Complex, Rabu (16/9/2026). Perkembangan tersebut tidak lepas dari rutinitas latihan yang dijalaninya setiap hari. Karena tetap harus mengikuti kegiatan sekolah, Lina biasanya menjalani latihan pada sore hari.   Materi latihan yang dijalaninya meliputi rotasi, penguatan, hingga latihan kecepatan. Rutinitas tersebut dijalani hampir setiap hari sebagai bagian dari persiapannya menghadapi berbagai kejuaraan. Di tengah rutinitas itu, Lina mengaku pernah mengalami kejenuhan. Untuk mengatasinya, dia biasanya menghabiskan waktu bersama teman-temannya di asrama, seperti berjalan-jalan atau sekadar berkumpul. ""Kalau jenuh biasanya duduk di tempat teman atau jalan-jalan, beli sesuatu, cerita bareng-bareng,"" ujarnya. Bagi Lina, dukungan keluarga menjadi salah satu alasan untuk terus meningkatkan performa. Dia selalu mengingat perjuangan orang tuanya yang selama ini mendukung perjalanannya sebagai atlet. ""Hasilnya saya selalu ingat orang tua saya karena mereka yang sudah berusaha untuk saya. Mereka juga selalu mendukung saya. Itu motivasi saya,"" tutur Lina. Menjadi atlet tolak peluru juga bukan sekadar aktivitas yang dijalani Lina. Dia menyebut atlet tolak peluru adalah cita-citanya. Salah satu sosok yang menjadi inspirasinya adalah atlet tolak peluru putri Amerika Serikat, yang saat ini memegang rekor dunia. Selama menjalani pembinaan di PAC, Lina juga mendapatkan dukungan fasilitas latihan yang menurutnya telah memenuhi kebutuhan atlet. ""Fasilitas sangat bagus dan sangat memadai karena semua peralatan yang kita butuhkan semua ada di sini,"" katanya. Program Latihan Terukur Pelatih tolak peluru PAC, Yeremias Kiriwaib mengatakan perkembangan Lina merupakan hasil dari program latihan yang disusun secara terukur. Materi latihan tidak dibuat secara sembarangan, melainkan melalui evaluasi dan koordinasi dengan tim teknis. ""Materi sehari-hari yang dikasih kami dapatkan dari hasil bongkar pasang dan juga koordinasi dengan tim teknis. Kami punya tim teknis khusus dari PB PASI, sehingga materi dan program latihan yang kami berikan secara harian terukur dan bisa dipertanggungjawabkan progresnya ke depan,"" kata Yeremias. Lina sebelumnya merupakan jebolan PPLP (Pusat Pendidikan dan Latihan Olahraga Pelajar Papua) di Jayapura. Potensinya kemudian membuat Lina dipanggil untuk bergabung dengan PAC pada awal 2024. Menurut Yeremias, kemampuan Lina berkembang karena mampu menyerap program latihan yang diberikan. Selain memiliki potensi, karakter Lina yang dinilai baik juga membantu proses pembinaan. ""Lina jebolan dari PPLP Jayapura di bawah asuhan Coach Tyo, karena mempunyai potensi dipanggil dan bergabung di sini di awal 2024. Kemudian saya latih, syukur anaknya punya karakter yang baik sehingga program yang kami susun dalam tim bisa dia serap dengan baik,"" ujarnya. Hasilnya terlihat dari catatan yang terus meningkat. Setelah memecahkan rekor pada ajang invitasi di Jakarta, Lina kembali memperbaiki catatannya saat tampil di ASEAN School Games di Brunei. Ke depan, Yeremias menargetkan Lina dan atlet lainnya, Elis, dapat terus memperbaiki catatan terbaik masing-masing. Khusus Lina, targetnya adalah kembali meningkatkan personal best pada nomor tolak peluru. ""Untuk Lina dan Elis memang ada target-target tertentu untuk kejuaraan dalam waktu dekat ini. Paling tidak mereka bisa memecahkan personal best mereka masing-masing,"" katanya. Untuk mencapai target tersebut, latihan dilakukan dengan berbagai variasi. Sesi latihan dimulai dengan pemanasan dan aktivasi yang berkaitan dengan pendukung teknik sebelum atlet masuk ke latihan teknik inti. Setelah latihan teknik, atlet kembali menjalani latihan beban yang kemudian dilanjutkan dengan penggunaan medicine ball. Mereka juga mendapatkan latihan penguatan otot inti yang mencakup bagian perut, pinggang, dan punggung. ""Jadi itu semua dilakukan tiap hari,"" kata Yeremias. Selain menjaga aspek fisik dan teknik, pelatih juga memperhatikan kondisi psikologis atlet selama menjalani rutinitas latihan. Yeremias mengatakan atlet diberikan ruang untuk beristirahat dan melakukan aktivitas lain ketika mulai mengalami kejenuhan. Menurut dia, aktivitas di luar latihan seperti berjalan-jalan, nongkrong, atau menonton film dapat membantu atlet mengurangi kebosanan sebelum kembali menjalani program latihan. ""Saya tidak mengekang mereka. Apabila saya lihat mereka sudah jenuh, saya arahkan, ayo nongkrong di situ. Atau ayo bioskop. Syukurnya mereka mengerti sehingga bisa mengurai kebosanan mereka di tengah-tengah sesi latihan,"" ujarnya. ","['lina', 'hisage', 'atlet', 'tolak', 'peluru', 'wamena', 'papua', 'gunung', 'kembang', 'signifikan', 'gabung', 'papua', 'athletics', 'center', 'pac', 'januari', 'kurun', 'atlet', 'usia', 'tingkat', 'catat', 'lempar', 'raih', 'juara', 'pecah', 'rekor', 'nasional', 'lina', 'catat', 'prestasi', 'ajang', 'asean', 'school', 'games', 'raih', 'juara', 'tiga', 'tolak', 'meter', 'tahun', 'prestasi', 'tingkat', 'raih', 'juara', 'catat', 'tolak', 'meter', 'asean', 'school', 'games', 'brunei', 'darussalam', 'catat', 'jalan', 'lina', 'pecah', 'rekor', 'rekor', 'pertama', 'cipta', 'ajang', 'invitasi', 'atletik', 'jakarta', 'tolak', 'meter', 'catat', 'baik', 'meter', 'laga', 'brunei', 'scroll', 'to', 'continue', 'with', 'content', 'juara', 'meter', 'juara', 'meter', 'lina', 'mimika', 'sport', 'complex', 'rabu', 'kembang', 'lepas', 'rutinitas', 'latih', 'jalan', 'ikut', 'giat', 'sekolah', 'lina', 'jalan', 'latih', 'sore', 'materi', 'latih', 'jalan', 'liput', 'rotasi', 'kuat', 'latih', 'cepat', 'rutinitas', 'jalan', 'siap', 'hadap', 'juara', 'rutinitas', 'lina', 'aku', 'alami', 'jenuh', 'atas', 'habis', 'temantemannya', 'asrama', 'berjalanjalan', 'kumpul', 'jenuh', 'duduk', 'teman', 'jalanjalan', 'beli', 'cerita', 'barengbareng', 'lina', 'dukung', 'keluarga', 'salah', 'alas', 'tingkat', 'performa', 'juang', 'orang', 'tua', 'dukung', 'jalan', 'atlet', 'hasil', 'orang', 'tua', 'usaha', 'dukung', 'motivasi', 'lina', 'atlet', 'tolak', 'peluru', 'aktivitas', 'jalan', 'lina', 'sebut', 'atlet', 'tolak', 'peluru', 'citacitanya', 'salah', 'sosok', 'inspirasi', 'atlet', 'tolak', 'peluru', 'putri', 'amerika', 'serikat', 'pegang', 'rekor', 'dunia', 'jalan', 'bina', 'pac', 'lina', 'dukung', 'fasilitas', 'latih', 'turut', 'penuh', 'butuh', 'atlet', 'fasilitas', 'bagus', 'pada', 'alat', 'butuh', 'program', 'latih', 'ukur', 'latih', 'tolak', 'peluru', 'pac', 'yeremias', 'kiriwaib', 'kembang', 'lina', 'hasil', 'program', 'latih', 'susun', 'ukur', 'materi', 'latih', 'sembarang', 'evaluasi', 'koordinasi', 'tim', 'teknis', 'materi', 'seharihari', 'kasih', 'dapat', 'hasil', 'bongkar', 'pasang', 'koordinasi', 'tim', 'teknis', 'tim', 'teknis', 'khusus', 'pb', 'pasi', 'materi', 'program', 'latih', 'hari', 'ukur', 'dipertanggungjawabkan', 'progres', 'yeremias', 'lina', 'jebol', 'pplp', 'pusat', 'didik', 'latih', 'olahraga', 'ajar', 'papua', 'jayapura', 'potensi', 'lina', 'panggil', 'gabung', 'pac', 'yeremias', 'mampu', 'lina', 'kembang', 'serap', 'program', 'latih', 'milik', 'potensi', 'karakter', 'lina', 'nilai', 'bantu', 'proses', 'bina', 'lina', 'jebol', 'pplp', 'jayapura', 'asuh', 'coach', 'tyo', 'potensi', 'panggil', 'gabung', 'latih', 'syukur', 'anak', 'karakter', 'program', 'susun', 'tim', 'serap', 'hasil', 'catat', 'tingkat', 'pecah', 'rekor', 'ajang', 'invitasi', 'jakarta', 'lina', 'baik', 'catat', 'tampil', 'asean', 'school', 'games', 'brunei', 'yeremias', 'target', 'lina', 'atlet', 'elis', 'baik', 'catat', 'baik', 'masingmasing', 'khusus', 'lina', 'target', 'tingkat', 'personal', 'best', 'nomor', 'tolak', 'peluru', 'lina', 'elis', 'targettarget', 'juara', 'pecah', 'personal', 'best', 'masingmasing', 'capai', 'target', 'latih', 'variasi', 'sesi', 'latih', 'panas', 'aktivasi', 'kait', 'dukung', 'teknik', 'atlet', 'masuk', 'latih', 'teknik', 'inti', 'latih', 'teknik', 'atlet', 'jalan', 'latih', 'beban', 'lanjut', 'guna', 'medicine', 'ball', 'latih', 'kuat', 'otot', 'inti', 'cakup', 'perut', 'pinggang', 'punggung', 'yeremias', 'jaga', 'aspek', 'fisik', 'teknik', 'latih', 'perhati', 'kondisi', 'psikologis', 'atlet', 'jalan', 'rutinitas', 'latih', 'yeremias', 'atlet', 'ruang', 'istirahat', 'aktivitas', 'alami', 'jenuh', 'aktivitas', 'latih', 'berjalanjalan', 'nongkrong', 'tonton', 'film', 'bantu', 'atlet', 'kurang', 'bosan', 'jalan', 'program', 'latih', 'ekang', 'lihat', 'jenuh', 'arah', 'ayo', 'nongkrong', 'situ', 'ayo', 'bioskop', 'syukur', 'erti', 'urai', 'bosan', 'tengahtengah', 'sesi', 'latih']",Sport
"Timnas Equestrian Indonesiasudah bertolak ke Jepang jelang bergulirnyaAsian Games 2026. Ada 12 atlet yang turun di sana untuk mendapatkan medali. Timnas Equestrian bertolak ke Aichi-Nagoya, Jepang, Senin (14/9) malam WIB kemarin. Sebelum keberangkatannya, para atlet mengikuti prosesi pelepasan yang dilakukan oleh perwakilan NOC Indonesia, Krisna Bayu di Terminal 3 bandara Soekarno-Hatta, Tangerang, Banten. Ke-12 atlet yang dibawa terbagi dalam 3 disiplin yakni : Dressage, Jumping dan Eventing. Dalam persiapannya menghadapi Asian Games 2026, seluruh atlet Equestrian Merah Putih telah melalui pemusatan latihan intensif selama kurang lebih 6 bulan di Jerman. SCROLL TO CONTINUE WITH CONTENT Berbekal latihan tersebut membuat tim Eventing yang di perkuat Steven Menayang, Fergi Tri Nur Fajar, Marcho Alexandro dan Muhamad Zaki, optimistis dapat memberikan hasil terbaik.  Sementara itu menurut tim Dressage atau Tunggang Serasi, proses adaptasi antara atlet dan kuda menjadi bagian penting sekaligus tantangan tersendiri. Tim dressage terdiri dari Dara Ningar Prameswari, Karen Herjawan, Audirania Amanda Putri dan Alfaro Manayang.Di hari yang sama, empat atlet dressage yang baru saja menuntaskan latihan di Jerman, yakni Dirga Wira Ramadhan Sahputra, Marco Hence Wowiling, Arserl Rizki Brayudha dan Brayen Nathan Brata-Coolen, juga berangkat menuju Negeri Sakura. Hal tersebut diungkapkan oleh Kellin Baquita sebagai Ketua Pembina NEPI sekaligus penanggung jawab program pelatihan para atlet, yang aktif mendampingi para atlet sejak masa persiapan hingga keberangkatan menuju Aichi-Nagoya. Setibanya di negri Sakura, seluruh atlet Equestrian Indonesia masih memiliki waktu beberapa hari untuk melakukan adaptasi dengan lingkungan dan cuaca setempat, sebelum memasuki masa perlombaan yang dimulai 19 September hingga 4 Oktober. ","['timnas', 'equestrian', 'indonesiasudah', 'tolak', 'jepang', 'jelang', 'bergulirnyaasian', 'games', 'atlet', 'turun', 'medali', 'timnas', 'equestrian', 'tolak', 'aichinagoya', 'jepang', 'senin', 'malam', 'wib', 'kemarin', 'berangkat', 'atlet', 'ikut', 'prosesi', 'lepas', 'wakil', 'noc', 'indonesia', 'krisna', 'bayu', 'terminal', 'bandara', 'soekarnohatta', 'tangerang', 'banten', 'atlet', 'bawa', 'bagi', 'disiplin', 'dressage', 'jumping', 'eventing', 'siap', 'hadap', 'asi', 'games', 'atlet', 'equestrian', 'merah', 'putih', 'pusat', 'latih', 'intensif', 'jerman', 'scroll', 'to', 'continue', 'with', 'content', 'bekal', 'latih', 'tim', 'eventing', 'kuat', 'steven', 'tayang', 'fergi', 'tri', 'nur', 'fajar', 'marcho', 'alexandro', 'muhamad', 'zaki', 'optimistis', 'hasil', 'baik', 'tim', 'dressage', 'tunggang', 'serasi', 'proses', 'adaptasi', 'atlet', 'kuda', 'tantang', 'sendiri', 'tim', 'dressage', 'dara', 'ningar', 'prameswari', 'karen', 'herjawan', 'audirania', 'amanda', 'putri', 'alfaro', 'manayangdi', 'atlet', 'dressage', 'tuntas', 'latih', 'jerman', 'dirga', 'wira', 'ramadhan', 'sahputra', 'marco', 'hence', 'wowiling', 'arserl', 'rizki', 'brayudha', 'brayen', 'nathan', 'bratacoolen', 'berangkat', 'negeri', 'sakura', 'kellin', 'baquita', 'ketua', 'bina', 'nepi', 'tanggung', 'program', 'latih', 'atlet', 'aktif', 'damping', 'atlet', 'siap', 'berangkat', 'aichinagoya', 'negri', 'sakura', 'atlet', 'equestrian', 'indonesia', 'milik', 'adaptasi', 'lingkung', 'cuaca', 'pasuk', 'lomba', 'september', 'oktober']",Sport
"Ciamis- Sebanyak 549 siswa dari 40 SD mengikuti lomba olahraga tradisional di Ciamis, Jawa Barat, dengan penuh semangat.","['ciamis', 'siswa', 'sd', 'ikut', 'lomba', 'olahraga', 'tradisional', 'ciamis', 'jawa', 'barat', 'penuh', 'semangat']",Sport
"Dalam dua seri terakhir MotoGP 2027, Marc Marquez sukses sapu bersih poin maksimal. Penampilan rider Ducati itu membuat pengamat MotoGP Carlo Pernat menyebutnya seperti makhluk dari Mars. Marquez menyapu bersih MotoGP San Marino di Misano. Ia meraih kemenangan pada Sprint Race dan balapan utama sehingga mengamankan 37 poin dalam satu akhir pekan. Hasil tersebut melanjutkan performa apik Marquez pada seri sebelumnya, ketika meraih 37 poin di MotoGP Aragon. Artinya, Marc mengumpulkan 74 poin maksimal dalam dua seri beruntun. SCROLL TO CONTINUE WITH CONTENT  Bagi Pernat, yang membuat Marquez berbeda bukan sekadar kecepatannya. Gaya balap rider asal Spanyol itu dinilai sudah berubah seiring bertambahnya usia dan pengalaman. Pernat menilai Marquez kini lebih mampu mengendalikan situasi balapan dibandingkan beberapa tahun lalu, tidak lagi terlalu sering mengambil risiko hingga berujung crash. Ia lebih baik dalam membaca kondisi dan mengelola balapan. ""Marquez adalah makhluk Mars. Bahkan seiring bertambahnya usia, dengan semua masalah yang pernah dia alami, dia mampu mengelola balapan dengan cara yang tidak bisa dilakukan pebalap lain,"" ucapnya seperti dilansirMotosan. ""Kita selalu bersulang untuk Marquez. Dalam beberapa Grand Prix terakhir, kita selalu bersulang untuknya, sekarang sudah dua kali berturut-turut. Jika dia adalah Marquez empat atau lima tahun lalu, saya akan mengatakan tidak ada yang seperti dia dalam hal cara dia membalap, meskipun terkadang dia terjatuh.""  ""Sekarang, gaya balapnya juga sudah berubah: dia tidak lagi terjatuh, dia mengelola situasi yang dihadapinya. Karena waktu terus berjalan, dia pernah mengalami masalah pada bahu, tetapi dia mampu mengatasi semuanya. Dan dia mengelolanya dengan sangat baik sampai-sampai, dalam tanda kutip, dia membuat pebalap lain terjatuh. Bukan karena dia mendorong mereka, tentu saja."" Pernyataan Pernat tersebut muncul setelah Marquez tampil dominan di Misano. Ia berhasil mengambil alih posisi terdepan setelah Marco Bezzecchi terjatuh dan kemudian menahan tekanan Jorge Martin sebelum meraih kemenangan. Marc Marquez kini berada di puncak klasemen MotoGP 2026 dengan 274 poin, sama dengan Jorge Martin tetapi unggul jumlah kemenangan. Kemenangan di Misano menjadi kemenangan GP kelimanya dalam tujuh balapan terakhir.","['seri', 'motogp', 'marc', 'marquez', 'sukses', 'sapu', 'bersih', 'poin', 'maksimal', 'tampil', 'rider', 'ducati', 'amat', 'motogp', 'carlo', 'pernat', 'sebut', 'makhluk', 'mars', 'marquez', 'sapu', 'bersih', 'motogp', 'san', 'marino', 'misano', 'raih', 'menang', 'sprint', 'race', 'balap', 'utama', 'aman', 'poin', 'pekan', 'hasil', 'lanjut', 'performa', 'apik', 'marquez', 'seri', 'raih', 'poin', 'motogp', 'aragon', 'marc', 'kumpul', 'poin', 'maksimal', 'seri', 'untun', 'scroll', 'to', 'continue', 'with', 'content', 'pernat', 'marquez', 'beda', 'cepat', 'gaya', 'balap', 'rider', 'spanyol', 'nilai', 'ubah', 'iring', 'tambah', 'usia', 'alam', 'pernat', 'nilai', 'marquez', 'kendali', 'situasi', 'balap', 'banding', 'ambil', 'risiko', 'ujung', 'crash', 'baca', 'kondisi', 'kelola', 'balap', 'marquez', 'makhluk', 'mars', 'iring', 'tambah', 'usia', 'alami', 'kelola', 'balap', 'balap', 'dilansirmotosan', 'sulang', 'marquez', 'grand', 'prix', 'sulang', 'untuk', 'kali', 'berturutturut', 'marquez', 'balap', 'terkadang', 'jatuh', 'gaya', 'balap', 'ubah', 'jatuh', 'kelola', 'situasi', 'hadap', 'jalan', 'alami', 'bahu', 'atas', 'kelola', 'sampaisampai', 'tanda', 'kutip', 'balap', 'jatuh', 'dorong', 'nyata', 'pernat', 'muncul', 'marquez', 'tampil', 'dominan', 'misano', 'hasil', 'ambil', 'alih', 'posisi', 'depan', 'marco', 'bezzecchi', 'jatuh', 'tahan', 'tekan', 'jorge', 'martin', 'raih', 'menang', 'marc', 'marquez', 'puncak', 'klasemen', 'motogp', 'poin', 'jorge', 'martin', 'unggul', 'menang', 'menang', 'misano', 'menang', 'gp', 'lima', 'tujuh', 'balap']",Sport
"Alwi Farhan, Moh Zaki Ubaidillah dan Muhamad Yusuf memetik pelajaran berharga dari Kento Momota. Itu untuk modal tampil diAsian Games 2026. Tim bulutangkis Indonesia telah menyelesaikan rangkaian pemusatan latihan di Tokyo dan akan bertolak ke Nagoya pada Kamis (17/9) pagi untuk masuk ke perkampungan atlet. Pada training camp terakhir tim bulutangkis di Tokyo, Momota menjadi mentor sekaligus sparring partner tim tunggal putra Indonesia. SCROLL TO CONTINUE WITH CONTENT  Tiga dari empat tunggal putra Indonesia yaitu Alwi, Ubed sapaan akrab Moh Zaki Ubaidillah, dan Yusuf, berstatus debutan dan akan menjadi andalan tim bulutangkis di Asian Games Aichi-Nagoya 2026. Selain ada Jonatan Christie. ""Kami tahu Kento Momota sesuperior apa dulu jadi bisa bermain bareng hari ini pastinya senang dan sebuah kehormatan. Pengalaman yang tidak bisa dilupakan,"" kata Alwi dalam keterangan tertulisnya, Rabu (16/9/2026). ""Senang bisa berbagi lapangan dengan dia, tadi juga Momota sempat memberikan evaluasi dan masukan tentang cara main ke saya,"" ucap Ubed. Bagi Alwi dan Ubed, walaupun ini Asian Games pertama, namun mereka punya pengalaman memperkuat Indonesia untuk ajang dengan persaingan ketat seperti SEA Games, Piala Sudirman, hingga Piala Thomas. ""Pastinya kami bersyukur dan senang juga bisa mewakili Indonesia di Asian Games. Kami ingin memaksimalkan kesempatan yang ada. Ini Asian Games pertama dan dengan hasil kemarin di SEA Games untuk saya dan Ubed cukup meyakinkan jadi ada modal bagus untuk ke multievent yang levelnya lebih tinggi,"" ucap Alwi. ""Persiapan individunya sejauh ini Alhamdulillah cukup lancar. Persiapan bersama tim pun juga berjalan dengan baik. Kami siap untuk bertanding di minggu depan,"" tambah Ubed.  Berbeda dengan Yusuf yang belum punya pengalaman tampil di turnamen besar. Dukungan senior sangat berguna baginya untuk meningkatkan percaya diri. ""Pastinya awal-awal ada groginya tapi dari senior terus mengingatkan buat lebih enjoy saja,"" ucap Yusuf. ""Mereka selalu berpesan untuk menganggap ini seperti turnamen individu saja. Tetap fokus, semangat dan lebih tenang,"" ujarnya. Asian Games Aichi-Nagoya 2026 cabang bulutangkis bergulir pada 20-24 September (beregu) dan 25-29 September (perorangan) di Ichinomiya City Municipal Gymnasium, Aichi, Jepang.  ","['alwi', 'farhan', 'moh', 'zaki', 'ubaidillah', 'muhamad', 'yusuf', 'petik', 'ajar', 'harga', 'kento', 'momota', 'modal', 'tampil', 'asi', 'games', 'tim', 'bulutangkis', 'indonesia', 'selesai', 'rangkai', 'pusat', 'latih', 'tokyo', 'tolak', 'nagoya', 'kamis', 'pagi', 'masuk', 'kampung', 'atlet', 'training', 'camp', 'tim', 'bulutangkis', 'tokyo', 'momota', 'mentor', 'sparring', 'partner', 'tim', 'tunggal', 'putra', 'indonesia', 'scroll', 'to', 'continue', 'with', 'content', 'tunggal', 'putra', 'indonesia', 'alwi', 'ubed', 'sapa', 'akrab', 'moh', 'zaki', 'ubaidillah', 'yusuf', 'status', 'debut', 'andal', 'tim', 'bulutangkis', 'asi', 'games', 'aichinagoya', 'jonatan', 'christie', 'kento', 'momota', 'superior', 'main', 'bareng', 'pasti', 'senang', 'hormat', 'alam', 'lupa', 'alwi', 'terang', 'tulis', 'rabu', 'senang', 'bagi', 'lapang', 'momota', 'evaluasi', 'masuk', 'main', 'ubed', 'alwi', 'ubed', 'asi', 'games', 'alam', 'kuat', 'indonesia', 'ajang', 'saing', 'ketat', 'sea', 'games', 'piala', 'sudirman', 'piala', 'thomas', 'pasti', 'syukur', 'senang', 'wakil', 'indonesia', 'asi', 'games', 'maksimal', 'sempat', 'asi', 'games', 'hasil', 'kemarin', 'sea', 'games', 'ubed', 'modal', 'bagus', 'multievent', 'level', 'alwi', 'siap', 'individu', 'alhamdulillah', 'lancar', 'siap', 'tim', 'jalan', 'tanding', 'minggu', 'ubed', 'beda', 'yusuf', 'alam', 'tampil', 'turnamen', 'dukung', 'senior', 'guna', 'bagi', 'tingkat', 'percaya', 'pasti', 'awalawal', 'grogi', 'senior', 'enjoy', 'yusuf', 'pesan', 'anggap', 'turnamen', 'individu', 'fokus', 'semangat', 'tenang', 'asi', 'games', 'aichinagoya', 'cabang', 'bulutangkis', 'gulir', 'september', 'regu', 'september', 'orang', 'ichinomiya', 'city', 'municipal', 'gymnasium', 'aichi', 'jepang']",Sport
"Di tengah viral insiden cepirit pada ajangHyrox, ada atlet Malaysia mengaku sebaliknya. Ia didiskualifikasi karena pergi ke toilet. Melansir The Rakyat post, adalah Zarif Zakaria yang kena apes. Atlet Malaysia itu didiskualifikasi dari Hyrox Bangkok, Thailand, bulan lalu. Gara-garanya, ia mengaku sempat pergi ke toilet sebelum perlombaan dimulai. Zarif jadi agak telat, dan akhirnya malah didiskualifikasi. SCROLL TO CONTINUE WITH CONTENT Hal itu ia bagikan di media sosial Threads-nya. Ia kesal sebab pada ajangHyroxBeijing, atletJoanna Wietrzykjustru diperbolehkan menyelesaikan perlombaan meski cepirit dan kotorannya ke mana-mana. ""Saya kena DQ cuma karena pergi ke toilet sebelum perlombaan. Kok bisa orang ikut lomba saat kena diare dan tidak didiskualifikasi,"" tulisnya. Zarif juga membagikan foto aksinya di Hyrox Bangkok dan catatan waktunya. Ada keterangan tertulis DQ atau diskualifikasi di catatan waktunya.  Saat disinggung soal alasan kenapa bisa didiskualifikasi, Zarif menjelaskan dirinya memang telat ikut start. Namun, ia tetap mempertanyakan kenapa ada atlet yang mencret dan tetap diperbolehkan ikut lomba. Unggahan itu ia buat menanggapi insiden viral di Hyrox Beijing akhir pekan lalu. Pemegang rekor dunia, Joanna Wietrzyk, kedapatan berlomba meski cepirit di tengah sesi. Atlet asal Australia itu mengalami diare hingga mencret di celana, namun tetap melanjutkan race. Kotorannya mengalir di kakinya, dan fotonya viral di media sosial. Wietrzyk akhirnya bisa menyelesaikan perlombaan, bahkan memenangkannya. Ia kemudian mengunggah foto sedang di rumah sakit, dan menyindir mereka yang mengkritiknya. Hyroxkemudian disorot karena dianggap mengabaikan protokol kesehatan dan standar perlombaannya. Sempat pasang badan, pendiri olahraga indoor itu, Moritz Furste, akhirnya meminta maaf dan akan mengubah aturanHyroxgara-gara insiden tersebut.","['viral', 'insiden', 'cepirit', 'ajanghyrox', 'atlet', 'malaysia', 'aku', 'diskualifikasi', 'pergi', 'toilet', 'lansir', 'the', 'rakyat', 'post', 'zarif', 'zakaria', 'kena', 'apes', 'atlet', 'malaysia', 'diskualifikasi', 'hyrox', 'bangkok', 'thailand', 'garagaranya', 'aku', 'pergi', 'toilet', 'lomba', 'zarif', 'telat', 'diskualifikasi', 'scroll', 'to', 'continue', 'with', 'content', 'bagi', 'media', 'sosial', 'threadsnya', 'kesal', 'ajanghyroxbeijing', 'atletjoanna', 'wietrzykjustru', 'boleh', 'selesai', 'lomba', 'cepirit', 'kotor', 'manamana', 'kena', 'dq', 'pergi', 'toilet', 'lomba', 'orang', 'lomba', 'kena', 'diare', 'diskualifikasi', 'tulis', 'zarif', 'bagi', 'foto', 'aksi', 'hyrox', 'bangkok', 'catat', 'terang', 'tulis', 'dq', 'diskualifikasi', 'catat', 'singgung', 'alas', 'diskualifikasi', 'zarif', 'telat', 'start', 'atlet', 'mencret', 'boleh', 'lomba', 'unggah', 'tanggap', 'insiden', 'viral', 'hyrox', 'beijing', 'pekan', 'pegang', 'rekor', 'dunia', 'joanna', 'wietrzyk', 'dapat', 'lomba', 'cepirit', 'sesi', 'atlet', 'australia', 'alami', 'diare', 'mencret', 'celana', 'lanjut', 'race', 'kotor', 'alir', 'kaki', 'foto', 'viral', 'media', 'sosial', 'wietrzyk', 'selesai', 'lomba', 'menang', 'unggah', 'foto', 'rumah', 'sakit', 'sindir', 'kritik', 'hyroxkemudian', 'sorot', 'anggap', 'abai', 'protokol', 'sehat', 'standar', 'lomba', 'pasang', 'badan', 'diri', 'olahraga', 'indoor', 'moritz', 'furste', 'maaf', 'ubah', 'aturanhyroxgaragara', 'insiden']",Sport
"Dejan Fedinansyah/Felisha Alberta Nathaniel Pasaribu memberikan dukungan kepada dua pasangan ganda campuran Indonesia yang tampil di Asian Games 2026. Keduanya tak iri meski kesempatan tampil di multievent Asia belum datang kepada mereka. PBSI mengirimkan dua pasangan ganda campuran ke Asian Games Aichi-Nagoya 2026 yang berlangsung pada 19 September hingga 4 Oktober. Mereka adalah Amri Syahnawi/Nita Violina Marwah dan Nikolaus Joaquin/Siti Fadia Silva Ramadhanti. Amri/Nita merupakan pasangan ganda campuran murni. Sementara Joaquin/Fadia merupakan ""pasangan cabutan"" dari sektor ganda putra dan ganda putri. Tapi Dejan tetap memberikan dukungan kepada keduanya. SCROLL TO CONTINUE WITH CONTENT  ""Ada harapan lah. Ini juga buat Indonesia kok. Kalau mix double bagus, mau Amri/Nita, Joaquin/Fadia juga kan untuk Indonesia juga. Jadi kita doakan lah buat mereka,"" kata Dejan saat ditemui di Pelatnas PBSI, Cipayung, Rabu (16/9/2026). Dejan sejatinya juga memiliki keinginan untuk tampil di Asian Games. Apalagi, eks tandemnya, Fadia, kembali bermain di sektor ganda campuran. Namun, Dejan tak mempermasalahkan komposisi pasangan yang dipilih untuk Asian Games 2026. Ia menilai keputusan tersebut merupakan bagian dari strategi dan tetap ditujukan untuk kepentingan Indonesia.  ""Enggak lah. Ini kan strategi, akhirnya buat Indonesia juga. Belum rezekinya saja,"" lanjutnya soal komposisi pemain. Dejan tetap menyimpan ambisi untuk tampil di ajang multievent tersebut. Namun, untuk saat ini, ia memilih menatap target yang lebih besar, yakni Olimpiade. ""Pengen lah (main di Asian Games). Semua pasti ingin main Asian Games, cuma kan belum waktunya. Olimpiade? Amin. yang penting Itu saja, dan juara Olimpiade. Amin,"" pungkas Dejan.","['dejan', 'fedinansyahfelisha', 'alberta', 'nathaniel', 'pasaribu', 'dukung', 'pasang', 'ganda', 'campur', 'indonesia', 'tampil', 'asi', 'games', 'iri', 'sempat', 'tampil', 'multievent', 'asia', 'pbsi', 'kirim', 'pasang', 'ganda', 'campur', 'asi', 'games', 'aichinagoya', 'september', 'oktober', 'amri', 'syahnawinita', 'violina', 'marwah', 'nikolaus', 'joaquinsiti', 'fadia', 'silva', 'ramadhanti', 'amrinita', 'pasang', 'ganda', 'campur', 'murni', 'joaquinfadia', 'pasang', 'cabut', 'sektor', 'ganda', 'putra', 'ganda', 'putri', 'dejan', 'dukung', 'scroll', 'to', 'continue', 'with', 'content', 'harap', 'indonesia', 'mix', 'double', 'bagus', 'amrinita', 'joaquinfadia', 'indonesia', 'doa', 'dejan', 'temu', 'pelatnas', 'pbsi', 'cipayung', 'rabu', 'dejan', 'sejati', 'milik', 'tampil', 'asi', 'games', 'eks', 'tandem', 'fadia', 'main', 'sektor', 'ganda', 'campur', 'dejan', 'masalah', 'komposisi', 'pasang', 'pilih', 'asi', 'games', 'nilai', 'putus', 'strategi', 'penting', 'indonesia', 'strategi', 'indonesia', 'rezeki', 'komposisi', 'main', 'dejan', 'simpan', 'ambisi', 'tampil', 'ajang', 'multievent', 'pilih', 'tatap', 'target', 'olimpiade', 'ken', 'main', 'asi', 'games', 'main', 'asi', 'games', 'olimpiade', 'amin', 'juara', 'olimpiade', 'amin', 'pungkas', 'dejan']",Sport
"Bagas Maulana/Apriyani Rahayu tak minder meski harus kembali berjuang dari nol. Mereka menjadi pasangan baru di sektor ganda campuran dan siap menjalankan peran sebagai pelapis Amri Syahnawi dkk. Seperti diketahui, Pelatih Kepala Ganda Campuran Nova Widianto mengubah komposisi sebagian pemain di sektor ganda campuran. Bagas/Apri pun mulai menjalankan status sebagai tandem sejak September ini. ""Pelatih pasti menginginkan ada pelapis untuk mix double dan kami ingin juga. Sekarang kami juga sudah pure main mix, tak bisa (pindah) ke ganda. Jadi kami mau memaksimalkan itu dan tak ingin menyia-nyiakan pelatih karena sudah dipercaya. Kami ingin membuktikan,"" kata Bagas di Pelatnas PBSI, Cipayung, Rabu (16/9/2026). SCROLL TO CONTINUE WITH CONTENT Baik Bagas maupun Apri sejatinya bukan atlet baru. Keduanya sudah berpengalaman dan mengoleksi gelar di turnamen besar dari sektor masing-masing, yakni ganda putra dan ganda putri. Bagas pernah menjuarai All England 2022 dan Korea Open 2024. Sementara Apri merupakan peraih medali emas Olimpiade 2020 di Tokyo.  Dengan status sebagai pemain yang sudah senior, matang, dan kenyang pengalaman, bukan tidak mungkin ada rasa minder ketika harus kembali membangun semuanya dari awal. Namun, hal itu tidak dirasakan Bagas/Apri. Pasangan yang sama-sama berusia 28 tahun itu justru melihat tugas tersebut sebagai tantangan baru yang harus dihadapi dengan jiwa petarung. ""Sebenarnya dilihat dari situ sudah matang. Cuma kami harus berpikir kembali lagi jangan berpikir seperti itu. Awal dari ganda putra, ke mix juga, sama harus dari nol lagi. Ini sebenarnya enggak apa-apa sih,"" ujar Bagas. ""Kalau jiwa petarung sih enggak ada begitu. Anggap saja ini tantangan baru. Gas lagi. Lagian masih muda kan,"" ucapnya mantap. Apri sepakat dengan Bagas. Baginya, keputusan pindah ke ganda campuran merupakan pembuktian bahwa dirinya masih mampu bersaing dan masih banyak hal yang bisa dieksplorasi.  ""Ini perubahan baru, tantangan buat saya untuk lebih, kenapa tak diambil karena saya merasa masih bisa. Dari diri sendiri merasa lebih mampu. Masih banyak yang bisa dieksplore, dan saya masih mau belajar lagi. Bagas juga sama ya sudah kita hajar saja,"" kata Apri. ""Challengesih. Tantangan baru juga buat kami. Kami tak ingin melihat, kami sudah lama nih di sini, sudah senior. Masih muda lah kami,"" tegasnya. Tak hanya itu, Bagas/Apri juga siap bekerja lebih keras. Sebagai pasangan baru, mereka belum memiliki peringkat di sektor ganda campuran. ""Kalau saya dan Bagas memang harus ekstra karena poin kami tak ada. Jadi harus ekstra banget. Harus benar-benar hasilnya yang baik saja. Yang bagus banget gitu. Bukan bagus saja. Karena modal buat poin kami tahun depan,"" kata Apri. ","['bagas', 'maulanaapriyani', 'rahayu', 'minder', 'juang', 'nol', 'pasang', 'sektor', 'ganda', 'campur', 'jalan', 'peran', 'lap', 'amri', 'syahnawi', 'dkk', 'latih', 'kepala', 'ganda', 'campur', 'nova', 'widianto', 'ubah', 'komposisi', 'main', 'sektor', 'ganda', 'campur', 'bagasapri', 'jalan', 'status', 'tandem', 'september', 'latih', 'lap', 'mix', 'double', 'pure', 'main', 'mix', 'pindah', 'ganda', 'maksimal', 'menyianyiakan', 'latih', 'percaya', 'bukti', 'bagas', 'pelatnas', 'pbsi', 'cipayung', 'rabu', 'scroll', 'to', 'continue', 'with', 'content', 'bagas', 'apri', 'sejati', 'atlet', 'alam', 'koleksi', 'gelar', 'turnamen', 'sektor', 'masingmasing', 'ganda', 'putra', 'ganda', 'putri', 'bagas', 'juara', 'all', 'england', 'korea', 'open', 'apri', 'raih', 'medali', 'emas', 'olimpiade', 'tokyo', 'status', 'main', 'senior', 'matang', 'kenyang', 'alam', 'minder', 'bangun', 'rasa', 'bagasapri', 'pasang', 'samasama', 'usia', 'tugas', 'tantang', 'hadap', 'jiwa', 'tarung', 'situ', 'matang', 'pikir', 'pikir', 'ganda', 'putra', 'mix', 'nol', 'apaapa', 'sih', 'bagas', 'jiwa', 'tarung', 'sih', 'anggap', 'tantang', 'gas', 'muda', 'mantap', 'apri', 'sepakat', 'bagas', 'bagi', 'putus', 'pindah', 'ganda', 'campur', 'bukti', 'saing', 'eksplorasi', 'ubah', 'tantang', 'ambil', 'dieksplore', 'ajar', 'bagas', 'ya', 'hajar', 'apri', 'challengesih', 'tantang', 'nih', 'senior', 'muda', 'bagasapri', 'keras', 'pasang', 'milik', 'peringkat', 'sektor', 'ganda', 'campur', 'bagas', 'ekstra', 'poin', 'ekstra', 'banget', 'benarbenar', 'hasil', 'bagus', 'banget', 'gitu', 'bagus', 'modal', 'poin', 'apri']",Sport
"Ajang lari bergengsi Alfamart Run 2026 siap digelar di Plaza Parkir Timur Senayan, Gelora Bung Karno (GBK), Jakarta, Minggu (18/10). Gelaran olahraga yang dipadukan dengan ragam hiburan ini diikuti oleh 5.000 peserta terpilih. Tingginya antusiasme publik terlihat dari jumlah pencari tiket di aplikasi Alfagift dan mekanisme ballot yang sukses menembus angka 3,3 juta orang. Kompetisi lari berskala nasional ini sekaligus menjadi bagian dari kemeriahan perayaan ulang tahun ke-27 Alfamart. Marketing Director Alfamart Ryan Alfons Kaloh memaparkan ajang olahraga bergengsi ini sengaja dirancang sangat eksklusif. SCROLL TO CONTINUE WITH CONTENT ""Alfamart Run memang kami rancang eksklusif dengan jumlah peserta terbatas. Tahun ini slot kami tambah menjadi 5.000 peserta, namun antusiasmenya jauh lebih besar. Sekitar 3,3 juta orang mengikuti war ticket melalui Alfagift. Artinya, tingginya peminat memang belum sebanding dengan kapasitas yang tersedia,"" papar Ryan pada keterangan tertuilsnya, Rabu (16/9/2026). Ryan menyebut antusiasme peserta dari berbagai daerah selalu sangat luar biasa setiap tahunnya. ""Peserta Alfamart Run tidak hanya berasal dari Jabodetabek. Pada penyelenggaraan sebelumnya, kami melihat ada peserta yang datang dari Bandung, Yogyakarta, Surabaya, bahkan dari luar Pulau Jawa. Jadi memang antusiasmenya cukup luas,"" ungkap Ryan. Daya tarik utama perhelatan kelima ini terletak pada goodie bag spektakuler dengan berat mencapai 50 kilogram. Peserta bisa membawa pulang berbagai produk makanan, minuman, hingga kebutuhan rumah tangga senilai lebih dari Rp 4 juta. Tas berukuran jumbo tersebut diproduksi secara khusus dengan menggandeng UMKM Intako Tanggulangin asal Sidoarjo. ""Peserta Alfamart Run bukan hanya mendapatkan pengalaman berlari. Setelah mencapai garis finis, mereka juga membawa pulang goodie bag dengan isi yang cukup banyak, bahkan bobotnya mencapai sekitar 50 kilogram,"" jelas Ryan. Pihaknya menegaskan buah tangan seberat puluhan kilogram tersebut merupakan bentuk apresiasi tertinggi dari perusahaan untuk para pelari. ""Kami ingin memberikan pengalaman yang lebih bagi 5.000 peserta yang tahun ini berhasil mendapatkan tiket,"" sambungnya. Alfamart telah menyiapkan total hadiah podium senilai Rp 250 juta bagi 252 pelari tercepat di kategori lomba 5K dan 10K. Terdapat pula pengundian doorprize fantastis berupa dua unit mobil listrik Wuling Aira EV. Perhelatan sport entertainment ini turut dimeriahkan oleh penampilan Padi Reborn hingga Brand Ambassador Ibnu Jamil dan Ririn Ekawati. Acara ramah lingkungan ini mengusung konsep keberlanjutan lewat penggunaan jersey hasil daur ulang 12 botol plastik. Menteri Pemuda dan Olahraga Republik Indonesia Erick Thohir turut memberikan apresiasinya terhadap penyelenggaraan ini. Alfamart Run dinilai sukses mendorong gaya hidup aktif dan memperluas ekosistem olahraga secara nasional.","['ajang', 'lari', 'gengsi', 'alfamart', 'run', 'gelar', 'plaza', 'parkir', 'timur', 'senayan', 'gelora', 'karno', 'gbk', 'jakarta', 'minggu', 'gelar', 'olahraga', 'padu', 'ragam', 'hibur', 'ikut', 'serta', 'pilih', 'tinggi', 'antusiasme', 'publik', 'cari', 'tiket', 'aplikasi', 'alfagift', 'mekanisme', 'ballot', 'sukses', 'tembus', 'angka', 'juta', 'orang', 'kompetisi', 'lari', 'skala', 'nasional', 'riah', 'raya', 'ulang', 'alfamart', 'marketing', 'director', 'alfamart', 'ryan', 'alfons', 'kaloh', 'papar', 'ajang', 'olahraga', 'gengsi', 'sengaja', 'rancang', 'eksklusif', 'scroll', 'to', 'continue', 'with', 'content', 'alfamart', 'run', 'rancang', 'eksklusif', 'serta', 'batas', 'slot', 'serta', 'antusiasme', 'juta', 'orang', 'ikut', 'war', 'ticket', 'alfagift', 'tinggi', 'minat', 'banding', 'kapasitas', 'sedia', 'papar', 'ryan', 'terang', 'tertuilsnya', 'rabu', 'ryan', 'sebut', 'antusiasme', 'serta', 'daerah', 'tahun', 'serta', 'alfamart', 'run', 'asal', 'jabodetabek', 'selenggara', 'serta', 'bandung', 'yogyakarta', 'surabaya', 'pulau', 'jawa', 'antusiasme', 'luas', 'ryan', 'daya', 'tarik', 'utama', 'helat', 'letak', 'goodie', 'bag', 'spektakuler', 'berat', 'capai', 'kilogram', 'serta', 'bawa', 'pulang', 'produk', 'makan', 'minum', 'butuh', 'rumah', 'tangga', 'nila', 'rp', 'juta', 'tas', 'ukur', 'jumbo', 'produksi', 'khusus', 'gandeng', 'umkm', 'intako', 'tanggulangin', 'sidoarjo', 'serta', 'alfamart', 'run', 'alam', 'lari', 'capai', 'garis', 'finis', 'bawa', 'pulang', 'goodie', 'bag', 'isi', 'bobot', 'capai', 'kilogram', 'ryan', 'buah', 'tangan', 'berat', 'puluh', 'kilogram', 'bentuk', 'apresiasi', 'tinggi', 'usaha', 'lari', 'alam', 'serta', 'hasil', 'tiket', 'sambung', 'alfamart', 'total', 'hadiah', 'podium', 'nila', 'rp', 'juta', 'lari', 'cepat', 'kategori', 'lomba', 'k', 'k', 'undi', 'doorprize', 'fantastis', 'unit', 'mobil', 'listrik', 'wuling', 'aira', 'ev', 'helat', 'sport', 'entertainment', 'riah', 'tampil', 'padi', 'reborn', 'brand', 'ambassador', 'ibnu', 'jamil', 'ririn', 'ekawati', 'acara', 'ramah', 'lingkung', 'usung', 'konsep', 'lanjut', 'guna', 'jersey', 'hasil', 'daur', 'ulang', 'botol', 'plastik', 'menteri', 'pemuda', 'olahraga', 'republik', 'indonesia', 'erick', 'thohir', 'apresiasi', 'selenggara', 'alfamart', 'run', 'nilai', 'sukses', 'dorong', 'gaya', 'hidup', 'aktif', 'luas', 'ekosistem', 'olahraga', 'nasional']",Sport
"Pasangan baru ganda campuranDejan Ferdinansyah/Felisha Alberta Nathaniel Pasaribuakan menjalani tur Eropa dalam waktu dekat. Mereka lapar gelar! Dejan/Felisha diumumkan menjadi tandem sejak Nova Widianto masuk sebagai pelatih ganda campuran diPelatnas PBSI.Saat ini, keduanya masih dalam tahap mematangkan chemistry. ""Lebih ke polanya seperti apa, mainnya seperti apa, karena satu sama lain sudah tahu lah cara mix double main. Cuma lebih ke kebiasaannya saja sih. Seperti 'Oh mainnya seperti ini, polanya seperti ini'. Memadukan seperti itunya yang masih harus dicari-cari lagi,"" ujar Dejan saat ditemui di Pelatnas PBSI, Cipayung, Rabu (16/9/2026). SCROLL TO CONTINUE WITH CONTENT  Bagi Dejan, perubahan pasangan bukan hal baru. Sejak bergabung Pelatnas pada awal Januari 2025, ini menjadi kali keempat ia berganti pasangan.Tiga pasangan sebelumnya yaitu Siti Fadia Silva Ramadhanti, Bernadine Anindya Wardana, dan Apriyani Rahayu. Ia berharap duetnya dengan Felisha bisa lebih langgeng dan berprestasi.Kendati pada akhirnya, status pasangan baru tersebut membuat keduanya kembali merintis dari awal. ""Harapannya prestasinya jauh lebih dari sebelumnya. Kalau prestasi bagus, ya pasti lama (tandemnya). Ya semoga ini jadi awal mula kebangkitan,"" katanya.  Sementara bagi Felisha, setelah cukup lama absen dari turnamen BWF, dia mengaku sudah sangat lapar untuk kembali bertanding dengan partner barunya. Felisha terakhir kali bertanding di Indonesia Open Juni 2026. Rencananya, mereka akan tampil Denmark Open mulai 13-18 Oktober dan French Open pada 20-25 Oktober mendatang. ""Saya sudah lapar pertandingan. Lapar. Dalam arti ya seperti, orang lagi kelaparan, maksudnya nafsu banget. Saya kondisinya begitu. Lapar juara? Ya lapar juara bukan lapar pertandingan,"" tegasnya. Melihat optimisme Felisha, Dejan tak kalah antusias. Dia merasa terpacu dengan semangat rekannya tersebut. ""Ya bagus lah. Dia saja sudah lapar apalagi saya. Saya senang sih bisa main level atas, dikasih lagi kepercayaan di sana. Tujuan saya ke sini adalah ingin cari prestasi. Apalagi ada kesempatan seperti ini, pasti lah, dia lapar, saya mau makan. Kita makan prestasinya,"" ucap Dejan","['pasang', 'ganda', 'campurandejan', 'ferdinansyahfelisha', 'alberta', 'nathaniel', 'pasaribuakan', 'jalan', 'tur', 'eropa', 'lapar', 'gelar', 'dejanfelisha', 'umum', 'tandem', 'nova', 'widianto', 'masuk', 'latih', 'ganda', 'campur', 'dipelatnas', 'pbsisaat', 'tahap', 'matang', 'chemistry', 'pola', 'main', 'mix', 'double', 'main', 'biasa', 'sih', 'oh', 'main', 'pola', 'madu', 'itu', 'dicaricari', 'dejan', 'temu', 'pelatnas', 'pbsi', 'cipayung', 'rabu', 'scroll', 'to', 'continue', 'with', 'content', 'dejan', 'ubah', 'pasang', 'gabung', 'pelatnas', 'januari', 'kali', 'empat', 'ganti', 'pasangantiga', 'pasang', 'siti', 'fadia', 'silva', 'ramadhanti', 'bernadine', 'anindya', 'wardana', 'apriyani', 'rahayu', 'harap', 'duet', 'felisha', 'langgeng', 'berprestasikendati', 'status', 'pasang', 'rintis', 'harap', 'prestasi', 'prestasi', 'bagus', 'ya', 'tandem', 'ya', 'moga', 'bangkit', 'felisha', 'absen', 'turnamen', 'bwf', 'aku', 'lapar', 'tanding', 'partner', 'baru', 'felisha', 'kali', 'tanding', 'indonesia', 'open', 'juni', 'rencana', 'tampil', 'denmark', 'open', 'oktober', 'french', 'open', 'oktober', 'lapar', 'tanding', 'lapar', 'arti', 'ya', 'orang', 'lapar', 'maksud', 'nafsu', 'banget', 'kondisi', 'lapar', 'juara', 'ya', 'lapar', 'juara', 'lapar', 'tanding', 'optimisme', 'felisha', 'dejan', 'kalah', 'antusias', 'pacu', 'semangat', 'rekan', 'ya', 'bagus', 'lapar', 'senang', 'sih', 'main', 'level', 'kasih', 'percaya', 'tuju', 'cari', 'prestasi', 'sempat', 'lapar', 'makan', 'makan', 'prestasi', 'dejan']",Sport
"Grid MotoGP 2027 akhirnya lengkap. Senna Agius resmi naik kelas dari Moto2 ke MotoGP dan akan memperkuat Tech3 KTM mulai musim depan. Pebalap Australia berusia 21 tahun itu menjadi bagian dari line-up baru Tech3 bersama Luca Marini. Kepastian tersebut sekaligus melengkapi susunan pebalap MotoGP untuk musim 2027. Agius akan menjalani debutnya di kelas premier pada era baru MotoGP. Mulai musim depan, MotoGP menggunakan mesin 850 cc dan ban Pirelli. SCROLL TO CONTINUE WITH CONTENT Tech3 KTM resmi mengumumkan Agius sebagai pebalap untuk MotoGP 2027. Rider kelahiran Australia itu mendapatkan kesempatan naik kelas setelah menunjukkan performa kompetitif di Moto2. Agius sudah mengoleksi empat kemenangan di Moto2. Ia juga menjadi salah satu pebalap yang akan menjalani debut MotoGP pada musim 2027.  Selain Agius, ada empat rookie lainnya yang diproyeksikan tampil di MotoGP musim depan. Mereka adalah David Alonso, Dani Holgado, Izan Guevara, dan Nicolo Bulega. Alonso, Holgado, dan Guevara merupakan pebalap yang berasal dari Moto2. Sementara Bulega naik ke MotoGP setelah berkiprah di WorldSBK. Agius menyambut kepastian tersebut sebagai pencapaian besar dalam kariernya. ""Hari ini, saya sudah mewujudkan sebuah impian jangka panjang: menembus MotoGP,"" kata Agius seperti dilansirCrash.net. ""Saya sudah bekerja keras selama bertahun-tahun untuk mencapai momen ini. Saya sangat berterima kasih kepada Guenther dan seluruh orang di Tech3 yang percaya kepada saya dan memberikan kesempatan ini."" ""Saya tidak sabar membalas kepercayaan mereka. Saya tahu tantangan yang menanti, tetapi saya siap belajar, bekerja keras, dan menjadi versi terbaik dari diri saya bersama tim ini,"" tuturnya.  Kepastian promosi ke MotoGP datang ketika Agius masih bersaing di Moto2 2026. Agius sudah empat kali memenangi balapan Moto2. Ia juga meraih pole position untuk Moto2 San Marino di Misano. Namun, akhir pekannya di Misano berakhir mengecewakan. Agius tersingkir pada Tikungan 1 dan gagal menyelesaikan balapan. Insiden tersebut juga membuat posisinya di klasemen Moto2 turun ke peringkat keempat dengan 149 poin. Tapi performanya sepanjang musim sudah cukup untuk meyakinkan Tech3 KTM memberinya kesempatan tampil di MotoGP. Manajer tim Tech3 Nicolas Goyon menyebut Agius memiliki kecepatan dan mentalitas untuk menghadapi tantangan baru di MotoGP.  ""Senna telah menunjukkan sepanjang kariernya di Moto2 bahwa dia memiliki kecepatan dan mentalitas untuk menghadapi tantangan baru ini. Dia masih muda, jadi ada banyak potensi yang bisa kami kembangkan bersama, dan kami senang menjadi bagian dari tahap berikutnya dalam kariernya."" Goyon juga menilai perubahan regulasi MotoGP pada 2027 menjadi tantangan tersendiri bagi seluruh pebalap. MotoGP akan menggunakan mesin 850 cc, sementara Pirelli menjadi pemasok ban menggantikan Michelin. Menurut Goyon, situasi tersebut juga membuka peluang bagi Tech3 dan Agius untuk membangun sesuatu bersama sejak awal era baru. ""Senna sangat ingin belajar, dia bekerja keras, dan dia sudah menunjukkan bahwa dia mampu bersaing di barisan depan. Kami sangat senang dia bergabung dengan Tech3 dan tidak sabar melihat apa yang bisa kami capai bersama."" Promosi Agius membuat Australia tetap memiliki wakil di grid MotoGP 2027. Jack Miller dipastikan pindah ke WorldSBK mulai musim depan. Miller telah menandatangani kontrak dengan Yamaha untuk tampil di WorldSBK pada 2027 dan 2028. Dengan demikian, Agius akan menjadi satu-satunya rider Australia di grid MotoGP musim depan. Kehadirannya juga bertepatan dengan masuknya Adelaide ke kalender MotoGP. Mulai 2027, Grand Prix Australia akan digelar di Adelaide, menggantikan Phillip Island sebagai tuan rumah. ","['grid', 'motogp', 'lengkap', 'senna', 'agius', 'resmi', 'kelas', 'moto', 'motogp', 'kuat', 'tech', 'ktm', 'musim', 'balap', 'australia', 'usia', 'lineup', 'tech', 'luca', 'marini', 'pasti', 'lengkap', 'susun', 'balap', 'motogp', 'musim', 'agius', 'jalan', 'debut', 'kelas', 'premier', 'era', 'motogp', 'musim', 'motogp', 'mesin', 'cc', 'ban', 'pirelli', 'scroll', 'to', 'continue', 'with', 'content', 'tech', 'ktm', 'resmi', 'umum', 'agius', 'balap', 'motogp', 'rider', 'lahir', 'australia', 'sempat', 'kelas', 'performa', 'kompetitif', 'moto', 'agius', 'koleksi', 'menang', 'moto', 'salah', 'balap', 'jalan', 'debut', 'motogp', 'musim', 'agius', 'rookie', 'proyeksi', 'tampil', 'motogp', 'musim', 'david', 'alonso', 'dan', 'holgado', 'izan', 'guevara', 'nicolo', 'bulega', 'alonso', 'holgado', 'guevara', 'balap', 'asal', 'moto', 'bulega', 'motogp', 'kiprah', 'worldsbk', 'agius', 'sambut', 'pasti', 'capai', 'karier', 'wujud', 'impi', 'jangka', 'tembus', 'motogp', 'agius', 'dilansircrashnet', 'keras', 'bertahuntahun', 'capai', 'momen', 'terima', 'kasih', 'guenther', 'orang', 'tech', 'percaya', 'sempat', 'sabar', 'balas', 'percaya', 'tantang', 'ajar', 'keras', 'versi', 'baik', 'tim', 'pasti', 'promosi', 'motogp', 'agius', 'saing', 'moto', 'agius', 'kali', 'tang', 'balap', 'moto', 'raih', 'pole', 'position', 'moto', 'san', 'marino', 'misano', 'pekan', 'misano', 'kecewa', 'agius', 'singkir', 'tikung', 'gagal', 'selesai', 'balap', 'insiden', 'posisi', 'klasemen', 'moto', 'turun', 'peringkat', 'empat', 'poin', 'performa', 'musim', 'tech', 'ktm', 'beri', 'sempat', 'tampil', 'motogp', 'manajer', 'tim', 'tech', 'nicolas', 'goyon', 'sebut', 'agius', 'milik', 'cepat', 'mentalitas', 'hadap', 'tantang', 'motogp', 'senna', 'karier', 'moto', 'milik', 'cepat', 'mentalitas', 'hadap', 'tantang', 'muda', 'potensi', 'kembang', 'senang', 'tahap', 'karier', 'goyon', 'nilai', 'ubah', 'regulasi', 'motogp', 'tantang', 'sendiri', 'balap', 'motogp', 'mesin', 'cc', 'pirelli', 'pasok', 'ban', 'ganti', 'michelin', 'goyon', 'situasi', 'buka', 'peluang', 'tech', 'agius', 'bangun', 'era', 'senna', 'ajar', 'keras', 'saing', 'baris', 'senang', 'gabung', 'tech', 'sabar', 'capai', 'promosi', 'agius', 'australia', 'milik', 'wakil', 'grid', 'motogp', 'jack', 'miller', 'pindah', 'worldsbk', 'musim', 'miller', 'menandatangani', 'kontrak', 'yamaha', 'tampil', 'worldsbk', 'agius', 'satusatunya', 'rider', 'australia', 'grid', 'motogp', 'musim', 'hadir', 'tepat', 'masuk', 'adelaide', 'kalender', 'motogp', 'grand', 'prix', 'australia', 'gelar', 'adelaide', 'ganti', 'phillip', 'island', 'tuan', 'rumah']",Sport
"Ganda putriFebriana Dwipuji Kusuma/Meilysa Trias Puspitasarimenyatakan siap tempur diAsian Games Aichi-Nagoya 2026.Meski berstatus debutan dan senior, keduanya sepakat menargetkan medali. Ana/Trias merupakan salah satu pasangan ganda putri yang diturunkan PBSI di multievent terbesar se-Asia empat tahunan tersebut. ""Target ada cuma kita harus fokus satu-satu. Medali,"" kata Trias kepada pewarta di Pelatnas PBSI, Cipayung. SCROLL TO CONTINUE WITH CONTENT  Asian Games tahun ini bakal menjadi pengalaman yang berbeda bagi keduanya. Trias akan melakoni Asian Games pertamanya, sementara Ana sudah yang kedua. ""Persiapan sejauh ini cukup baik. Apa yang perlu diperbaiki, akan terus kami perbaiki setiap hari,"" kata Ana, yang mengaku senang kembali dipercaya tampil di Asian Games. ""Saya senang bisa bermain Asian Games untuk kedua kalinya. Ini benar-benar menjadi kesempatan besar bagi kami untuk menunjukkan yang terbaik,"" lanjutnya. ""Rasanya mungkin lebih senang pertama. Yang kedua, mempersiapkan mainnya mau gimana,"" tambahnya.  Sementara Trias mengaku tidak gugup meski ini Asian Games pertamanya. Pengalaman bermain beregu di SEA Games membuatnya lebih tenang. ""Ini Asian Games yang pertama. Kekuatan. Aku sedang meningkatkan kekuatanku. Aku sudah terbiasa bermain beregu di SEA Games, jadi aku netral saja,"" ungkap Trias. Keduanya juga saling berbagi demi menjaga kekompakan satu sama lain. ""Kami selalu sharing apa yang perlu diperbaiki, apa yang sudah baik, dan apa yang perlu ditingkatkan. Kami selalu berkomunikasi, tidak hanya dengan Trias, tetapi juga dengan para pelatih kami,"" kata Ana. Menyoal janji pemerintah terkait bonus Rp3 Miliar bagi peraih emas Asian Games, Ana menyebut hal tersebut sebagai motivasi tambahan. Tapi ia juga tak ingin jadi mengganggu fokus. ""Tentu kita semakin semangat mendengar itu tapi harus lebih fokus dalam mainnya, match per match. Nanti hasil akan mengikuti dengan usaha kita,"" tegasnya. ","['ganda', 'putrifebriana', 'dwipuji', 'kusumameilysa', 'trias', 'puspitasarimenyatakan', 'tempur', 'asi', 'games', 'aichinagoya', 'status', 'debut', 'senior', 'sepakat', 'target', 'medali', 'anatrias', 'salah', 'pasang', 'ganda', 'putri', 'turun', 'pbsi', 'multievent', 'besar', 'seasia', 'tahun', 'target', 'fokus', 'satusatu', 'medali', 'trias', 'warta', 'pelatnas', 'pbsi', 'cipayung', 'scroll', 'to', 'continue', 'with', 'content', 'asi', 'games', 'alam', 'beda', 'trias', 'lakon', 'asi', 'games', 'pertama', 'ana', 'siap', 'baik', 'baik', 'ana', 'aku', 'senang', 'percaya', 'tampil', 'asi', 'games', 'senang', 'main', 'asi', 'games', 'kali', 'benarbenar', 'sempat', 'baik', 'senang', 'main', 'gimana', 'trias', 'aku', 'gugup', 'asi', 'games', 'pertama', 'alam', 'main', 'regu', 'sea', 'games', 'buat', 'tenang', 'asi', 'games', 'kuat', 'tingkat', 'kuat', 'biasa', 'main', 'regu', 'sea', 'games', 'netral', 'trias', 'bagi', 'jaga', 'kompak', 'sharing', 'baik', 'tingkat', 'komunikasi', 'trias', 'latih', 'ana', 'soal', 'janji', 'perintah', 'kait', 'bonus', 'rp', 'miliar', 'raih', 'emas', 'asi', 'games', 'ana', 'sebut', 'motivasi', 'tambah', 'ganggu', 'fokus', 'semangat', 'dengar', 'fokus', 'main', 'match', 'match', 'hasil', 'ikut', 'usaha']",Sport
"MotoGP 2026 berlanjut ke Austria akhir pekan ini. Red Bull Ring menjadi arena seri ke-15 musim ini, dengan persaingan perebutan posisi teratas klasemen yang semakin panas setelah Marc Marquez merebut puncak klasemen MotoGP dari Jorge Martin walaupun kedua rider punya poin yang sama. Marquez untuk pertama kalinya memimpin klasemen MotoGP musim ini setelah meraih kemenangan ganda di Misano, ditambah hasil Jorge Martin yang finis kelima. Hasil itu membuat persaingan klasemen makin sengit dengan kedua rider kini memiliki jumlah poin: 274. Namun, Marquez berhak berada di posisi teratas karena memiliki jumlah kemenangan balapan utama lebih banyak. Marquez sudah mengoleksi lima kemenangan Grand Prix musim ini, sedangkan Martin baru meraih satu kemenangan. SCROLL TO CONTINUE WITH CONTENT  Martin sebelumnya memimpin klasemen sejak seri Assen. Kini, juara bertahan MotoGP tersebut harus mempertahankan posisinya saat persaingan berlanjut di Red Bull Ring. GP Austria menjadi balapan kedua secara beruntun di Eropa setelah seri San Marino. Rangkaian MotoGP 2026 kemudian berlanjut ke Jepang sebelum Indonesia menjadi tuan rumah di Mandalika pada Oktober. Selain persaingan Marquez dan Martin, akhir pekan di Austria juga akan dimulai dengan rangkaian sesi latihan, kualifikasi, Sprint Race, hingga balapan utama. Jumat, 18 September 202614.00 WIB - Moto3 FP114.50 WIB - Moto2 FP115.45 WIB - MotoGP FP118.15 WIB - Moto3 Practice19.05 WIB - Moto2 Practice20.00 WIB - MotoGP Practice Sabtu, 19 September 202613.40 WIB - Moto3 FP214.25 WIB - Moto2 FP215.10 WIB - MotoGP FP215.50 WIB - Kualifikasi MotoGP17.45 WIB - Kualifikasi Moto318.40 WIB - Kualifikasi Moto220.00 WIB - MotoGP Sprint Minggu, 20 September 202614.40 WIB - MotoGP Warm Up16.00 WIB - Moto3 Race17.15 WIB - Moto2 Race19.00 WIB - MotoGP Race","['motogp', 'lanjut', 'austria', 'pekan', 'red', 'bull', 'ring', 'arena', 'seri', 'musim', 'saing', 'rebut', 'posisi', 'atas', 'klasemen', 'panas', 'marc', 'marquez', 'rebut', 'puncak', 'klasemen', 'motogp', 'jorge', 'martin', 'rider', 'poin', 'marquez', 'kali', 'pimpin', 'klasemen', 'motogp', 'musim', 'raih', 'menang', 'ganda', 'misano', 'tambah', 'hasil', 'jorge', 'martin', 'finis', 'hasil', 'saing', 'klasemen', 'sengit', 'rider', 'milik', 'poin', 'marquez', 'hak', 'posisi', 'atas', 'milik', 'menang', 'balap', 'utama', 'marquez', 'koleksi', 'menang', 'grand', 'prix', 'musim', 'martin', 'raih', 'menang', 'scroll', 'to', 'continue', 'with', 'content', 'martin', 'pimpin', 'klasemen', 'seri', 'assen', 'juara', 'tahan', 'motogp', 'tahan', 'posisi', 'saing', 'lanjut', 'red', 'bull', 'ring', 'gp', 'austria', 'balap', 'untun', 'eropa', 'seri', 'san', 'marino', 'rangkai', 'motogp', 'lanjut', 'jepang', 'indonesia', 'tuan', 'rumah', 'mandalika', 'oktober', 'saing', 'marquez', 'martin', 'pekan', 'austria', 'rangkai', 'sesi', 'latih', 'kualifikasi', 'sprint', 'race', 'balap', 'utama', 'jumat', 'september', 'wib', 'moto', 'fp', 'wib', 'moto', 'fp', 'wib', 'motogp', 'fp', 'wib', 'moto', 'practice', 'wib', 'moto', 'practice', 'wib', 'motogp', 'practice', 'sabtu', 'september', 'wib', 'moto', 'fp', 'wib', 'moto', 'fp', 'wib', 'motogp', 'fp', 'wib', 'kualifikasi', 'motogp', 'wib', 'kualifikasi', 'moto', 'wib', 'kualifikasi', 'moto', 'wib', 'motogp', 'sprint', 'minggu', 'september', 'wib', 'motogp', 'warm', 'up', 'wib', 'moto', 'race', 'wib', 'moto', 'race', 'wib', 'motogp', 'race']",Sport
"Papua- Mimika Sport Complex menjadi tempat anak-anak menempa kemampuan sepakbola. Di sana, mereka berlatih, belajar, dan mengejar mimpi menjadi pesepakbola profesional","['papua', 'mimika', 'sport', 'complex', 'anakanak', 'tempa', 'mampu', 'sepakbola', 'latih', 'ajar', 'kejar', 'mimpi', 'pesepakbola', 'profesional']",Sport
"Tak bisa dipungkiri bahwaDucatimasih jadi tolok ukur di MotoGP. Lantas, mengapaFabio Quartararotak mencoba bergabung dengan tim yang bernaung di Ducati? El Diabloakan mengakhiri kerja samanya selama delapan tahun dengan Yamaha pada akhir MotoGP 2026. Quartararo telah mengumumkan akan memperkuat Honda pabrikan mulai musim depan. Kesulitan Yamaha di empat musim terakhir jadi latar belakangnya. Quartararo belum lagi memenangi balapan sejak jadi kampiun di Sachsenring pada 2022 alias empat tahun lalu. Semakin mengecewakan karena Quartararo hanya sekali naik podium (P2) dalam 61 seri terakhir. SCROLL TO CONTINUE WITH CONTENT  Di tengah Yamaha yang jeblok, Ducati justru mendominasi. Para penunggang Desmosedici menyapu bersih empat musim terakhir dengan titel-titel juara dunia yang diraih Francesco Bagnaia (2), Jorge Martin, dan Marc Marquez. Enam pebalap telah dipastikan akan menunggangi motor Ducati pada 2027. Ducati pabrikan mengandalkan duet Marquez dan Pedro Acosta, sedangkan tim-tim satelit seperti Gresini dan VR46 menandemkan Joan Mir dan Daniel Holgado serta Fermin Adelguer dan Nicolo Bulega berturut-turut.  Fabio Quartararomenjelaskan alasannya memilih Honda sekaligus tak mencoba mendapatkan kursi pebalap di tim Ducati. ""Karena kupikir Honda, selama beberapa tahun sampai sekarang, telah menjalani periode di mana mereka ingin juara lagi,"" ujar rider Prancis ini. ""Honda mengerahkan seluruh sumber daya yang mereka punya untuk comeback. Dengan perubahan regulasi, motor-motor baru, dan ban baru, kurasa Honda bisa membuat kejutan dan memproduksi sebuah motor yang sangat kompetitif."" ""Kami pernah bertemu dengan beberapa pabrikan, termasuk Honda. Di pertemuan-pertemuan itu, aku punya banyak sekali pertanyaan, dan tidak hanya menjawab pertanyaan-pertanyaanku, mereka menunjukkan kepadaku banyak hal tentang proyek mereka yang membuatku memutuskan untuk bergabung,""Quartararomengatakan kepadaMotorsport.","['dipungkiri', 'bahwaducatimasih', 'tolok', 'ukur', 'motogp', 'lantas', 'mengapafabio', 'quartararotak', 'coba', 'gabung', 'tim', 'naung', 'ducati', 'el', 'diabloakan', 'kerja', 'sama', 'delapan', 'yamaha', 'motogp', 'quartararo', 'umum', 'kuat', 'honda', 'pabrikan', 'musim', 'sulit', 'yamaha', 'musim', 'latar', 'belakang', 'quartararo', 'tang', 'balap', 'kampiun', 'sachsenring', 'alias', 'kecewa', 'quartararo', 'podium', 'p', 'seri', 'scroll', 'to', 'continue', 'with', 'content', 'yamaha', 'jeblok', 'ducati', 'dominasi', 'tunggang', 'desmosedici', 'sapu', 'bersih', 'musim', 'titeltitel', 'juara', 'dunia', 'raih', 'francesco', 'bagnaia', 'jorge', 'martin', 'marc', 'marquez', 'enam', 'balap', 'tunggang', 'motor', 'ducati', 'ducati', 'pabrikan', 'andal', 'duet', 'marquez', 'pedro', 'acosta', 'timtim', 'satelit', 'gresini', 'vr', 'tandem', 'joan', 'mir', 'daniel', 'holgado', 'fermin', 'adelguer', 'nicolo', 'bulega', 'berturutturut', 'fabio', 'quartararomenjelaskan', 'alas', 'pilih', 'honda', 'coba', 'kursi', 'balap', 'tim', 'ducati', 'pikir', 'honda', 'jalan', 'periode', 'juara', 'rider', 'prancis', 'honda', 'kerah', 'sumber', 'daya', 'comeback', 'ubah', 'regulasi', 'motormotor', 'ban', 'rasa', 'honda', 'kejut', 'produksi', 'motor', 'kompetitif', 'temu', 'pabrikan', 'honda', 'pertemuanpertemuan', 'pertanyaanpertanyaanku', 'kepada', 'proyek', 'buat', 'putus', 'bergabungquartararomengatakan', 'kepadamotorsport']",Sport
"Kontingen atlet pelajar Jakarta Barat (Jakbar) mengukir sejarah dengan menjadi juara umum Pekan Olahraga Pelajar Provinsi (Porprov) DKI Jakarta 2026. Atas prestasi tersebut, Anggota DPRD DKI Jakarta dari Fraksi PDI Perjuangan, Hardiyanto Kenneth, memberikan apresiasi dan bonus kepada para atlet pelajar peraih medali emas. Penyerahan bonus dilakukan di Kantor Wali Kota Administrasi Jakarta Barat, Ruang MH Thamrin dan disaksikan Wali Kota Jakarta Barat Iin Mutmainnah, pada Selasa (15/9/2026). Diketahui, Porprov DKI Jakarta 2026 ini berlangsung dari tanggal 31 Agustus hingga 5 September 2026 di Hall A Gelanggang Mahasiswa Soemantri Brodjonegoro, Jakarta Selatan. SCROLL TO CONTINUE WITH CONTENT Pada ajang tersebut, Jakarta Barat untuk pertama kalinya mencetak sejarah keluar sebagai juara umum dengan mengoleksi tujuh medali emas, dua perak, dan tujuh perunggu. Jakarta Barat mengungguli Jakarta Timur yang mengoleksi lima medali emas. Posisi berikutnya ditempati Jakarta Selatan dengan lima emas dan Jakarta Utara dengan tiga emas. Tujuh medali emas Jakarta Barat disumbangkan dari sejumlah cabang olahraga, yakni bola basket beregu putri U-15, bulu tangkis beregu putra U-15 dan U-18, sepak bola beregu putra U-15 dan U-18, serta sepak takraw beregu putra dan putri U-18. Sebagai bentuk apresiasi, Kenneth memberikan bonus kepada para atlet pelajar peraih medali emas. Besaran bonus disesuaikan dengan jumlah atlet pelajar yang terlibat dalam masing-masing cabang olahraga. Cabang olahraga sepak bola mendapatkan bonus terbesar, yakni Rp18 juta. Bonus tersebut diberikan karena jumlah atlet pelajar dalam tim sepak bola tersebut cukup banyak. Selanjutnya, tim bola basket mendapatkan bonus Rp14 juta, sepak takraw Rp6 juta, dan bulu tangkis Rp5 juta. ""Kenapa saya sangat mengapresiasi olahraga dan kepemudaan? Karena kebetulan saya suka olahraga. Saya masih main basket dan menjabat sebagai ketua umum catur DKI Jakarta (Percasi). Sayang sekali tim basket putranya gagal mendapatkan emas, cuma putri,"" ujar Kenneth dalam keterangannya. Pria yang akrab disapa Bang Kent itu berharap pemberian bonus tersebut dapat menjadi motivasi bagi para atlet pelajar untuk terus meningkatkan prestasi. Menurutnya, mempertahankan gelar juara umum akan menjadi tantangan yang lebih berat bagi Jakarta Barat pada Porprov berikutnya. ""Ini adalah sebuah awal. Yang paling berat itu adalah mempertahankan, harus di ingat itu. Dan harapan saya tim basket putra tahun depan bisa mendapatkan medali emas. Tradisi ini akan terus saya pertahankan dan konsisten akan terus saya berikan kalau ada kesempatan. Kalau memang bisa diulangi kembali menjadi juara umum akan saya tambahkan lagi bonusnya tahun depan,"" tutur pria yang juga Ketua Umum Percasi DKI Jakarta itu. Kent juga mengajak para atlet pelajar yang meraih medali perak dan perunggu untuk bisa meningkatkan prestasi dan merebut medali emas pada Porprov selanjutnya. ""Saya berikan tantangan juga kepada para atlet pelajar peraih medali perunggu dan perak agar mereka penasaran dan bisa berjuang untuk merebut medali emas di Porprov selanjutnya tahun depan,"" lanjut Alumni PPRA LXII Lemhannas RI itu. Tak hanya atlet pelajar, Kent juga memberikan kejutan dengan memberikan bonus tambahan kepada pelatih dan asisten pelatih yang berhasil mengantarkan tim meraih medali emas. Pelatih mendapatkan bonus Rp2 juta, sedangkan asisten pelatih memperoleh bonus Rp1 juta. ""Saya tambahkan apresiasi bonus untuk pelatih Rp2 juta. Asisten pelatih Rp1 juta. Harus di ingat bahwa tanpa pelatih kalian bukan apa-apa. Kebetulan saya bekas atlet, jadi saya tahu pentingnya peran pelatih. Pelatih adalah pelita kita, jadi harus kita hargai,"" pungkas Kepala BAGUNA (Badan Penanggulangan Bencana) DPD PDI Perjuangan Provinsi DKI Jakarta itu. Sementara itu, Wali Kota Jakarta Barat, Iin Mutmainnah mengapresiasi perjuangan para atlet pelajar yang telah membawa nama Jakarta Barat menjadi juara umum. ""Terima kasih kepada atlet pelajar yang sudah berjuang untuk Jakarta Barat. Saya bangga dengan kalian. Ini perdana dan sejarah mencatatkan Jakarta Barat bisa menjadi juara umum sejak Porprov diadakan pada 2017,"" ujar Iin. Iin juga menyampaikan apresiasi kepada Anggota DPRD DKI Jakarta Hardiyanto Kenneth yang telah memberikan bonus kepada para atlet pelajar Jakarta Barat, sebagai bentuk penghargaan atas prestasi yang telah diraih. ""Kami menyampaikan terima kasih dan apresiasi setinggi-tingginya kepada Bang Kenneth yang telah memberikan perhatian dan bonus kepada para atlet pelajar Jakarta Barat. Ini merupakan bentuk dukungan nyata terhadap perjuangan dan prestasi bagi para atlet pelajar,"" sambungnya. Menurutnya, pemberian bonus tersebut diharapkan dapat menjadi motivasi tambahan bagi para atlet pelajar tersebut untuk terus berprestasi dan mengharumkan nama Jakarta Barat maupun DKI Jakarta dalam berbagai ajang olahraga. ""Bonus ini tentu bukan hanya soal nilai materi, tetapi juga menjadi bentuk penghargaan atas kerja keras, disiplin, dan perjuangan para atlet pelajar ini. Mudah-mudahan ini bisa semakin memotivasi mereka untuk berlatih lebih giat dan meraih prestasi yang lebih tinggi,"" katanya. Ia juga berharap dukungan terhadap atlet pelajar ini dapat terus diberikan oleh berbagai pihak, sehingga pembinaan olahraga di Jakarta Barat ini bisa semakin berkembang dan mampu melahirkan atlet-atlet berprestasi di tingkat nasional maupun internasional. Pemberian bonus tersebut disambut positif oleh para atlet pelajar ini. Celine, salah satu atlet basket pelajar putri Jakarta Barat, berharap apresiasi yang diberikan Kenneth tersebut dapat menambah motivasi para atlet pelajar untuk mempertahankan prestasinya. ""Semoga dengan adanya bonus dari Pak Kenneth ini bisa memotivasi para atlet pelajar agar bisa berjuang lebih keras lagi di Porprov berikutnya dan bisa juara umum lagi,"" kata Celine. ","['kontingen', 'atlet', 'ajar', 'jakarta', 'barat', 'jakbar', 'ukir', 'sejarah', 'juara', 'pekan', 'olahraga', 'ajar', 'provinsi', 'porprov', 'dki', 'jakarta', 'prestasi', 'anggota', 'dprd', 'dki', 'jakarta', 'fraksi', 'pdi', 'juang', 'hardiyanto', 'kenneth', 'apresiasi', 'bonus', 'atlet', 'ajar', 'raih', 'medali', 'emas', 'serah', 'bonus', 'kantor', 'wali', 'kota', 'administrasi', 'jakarta', 'barat', 'ruang', 'mh', 'thamrin', 'saksi', 'wali', 'kota', 'jakarta', 'barat', 'iin', 'mutmainnah', 'selasa', 'porprov', 'dki', 'jakarta', 'tanggal', 'agustus', 'september', 'hall', 'a', 'gelanggang', 'mahasiswa', 'soemantri', 'brodjonegoro', 'jakarta', 'selatan', 'scroll', 'to', 'continue', 'with', 'content', 'ajang', 'jakarta', 'barat', 'kali', 'cetak', 'sejarah', 'juara', 'koleksi', 'tujuh', 'medali', 'emas', 'perak', 'tujuh', 'perunggu', 'jakarta', 'barat', 'unggul', 'jakarta', 'timur', 'koleksi', 'medali', 'emas', 'posisi', 'tempat', 'jakarta', 'selatan', 'emas', 'jakarta', 'utara', 'emas', 'tujuh', 'medali', 'emas', 'jakarta', 'barat', 'sumbang', 'cabang', 'olahraga', 'bola', 'basket', 'regu', 'putri', 'u', 'bulu', 'tangkis', 'regu', 'putra', 'u', 'u', 'sepak', 'bola', 'regu', 'putra', 'u', 'u', 'sepak', 'takraw', 'regu', 'putra', 'putri', 'u', 'bentuk', 'apresiasi', 'kenneth', 'bonus', 'atlet', 'ajar', 'raih', 'medali', 'emas', 'besar', 'bonus', 'sesuai', 'atlet', 'ajar', 'libat', 'masingmasing', 'cabang', 'olahraga', 'cabang', 'olahraga', 'sepak', 'bola', 'bonus', 'besar', 'rp', 'juta', 'bonus', 'atlet', 'ajar', 'tim', 'sepak', 'bola', 'tim', 'bola', 'basket', 'bonus', 'rp', 'juta', 'sepak', 'takraw', 'rp', 'juta', 'bulu', 'tangkis', 'rp', 'juta', 'apresiasi', 'olahraga', 'pemuda', 'suka', 'olahraga', 'main', 'basket', 'jabat', 'ketua', 'catur', 'dki', 'jakarta', 'cas', 'sayang', 'tim', 'basket', 'putra', 'gagal', 'emas', 'putri', 'kenneth', 'terang', 'pria', 'akrab', 'sapa', 'bang', 'kent', 'harap', 'beri', 'bonus', 'motivasi', 'atlet', 'ajar', 'tingkat', 'prestasi', 'turut', 'tahan', 'gelar', 'juara', 'tantang', 'berat', 'jakarta', 'barat', 'porprov', 'berat', 'tahan', 'harap', 'tim', 'basket', 'putra', 'medali', 'emas', 'tradisi', 'tahan', 'konsisten', 'sempat', 'ulang', 'juara', 'tambah', 'bonus', 'pria', 'ketua', 'cas', 'dki', 'jakarta', 'kent', 'ajak', 'atlet', 'ajar', 'raih', 'medali', 'perak', 'perunggu', 'tingkat', 'prestasi', 'rebut', 'medali', 'emas', 'porprov', 'tantang', 'atlet', 'ajar', 'raih', 'medali', 'perunggu', 'perak', 'penasaran', 'juang', 'rebut', 'medali', 'emas', 'porprov', 'alumni', 'ppra', 'lxii', 'lemhannas', 'ri', 'atlet', 'ajar', 'kent', 'kejut', 'bonus', 'tambah', 'latih', 'asisten', 'latih', 'hasil', 'antar', 'tim', 'raih', 'medali', 'emas', 'latih', 'bonus', 'rp', 'juta', 'asisten', 'latih', 'oleh', 'bonus', 'rp', 'juta', 'tambah', 'apresiasi', 'bonus', 'latih', 'rp', 'juta', 'asisten', 'latih', 'rp', 'juta', 'latih', 'apaapa', 'bekas', 'atlet', 'peran', 'latih', 'latih', 'pelita', 'harga', 'pungkas', 'kepala', 'baguna', 'badan', 'tanggulang', 'bencana', 'dpd', 'pdi', 'juang', 'provinsi', 'dki', 'jakarta', 'wali', 'kota', 'jakarta', 'barat', 'iin', 'mutmainnah', 'apresiasi', 'juang', 'atlet', 'ajar', 'bawa', 'nama', 'jakarta', 'barat', 'juara', 'terima', 'kasih', 'atlet', 'ajar', 'juang', 'jakarta', 'barat', 'bangga', 'perdana', 'sejarah', 'catat', 'jakarta', 'barat', 'juara', 'porprov', 'ada', 'iin', 'iin', 'apresiasi', 'anggota', 'dprd', 'dki', 'jakarta', 'hardiyanto', 'kenneth', 'bonus', 'atlet', 'ajar', 'jakarta', 'barat', 'bentuk', 'harga', 'prestasi', 'raih', 'terima', 'kasih', 'apresiasi', 'setinggitingginya', 'bang', 'kenneth', 'perhati', 'bonus', 'atlet', 'ajar', 'jakarta', 'barat', 'bentuk', 'dukung', 'nyata', 'juang', 'prestasi', 'atlet', 'ajar', 'sambung', 'turut', 'beri', 'bonus', 'harap', 'motivasi', 'tambah', 'atlet', 'ajar', 'prestasi', 'harum', 'nama', 'jakarta', 'barat', 'dki', 'jakarta', 'ajang', 'olahraga', 'bonus', 'nilai', 'materi', 'bentuk', 'harga', 'kerja', 'keras', 'disiplin', 'juang', 'atlet', 'ajar', 'mudahmudahan', 'motivasi', 'latih', 'giat', 'raih', 'prestasi', 'harap', 'dukung', 'atlet', 'ajar', 'bina', 'olahraga', 'jakarta', 'barat', 'kembang', 'lahir', 'atletatlet', 'prestasi', 'tingkat', 'nasional', 'internasional', 'beri', 'bonus', 'sambut', 'positif', 'atlet', 'ajar', 'celine', 'salah', 'atlet', 'basket', 'ajar', 'putri', 'jakarta', 'barat', 'harap', 'apresiasi', 'kenneth', 'tambah', 'motivasi', 'atlet', 'ajar', 'tahan', 'prestasi', 'moga', 'bonus', 'kenneth', 'motivasi', 'atlet', 'ajar', 'juang', 'keras', 'porprov', 'juara', 'celine']",Sport
"Nagoya- Nagoya terus bersiap menyambut Asian Games Aichi-Nagoya 2026. Sejumlah venue, hunian atlet, hingga pusat media dipersiapkan menjelang pembukaan 19 September.","['nagoya', 'nagoya', 'sambut', 'asi', 'games', 'aichinagoya', 'venue', 'huni', 'atlet', 'pusat', 'media', 'siap', 'jelang', 'buka', 'september']",Sport
"Asosiasi Lari Trail Indonesia (ALTI) DKI Jakartapunya target besar diPekan Olahraga Nasional (PON) 2028. Mereka ingin membawa pulang lima medali emas. Oleh karenanya, ALTI DKI mulai mempersiapkan diri menuju PON 2028 dan beberapa ajang bergengsi lainnya itu. Diawali dengan Rapat Kerja Provinsi (Rakerprov) ALTI DKI Jakarta 026-2030 di Aula lantai 4 Kantor KONI DKI Jakarta, Selasa (15/9). Usai Raker, sedianya akan dilakukan pelantikan Pengurus baru ALTI DKI Jakarta 2026-2030 oleh Ketua Umum PP ALTI Bima Arya Sugiarto. SCROLL TO CONTINUE WITH CONTENT Tapi, lantaran Bima Arya mendadak mendapat tugas kenegaraan, pelantikan ALTI DKI terpaksa ditunda. Meski begitu, Ketua ALTI DKI, Eko Putro Hadi Prasetyo, menyatakan penundaan pelantikan itu sama sekali tak memengaruhi semangat perjuangan mereka. Eko mengatakan Rakerprov menjadi momentum untuk memperkuat sinergi organisasi sekaligus menyusun program pembinaan atlet. Menurut Eko, ALTI DKI ingin membangun organisasi yang lebih transparan dan terbuka demi mendukung perkembangan olahraga lari trail di Ibu Kota. ""Rapat kerja tadi berjalan lancar. Kegiatan ini dihadiri oleh Wakil Ketua Umum II KONI DKI Jakarta, kemudian dari bidang organisasi juga hadir. Kami bersama seluruh organisasi dan teman-teman lainnya bersama-sama membangun organisasi ini agar lebih baik ke depannya,"" ujar Eko dalam keterangan kepada media. Dia menyebut sinergi antarbagian menjadi salah satu kunci dalam menyiapkan atlet-atlet potensial untuk menghadapi berbagai kejuaraan. ""Maksudnya di sini, kami sebagai tim berarti harus bersinergi untuk menyiapkan atlet-atlet kami ke depan agar bisa lebih meningkatkan prestasi. Dalam raker tadi juga ada masukan dari teman-teman bahwa ke depan organisasi harus lebih transparan dan lebih terbuka demi kemajuan ALTI di Jakarta,"" sambungnya.  Dalam waktu dekat, ALTI DKI Jakarta akan menghadapi kejuaraan nasional di Gunung Dempo, Pagar Alam, Sumatera Selatan, Desember nanti. Sebanyak 15 atlet disiapkan untuk tampil dalam ajang tersebut. ""Kami menyiapkan atlet untuk persiapan Kejurnas di Gunung Dempo pada Desember tahun ini,"" tutur Eko. Tak hanya fokus pada agenda jangka pendek, ALTI DKI juga mulai menyusun kekuatan untuk menghadapi target jangka panjang yakni PON 2028. KONI DKI Jakarta telah memberikan target kepada ALTI untuk meraih lima medali emas, lima perak, dan empat perunggu pada PON 2028. Mau tak mau ALTI DKI harus berburu dengan waktu untuk mempersiapkan atlet selama dua tahun ke depan. ""Target itu harus kami penuhi karena itu artinya PR buat kami dari Induk yang menaungi kami sehingga harus kami penuhi,"" lanjut Eko. ""Untuk saat ini, dalam waktu dekat kami menyiapkan 15 atlet untuk kejuaraan tersebut. Namun, dalam Rakerprov tadi kami juga sepakat untuk menyiapkan atlet-atlet baru dalam rangka menyambut PON 2028. Kami akan berusaha lebih keras untuk mewujudkan target tersebut,"" pungkasnya. ","['asosiasi', 'lari', 'trail', 'indonesia', 'alti', 'dki', 'jakartapunya', 'target', 'pek', 'olahraga', 'nasional', 'pon', 'bawa', 'pulang', 'medali', 'emas', 'alti', 'dki', 'pon', 'ajang', 'gengsi', 'awal', 'rapat', 'kerja', 'provinsi', 'rakerprov', 'alti', 'dki', 'jakarta', 'aula', 'lantai', 'kantor', 'koni', 'dki', 'jakarta', 'selasa', 'raker', 'sedia', 'lantik', 'urus', 'alti', 'dki', 'jakarta', 'ketua', 'pp', 'alti', 'bima', 'arya', 'sugiarto', 'scroll', 'to', 'continue', 'with', 'content', 'lantar', 'bima', 'arya', 'dadak', 'tugas', 'negara', 'lantik', 'alti', 'dki', 'paksa', 'tunda', 'ketua', 'alti', 'dki', 'eko', 'putro', 'had', 'prasetyo', 'tunda', 'lantik', 'pengaruh', 'semangat', 'juang', 'eko', 'rakerprov', 'momentum', 'kuat', 'sinergi', 'organisasi', 'susun', 'program', 'bina', 'atlet', 'eko', 'alti', 'dki', 'bangun', 'organisasi', 'transparan', 'buka', 'dukung', 'kembang', 'olahraga', 'lari', 'trail', 'kota', 'rapat', 'kerja', 'jalan', 'lancar', 'giat', 'hadir', 'wakil', 'ketua', 'ii', 'koni', 'dki', 'jakarta', 'bidang', 'organisasi', 'hadir', 'organisasi', 'temanteman', 'bersamasama', 'bangun', 'organisasi', 'depan', 'eko', 'terang', 'media', 'sebut', 'sinergi', 'antarbagian', 'salah', 'kunci', 'atletatlet', 'potensial', 'hadap', 'juara', 'maksud', 'tim', 'sinergi', 'atletatlet', 'tingkat', 'prestasi', 'raker', 'masuk', 'temanteman', 'organisasi', 'transparan', 'buka', 'maju', 'alti', 'jakarta', 'sambung', 'alti', 'dki', 'jakarta', 'hadap', 'juara', 'nasional', 'gunung', 'dempo', 'pagar', 'alam', 'sumatera', 'selatan', 'desember', 'atlet', 'siap', 'tampil', 'ajang', 'atlet', 'siap', 'kejurnas', 'gunung', 'dempo', 'desember', 'eko', 'fokus', 'agenda', 'jangka', 'pendek', 'alti', 'dki', 'susun', 'kuat', 'hadap', 'target', 'jangka', 'pon', 'koni', 'dki', 'jakarta', 'target', 'alti', 'raih', 'medali', 'emas', 'perak', 'perunggu', 'pon', 'alti', 'dki', 'buru', 'atlet', 'target', 'penuh', 'pr', 'induk', 'taung', 'penuh', 'eko', 'atlet', 'juara', 'rakerprov', 'sepakat', 'atletatlet', 'rangka', 'sambut', 'pon', 'usaha', 'keras', 'wujud', 'target', 'pungkas']",Sport
"Kontingen atlet pelajar Jakarta Barat baru saja menjuaraiPekan Olahraga Pelajar Provinsi (Popprov) DKI Jakarta 2026. Bonus pun diberikan kepada para juara. Popprov DKI Jakarta berlangsung 31 Agustus-5 September di Hall A Gelanggang Mahasiswa Soemantri Brodjonegoro, Jakarta Selatan. Jakbar untuk pertama kalinya mencetak sejarah keluar sebagai juara umum dengan mengoleksi tujuh medali emas, dua perak, dan tujuh perunggu. Jakbar mengungguli Jaktim yang mengoleksi lima medali emas. Posisi berikutnya ditempati Jaksel dengan lima emas dan Jakut dengan tiga emas. SCROLL TO CONTINUE WITH CONTENT Tujuh medali emas Jakarta Barat disumbangkan dari sejumlah cabang olahraga, yakni bola basket beregu putri U-15, bulu tangkis beregu putra U-15 dan U-18, sepakbola beregu putra U-15 dan U-18, serta sepak takraw beregu putra dan putri U-18. Atas prestasi tersebut, Anggota DPRD DKI Jakarta dari Fraksi PDI Perjuangan,Hardiyanto Kenneth, memberikan apresiasi dan bonus kepada para atlet pelajar peraih medali emas. Penyerahan bonus dilakukan di Ruang MH Thamrin Kantor Wali Kota Administrasi Jakbar, dan disaksikan Wali Kota Iin Mutmainnah, Selasa (15/9/2026). Besaran bonus disesuaikan dengan jumlah atlet pelajar yang terlibat dalam masing-masing cabang olahraga. Cabor sepakbola mendapatkan bonus terbesar, yakni Rp 18 juta. Bonus tersebut diberikan karena jumlah atlet pelajar dalam tim tersebut cukup banyak. Selanjutnya, tim basket mendapatkan bonus Rp 14 juta, sepak takraw Rp 6 juta, dan bulu tangkis Rp 5 juta. ""Kenapa saya sangat mengapresiasi olahraga dan kepemudaan? Karena kebetulan saya suka olahraga. Saya masih main basket dan menjabat sebagai ketua umum catur DKI Jakarta (Percasi). Sayang sekali tim basket putranya gagal mendapatkan emas, cuma putri,"" ujar Kenneth dalam keterangannya. Pria yang akrab disapa Bang Kent itu berharap bonus itu dapat memotivasi bagi para atlet pelajar untuk terus meningkatkan prestasi. Menurutnya, mempertahankan gelar juara umum akan menjadi tantangan yang lebih berat bagi Jakarta Barat pada Popprov berikutnya. ""Ini adalah sebuah awal. Yang paling berat itu adalah mempertahankan, harus di ingat itu. Dan harapan saya tim basket putra tahun depan bisa mendapatkan medali emas. Tradisi ini akan terus saya pertahankan dan konsisten akan terus saya berikan kalau ada kesempatan. Kalau memang bisa diulangi kembali menjadi juara umum akan saya tambahkan lagi bonusnya tahun depan,"" tutur pria yang juga Ketua Umum Percasi DKI Jakarta itu. Kent juga mengajak para atlet pelajar yang meraih medali perak dan perunggu untuk bisa meningkatkan prestasi dan merebut medali emas pada Popprov selanjutnya. ""Saya berikan tantangan juga kepada para atlet pelajar peraih medali perunggu dan perak agar mereka penasaran dan bisa berjuang untuk merebut medali emas di Popprov selanjutnya tahun depan,"" lanjut Alumni PPRA LXII Lemhannas RI itu. Tak hanya atlet pelajar, para pelatih dan asisten pelatih yang berhasil mengantarkan tim meraih medali emas juga kecipratan bonus. Pelatih mendapatkan Rp 2 juta, sedangkan asisten pelatih memperoleh bonus Rp 1 juta. ""Saya tambahkan apresiasi bonus untuk pelatih Rp2 juta. Asisten pelatih Rp1 juta. Harus di ingat bahwa tanpa pelatih kalian bukan apa-apa. Kebetulan saya bekas atlet, jadi saya tahu pentingnya peran pelatih. Pelatih adalah pelita kita, jadi harus kita hargai,"" papar Kepala BAGUNA (Badan Penanggulangan Bencana) DPD PDI Perjuangan Provinsi DKI Jakarta itu. Sementara itu, Wali Kota Jakbar, Iin Mutmainnah mengapresiasi perjuangan para atlet pelajar yang telah membawa nama daerahnya menjadi juara umum. ""Terima kasih kepada atlet pelajar yang sudah berjuang untuk Jakarta Barat. Saya bangga dengan kalian. Ini perdana dan sejarah mencatatkan Jakarta Barat bisa menjadi juara umum sejak Popprov diadakan pada 2017,"" ujar Iin. Pemberian bonus tersebut disambut positif oleh para atlet pelajar ini. Celine, salah satu atlet basket pelajar putri, berharap apresiasi yang diberikan Kenneth tersebut dapat menambah motivasi para atlet pelajar untuk mempertahankan prestasinya. ""Semoga dengan adanya bonus dari Pak Kenneth ini bisa memotivasi para atlet pelajar agar bisa berjuang lebih keras lagi di Popprov berikutnya dan bisa juara umum lagi,"" kata Celine. ","['kontingen', 'atlet', 'ajar', 'jakarta', 'barat', 'menjuaraipekan', 'olahraga', 'ajar', 'provinsi', 'popprov', 'dki', 'jakarta', 'bonus', 'juara', 'popprov', 'dki', 'jakarta', 'agustus', 'september', 'hall', 'a', 'gelanggang', 'mahasiswa', 'soemantri', 'brodjonegoro', 'jakarta', 'selatan', 'jakbar', 'kali', 'cetak', 'sejarah', 'juara', 'koleksi', 'tujuh', 'medali', 'emas', 'perak', 'tujuh', 'perunggu', 'jakbar', 'unggul', 'jaktim', 'koleksi', 'medali', 'emas', 'posisi', 'tempat', 'jaksel', 'emas', 'jakut', 'emas', 'scroll', 'to', 'continue', 'with', 'content', 'tujuh', 'medali', 'emas', 'jakarta', 'barat', 'sumbang', 'cabang', 'olahraga', 'bola', 'basket', 'regu', 'putri', 'u', 'bulu', 'tangkis', 'regu', 'putra', 'u', 'u', 'sepakbola', 'regu', 'putra', 'u', 'u', 'sepak', 'takraw', 'regu', 'putra', 'putri', 'u', 'prestasi', 'anggota', 'dprd', 'dki', 'jakarta', 'fraksi', 'pdi', 'perjuanganhardiyanto', 'kenneth', 'apresiasi', 'bonus', 'atlet', 'ajar', 'raih', 'medali', 'emas', 'serah', 'bonus', 'ruang', 'mh', 'thamrin', 'kantor', 'wali', 'kota', 'administrasi', 'jakbar', 'saksi', 'wali', 'kota', 'iin', 'mutmainnah', 'selasa', 'besar', 'bonus', 'sesuai', 'atlet', 'ajar', 'libat', 'masingmasing', 'cabang', 'olahraga', 'cabor', 'sepakbola', 'bonus', 'besar', 'rp', 'juta', 'bonus', 'atlet', 'ajar', 'tim', 'tim', 'basket', 'bonus', 'rp', 'juta', 'sepak', 'takraw', 'rp', 'juta', 'bulu', 'tangkis', 'rp', 'juta', 'apresiasi', 'olahraga', 'pemuda', 'suka', 'olahraga', 'main', 'basket', 'jabat', 'ketua', 'catur', 'dki', 'jakarta', 'cas', 'sayang', 'tim', 'basket', 'putra', 'gagal', 'emas', 'putri', 'kenneth', 'terang', 'pria', 'akrab', 'sapa', 'bang', 'kent', 'harap', 'bonus', 'motivasi', 'atlet', 'ajar', 'tingkat', 'prestasi', 'turut', 'tahan', 'gelar', 'juara', 'tantang', 'berat', 'jakarta', 'barat', 'popprov', 'berat', 'tahan', 'harap', 'tim', 'basket', 'putra', 'medali', 'emas', 'tradisi', 'tahan', 'konsisten', 'sempat', 'ulang', 'juara', 'tambah', 'bonus', 'pria', 'ketua', 'cas', 'dki', 'jakarta', 'kent', 'ajak', 'atlet', 'ajar', 'raih', 'medali', 'perak', 'perunggu', 'tingkat', 'prestasi', 'rebut', 'medali', 'emas', 'popprov', 'tantang', 'atlet', 'ajar', 'raih', 'medali', 'perunggu', 'perak', 'penasaran', 'juang', 'rebut', 'medali', 'emas', 'popprov', 'alumni', 'ppra', 'lxii', 'lemhannas', 'ri', 'atlet', 'ajar', 'latih', 'asisten', 'latih', 'hasil', 'antar', 'tim', 'raih', 'medali', 'emas', 'ciprat', 'bonus', 'latih', 'rp', 'juta', 'asisten', 'latih', 'oleh', 'bonus', 'rp', 'juta', 'tambah', 'apresiasi', 'bonus', 'latih', 'rp', 'juta', 'asisten', 'latih', 'rp', 'juta', 'latih', 'apaapa', 'bekas', 'atlet', 'peran', 'latih', 'latih', 'pelita', 'harga', 'papar', 'kepala', 'baguna', 'badan', 'tanggulang', 'bencana', 'dpd', 'pdi', 'juang', 'provinsi', 'dki', 'jakarta', 'wali', 'kota', 'jakbar', 'iin', 'mutmainnah', 'apresiasi', 'juang', 'atlet', 'ajar', 'bawa', 'nama', 'daerah', 'juara', 'terima', 'kasih', 'atlet', 'ajar', 'juang', 'jakarta', 'barat', 'bangga', 'perdana', 'sejarah', 'catat', 'jakarta', 'barat', 'juara', 'popprov', 'ada', 'iin', 'beri', 'bonus', 'sambut', 'positif', 'atlet', 'ajar', 'celine', 'salah', 'atlet', 'basket', 'ajar', 'putri', 'harap', 'apresiasi', 'kenneth', 'tambah', 'motivasi', 'atlet', 'ajar', 'tahan', 'prestasi', 'moga', 'bonus', 'kenneth', 'motivasi', 'atlet', 'ajar', 'juang', 'keras', 'popprov', 'juara', 'celine']",Sport
"Persiapan menujuFIA Rallycross World Cup 2026dimulai. Sarga Motorsport selaku penyelenggara melakukan modifikasi Sirkuit International e-Prix Ancol hari ini. Jakarta secara resmi menjadi tuan rumah Kejuaraan FIA Rallycross 2026. Ajang balap mobil dunia itu akan bergulir di Ancol, pada 5-6 Desember mendatang. Indonesia akan menggelar dua kategori yaitu RX1 dan RX5. ""Mulai hari ini kami memulai modifikasi. Sebenarnya bukan pembangunan, tetapi memodifikasi sirkuit,"" ujar CEO Sarga.co Nugdha Achadie dalam jumpa persnya di kawasan Jakarta Pusat, pada Selasa (15/9/2026). SCROLL TO CONTINUE WITH CONTENT Berbeda dengan saat digunakan Formula E yang full aspal, sirkuit Ancol akan dirombak total untuk kebutuhan rallycross. Proses modifikasi ini ditargetkan selesai pada November 2026.  ""Awalnya, sirkuit tersebut digunakan untuk Formula E dan hanya menggunakan lintasan aspal. Nah, di Rallycross ini kami akan menggabungkan lintasan aspal dengan lintasan gravel atau dirt. Jadi, ini akan sangat menarik bagi seluruh pengunjung dan masyarakat Jakarta serta Indonesia,"" kata Nugdha. ""InsyaAllah, mulai hari ini kami sudah mulai melakukan modifikasi. Pada bulan November sudah siap dan Desember sudah bisa digunakan sepenuhnya untuk FIA Rallycross World Cup 2026,"" tambahnya. Sementara itu, Pemerintah Provinsi DKI Jakarta memastikan dukungan penuh. Kadispora DKI Andri Yansyah menyebut persiapan sudah berjalan sejak tahun lalu bersama Ikatan Motor Indonesia (IMI). ""Bicara masalah kesiapan, tadi sudah disinggung oleh Pak Nugraha bahwa kita memang sudah dari tahun lalu melakukan persiapan dan dibantu dengan teman-teman dari IMI,"" kata Andri.  ""Bagaimana pelayanan publik berjalan dengan baik, transportasi berjalan dengan baik, keamanan berjalan dengan baik, serta layanan dan fasilitas berjalan dengan baik. Dan itu tidak bisa kita lakukan sendiri,"" ujarnya. Menyoal pembalap, Sarga Motorsport sudah memastikan dua nama besar yaitu Kevin Hansen dan legenda dunia, Sebastian Loeb untuk nomor RX1. Sementara untuk RX5, akan ada kejutan. Rencananya, ada talenta dari Indonesia yang akan ikut berlaga. ""Untuk pembalap lainnya, kami masih menunggu finalisasi dari FIA. Jadi, kita tunggu bersama. Semoga dalam waktu dekat sudah bisa diumumkan oleh FIA,"" pungkas Nugdha.","['siap', 'menujufia', 'rallycross', 'world', 'cup', 'sarga', 'motorsport', 'selenggara', 'modifikasi', 'sirkuit', 'international', 'eprix', 'ancol', 'jakarta', 'resmi', 'tuan', 'rumah', 'juara', 'fia', 'rallycross', 'ajang', 'balap', 'mobil', 'dunia', 'gulir', 'ancol', 'desember', 'indonesia', 'gelar', 'kategori', 'rx', 'rx', 'modifikasi', 'bangun', 'modifikasi', 'sirkuit', 'ceo', 'sargaco', 'nugdha', 'achadie', 'jumpa', 'pers', 'kawasan', 'jakarta', 'pusat', 'selasa', 'scroll', 'to', 'continue', 'with', 'content', 'beda', 'formula', 'e', 'full', 'aspal', 'sirkuit', 'ancol', 'rombak', 'total', 'butuh', 'rallycross', 'proses', 'modifikasi', 'target', 'selesai', 'november', 'sirkuit', 'formula', 'e', 'lintas', 'aspal', 'rallycross', 'gabung', 'lintas', 'aspal', 'lintas', 'gravel', 'dirt', 'tarik', 'unjung', 'masyarakat', 'jakarta', 'indonesia', 'nugdha', 'insyaallah', 'modifikasi', 'november', 'desember', 'sepenuh', 'fia', 'rallycross', 'world', 'cup', 'perintah', 'provinsi', 'dki', 'jakarta', 'dukung', 'penuh', 'kadispora', 'dki', 'andri', 'yansyah', 'sebut', 'siap', 'jalan', 'ikat', 'motor', 'indonesia', 'imi', 'bicara', 'kesiap', 'singgung', 'nugraha', 'siap', 'bantu', 'temanteman', 'imi', 'andri', 'layan', 'publik', 'jalan', 'transportasi', 'jalan', 'aman', 'jalan', 'layan', 'fasilitas', 'jalan', 'laku', 'soal', 'balap', 'sarga', 'motorsport', 'nama', 'kevin', 'hansen', 'legenda', 'dunia', 'sebastian', 'loeb', 'nomor', 'rx', 'rx', 'kejut', 'rencana', 'talenta', 'indonesia', 'laga', 'balap', 'tunggu', 'final', 'fia', 'tunggu', 'moga', 'umum', 'fia', 'pungkas', 'nugdha']",Sport
"PereliMemen Hariantomembawa cerita usai tampil diAsia Cross Country Rally (AXCR) 2026bulan lalu. Tidak cuma di dalam, tapi juga luar lintasan. Membawa mobil balap ke ajang internasional bukan hanya soal persiapan mesin dan performa kendaraan. Urusan dokumen, kepabeanan, logistik, hingga proses membawa kembali kendaraan ke Tanah Air juga menjadi bagian penting yang harus dipersiapkan sejak awal. Memen Harianto selaku leader Indonesia Cross Country Rally Team (IXCRT) kategori mobil merasakan itu saat membawa Toyota Hilux Revo nomor 116 untuk berlaga di Asia Cross Country Rally (AXCR) 2026 di Thailand. SCROLL TO CONTINUE WITH CONTENT Setelah menyelesaikan seluruh enam leg AXCR 2026 dan finis di posisi keempat kelas T1G, kendaraan beserta perlengkapan pendukungnya kembali ke Indonesia. Pada 9 September, Bea Cukai melakukan pemeriksaan terhadap kontainer yang membawa kendaraan dan perlengkapan tersebut sebagai bagian dari proses kepabeanan. Bagi Memen, yang mendapat dukungan dari banyak sponsor, seperti FIN+, Galad Exchange, Pertamina Lubricants, Pegadaian Indonesia, dan InJourney Airport, pengalaman tersebut juga menjadi kesempatan untuk berbagi edukasi mengenai proses resmi membawa kendaraan kompetisi ke luar negeri. ATA Carnet, ""Paspor"" untuk Barang Salah satu dokumen penting dalam kegiatan tersebut adalah ATA Carnet, yaitu dokumen kepabeanan internasional untuk membawa barang secara sementara ke negara lain dan kemudian membawanya kembali ke negara asal. Karena sifatnya sementara, ATA Carnet banyak digunakan untuk kegiatan internasional, termasuk motorsport yang membawa kendaraan, spare part, tools, ban, dan perlengkapan pendukung lainnya. Secara sederhana, ATA Carnet kerap disebut sebagai ""paspor untuk barang"". Namun, penggunaannya tetap harus mengikuti ketentuan kepabeanan negara asal maupun negara tujuan. Pengurusan Dimulai dari KADIN Menurut pengalaman Memen, proses perlu dipersiapkan jauh sebelum keberangkatan. Pengajuan ATA Carnet dilakukan melalui Kamar Dagang dan Industri (KADIN) sebagai lembaga penerbit ATA Carnet di Indonesia. Pemohon harus menyiapkan general list, yakni daftar rinci barang yang akan dibawa. Untuk motorsport, daftar tersebut dapat mencakup kendaraan, spare part, ban, velg, tools, dan perlengkapan servis. Data seperti jenis dan jumlah barang, identitas atau nomor seri, nilai barang, serta asal barang perlu dicantumkan secara akurat karena akan menjadi acuan dalam pemeriksaan. Selain biaya administrasi, pemohon juga perlu menyiapkan uang jaminan sesuai ketentuan yang berlaku. Jaminan tersebut berkaitan dengan kewajiban pemegang Carnet untuk memenuhi mekanisme pemasukan sementara dan penyelesaian kepabeanan sampai barang kembali atau mendapatkan penyelesaian sesuai prosedur. Setelah seluruh persyaratan dipenuhi, barang akan diperiksa Bea Cukai sebelum keberangkatan untuk dicocokkan dengan data dalam general list dan ATA Carnet. ""Kalau mau bawa mobil balap ke luar negeri, persiapannya jangan hanya mobilnya. Dari awal kita harus tahu barang apa saja yang dibawa, spare part, tools, ban, dan semuanya harus didata dengan baik. Mulai dari jenis barang, harga dan asal negara. Form tersebut bisa kita dapatkan di KADIN pada saat pengajuan,"" ujar Memen. Untuk AXCR 2026, kebutuhan logistik tim cukup besar. Total terdapat tiga kontainer yang diberangkatkan dari Indonesia. Satu kontainer 40 feet digunakan untuk membawa Toyota Hilux Revo Memen Harianto, spare part, serta kebutuhan tim motor yang dipimpin Rudy Poa selaku leader tim sekaligus rider senior. Satu kontainer 20 feet membawa Suzuki Jimny milik Gema Suria - Dodi. Kondisi tersebut menunjukkan bahwa mengikuti cross-country rally internasional bukan hanya membutuhkan mobil yang siap balap, tetapi juga perencanaan logistik yang matang. Kapal Sempat Delay Dalam perjalanan menuju Thailand, tim juga menghadapi perubahan jadwal dan keterlambatan kapal. Kondisi tersebut pada periode itu juga terjadi di berbagai negara dan bukan hanya di Indonesia. Perubahan jadwal membuat tim harus menyesuaikan berbagai kebutuhan logistik dan administrasi. Dalam kondisi tersebut, koordinasi dengan Bea Cukai menjadi bagian penting dalam penyelesaian proses keberangkatan. Memen mengapresiasi asistensi dan koordinasi yang diberikan Bea Cukai dalam penyelesaian proses dokumen kepabeanan sehingga penyesuaian akibat perubahan jadwal kapal dapat dilakukan sesuai prosedur. ""Waktu itu kapal sempat delay, jadi kami harus menyesuaikan jadwal. Kami sangat terbantu dengan asistensi dan koordinasi dari Bea Cukai dalam penyelesaian proses dokumen keberangkatan. Komunikasinya sangat membantu kami memahami dan menyelesaikan proses yang harus dilakukan,"" kata Memen. Dukungan tersebut juga mendapat apresiasi dari Adhang Noegroho Adhi selaku Kepala Kantor Pelayanan Utama (KPU) Bea dan Cukai Tipe A Tanjung Priok. ""Kami mendukung dan mengapresiasi Indonesia Cross Country Rally Team. Selain membawa nama harum Indonesia di event rally internasional, mereka layak menjadi contoh dan panutan sebagai tim yang tertib dan menaati aturan, dengan membawa barang keluar dan masuk selalu sama dari tahun ke tahun,"" ujar Adhang. Setelah AXCR selesai, kendaraan dan perlengkapan kembali ke Indonesia dan menjalani proses kepabeanan. Bea Cukai melakukan pemeriksaan terhadap kontainer yang tiba di Tanah Air. Kendaraan dan perlengkapan diperiksa serta dicocokkan kembali dengan data dan dokumentasi yang tercantum dalam ATA Carnet dan general list. Proses tersebut penting untuk memastikan barang yang kembali sesuai dengan barang yang sebelumnya dibawa keluar dari Indonesia. Setelah seluruh kewajiban kepabeanan diselesaikan sesuai ketentuan, proses penyelesaian ATA Carnet dan pengembalian jaminan kepada pemegang Carnet dapat dilanjutkan melalui mekanisme yang berlaku. ""Support dari Bea Cukai kami rasakan dari proses keberangkatan sampai barang kembali. Asistensi dan koordinasi yang diberikan sangat membantu kami dalam menyelesaikan proses dan memastikan semuanya berjalan sesuai prosedur,"" ujar Memen. Baca juga: AXCR 2026: Overheating Gagalkan Misi Juara Memen Harianto Motorsport Bukan Hanya Soal Balapan Dari pengalaman tersebut, Memen menilai pembalap Indonesia yang ingin mengikuti kompetisi internasional perlu memahami bahwa motorsport memiliki ekosistem yang lebih luas daripada sekadar persiapan kendaraan. Teknis, safety, shipping, dokumen, kepabeanan, hingga koordinasi logistik harus dipikirkan sejak awal. ""Jangan sampai kita hanya fokus membuat mobil bagus dan cepat, tapi lupa bagaimana cara membawa mobil itu keluar dan masuk kembali ke Indonesia. Semua harus dipikirkan dari awal,"" tutur Memen. Memen berharap pengalaman ini dapat menjadi referensi bagi pembalap Indonesia lainnya yang ingin membawa kendaraan sendiri untuk berlaga di kompetisi internasional. ""Terima kasih kepada KADIN, dan Bea Cukai, yang setiap tahun selalu mendukung kami dalam mengikuti AXCR,"" tutup Memen. Baca juga: Bagaimana Kiprah Pereli Indonesia di AXCR 2026? Untuk AXCR 2026, kebutuhan logistik tim cukup besar. Total terdapat tiga kontainer yang diberangkatkan dari Indonesia. Satu kontainer 40 feet digunakan untuk membawa Toyota Hilux Revo Memen Harianto, spare part, serta kebutuhan tim motor yang dipimpin Rudy Poa selaku leader tim sekaligus rider senior. Satu kontainer 20 feet membawa Suzuki Jimny milik Gema Suria - Dodi. Kondisi tersebut menunjukkan bahwa mengikuti cross-country rally internasional bukan hanya membutuhkan mobil yang siap balap, tetapi juga perencanaan logistik yang matang. Kapal Sempat Delay Dalam perjalanan menuju Thailand, tim juga menghadapi perubahan jadwal dan keterlambatan kapal. Kondisi tersebut pada periode itu juga terjadi di berbagai negara dan bukan hanya di Indonesia. Perubahan jadwal membuat tim harus menyesuaikan berbagai kebutuhan logistik dan administrasi. Dalam kondisi tersebut, koordinasi dengan Bea Cukai menjadi bagian penting dalam penyelesaian proses keberangkatan. Memen mengapresiasi asistensi dan koordinasi yang diberikan Bea Cukai dalam penyelesaian proses dokumen kepabeanan sehingga penyesuaian akibat perubahan jadwal kapal dapat dilakukan sesuai prosedur. ""Waktu itu kapal sempat delay, jadi kami harus menyesuaikan jadwal. Kami sangat terbantu dengan asistensi dan koordinasi dari Bea Cukai dalam penyelesaian proses dokumen keberangkatan. Komunikasinya sangat membantu kami memahami dan menyelesaikan proses yang harus dilakukan,"" kata Memen. Dukungan tersebut juga mendapat apresiasi dari Adhang Noegroho Adhi selaku Kepala Kantor Pelayanan Utama (KPU) Bea dan Cukai Tipe A Tanjung Priok. ""Kami mendukung dan mengapresiasi Indonesia Cross Country Rally Team. Selain membawa nama harum Indonesia di event rally internasional, mereka layak menjadi contoh dan panutan sebagai tim yang tertib dan menaati aturan, dengan membawa barang keluar dan masuk selalu sama dari tahun ke tahun,"" ujar Adhang. Setelah AXCR selesai, kendaraan dan perlengkapan kembali ke Indonesia dan menjalani proses kepabeanan. Bea Cukai melakukan pemeriksaan terhadap kontainer yang tiba di Tanah Air. Kendaraan dan perlengkapan diperiksa serta dicocokkan kembali dengan data dan dokumentasi yang tercantum dalam ATA Carnet dan general list. Proses tersebut penting untuk memastikan barang yang kembali sesuai dengan barang yang sebelumnya dibawa keluar dari Indonesia. Setelah seluruh kewajiban kepabeanan diselesaikan sesuai ketentuan, proses penyelesaian ATA Carnet dan pengembalian jaminan kepada pemegang Carnet dapat dilanjutkan melalui mekanisme yang berlaku. ""Support dari Bea Cukai kami rasakan dari proses keberangkatan sampai barang kembali. Asistensi dan koordinasi yang diberikan sangat membantu kami dalam menyelesaikan proses dan memastikan semuanya berjalan sesuai prosedur,"" ujar Memen. Baca juga: AXCR 2026: Overheating Gagalkan Misi Juara Memen Harianto Motorsport Bukan Hanya Soal Balapan Dari pengalaman tersebut, Memen menilai pembalap Indonesia yang ingin mengikuti kompetisi internasional perlu memahami bahwa motorsport memiliki ekosistem yang lebih luas daripada sekadar persiapan kendaraan. Teknis, safety, shipping, dokumen, kepabeanan, hingga koordinasi logistik harus dipikirkan sejak awal. ""Jangan sampai kita hanya fokus membuat mobil bagus dan cepat, tapi lupa bagaimana cara membawa mobil itu keluar dan masuk kembali ke Indonesia. Semua harus dipikirkan dari awal,"" tutur Memen. Memen berharap pengalaman ini dapat menjadi referensi bagi pembalap Indonesia lainnya yang ingin membawa kendaraan sendiri untuk berlaga di kompetisi internasional. ""Terima kasih kepada KADIN, dan Bea Cukai, yang setiap tahun selalu mendukung kami dalam mengikuti AXCR,"" tutup Memen. Baca juga: Bagaimana Kiprah Pereli Indonesia di AXCR 2026?","['perelimemen', 'hariantomembawa', 'cerita', 'tampil', 'diasia', 'cross', 'country', 'rally', 'axcr', 'lintas', 'bawa', 'mobil', 'balap', 'ajang', 'internasional', 'siap', 'mesin', 'performa', 'kendara', 'urus', 'dokumen', 'pabean', 'logistik', 'proses', 'bawa', 'kendara', 'tanah', 'air', 'siap', 'pen', 'harianto', 'leader', 'indonesia', 'cross', 'country', 'rally', 'team', 'ixcrt', 'kategori', 'mobil', 'rasa', 'bawa', 'toyota', 'hilux', 'revo', 'nomor', 'laga', 'asia', 'cross', 'country', 'rally', 'axcr', 'thailand', 'scroll', 'to', 'continue', 'with', 'content', 'selesai', 'enam', 'leg', 'axcr', 'finis', 'posisi', 'empat', 'kelas', 'tg', 'kendara', 'serta', 'lengkap', 'dukung', 'indonesia', 'september', 'bea', 'cukai', 'periksa', 'kontainer', 'bawa', 'kendara', 'lengkap', 'proses', 'pabean', 'pen', 'dukung', 'sponsor', 'fin', 'galad', 'exchange', 'pertamina', 'lubricants', 'gadai', 'indonesia', 'injourney', 'airport', 'alam', 'sempat', 'bagi', 'edukasi', 'proses', 'resmi', 'bawa', 'kendara', 'kompetisi', 'negeri', 'ata', 'carnet', 'paspor', 'barang', 'salah', 'dokumen', 'giat', 'ata', 'carnet', 'dokumen', 'pabean', 'internasional', 'bawa', 'barang', 'negara', 'bawa', 'negara', 'sifat', 'ata', 'carnet', 'giat', 'internasional', 'motorsport', 'bawa', 'kendara', 'spare', 'part', 'tools', 'ban', 'lengkap', 'dukung', 'sederhana', 'ata', 'carnet', 'kerap', 'paspor', 'barang', 'guna', 'ikut', 'tentu', 'pabean', 'negara', 'negara', 'tuju', 'urus', 'kadin', 'alam', 'pen', 'proses', 'siap', 'berangkat', 'aju', 'ata', 'carnet', 'kamar', 'dagang', 'industri', 'kadin', 'lembaga', 'terbit', 'ata', 'carnet', 'indonesia', 'mohon', 'general', 'list', 'daftar', 'rinci', 'barang', 'bawa', 'motorsport', 'daftar', 'cakup', 'kendara', 'spare', 'part', 'ban', 'velg', 'tools', 'lengkap', 'servis', 'data', 'jenis', 'barang', 'identitas', 'nomor', 'seri', 'nilai', 'barang', 'barang', 'cantum', 'akurat', 'acu', 'periksa', 'biaya', 'administrasi', 'mohon', 'uang', 'jamin', 'sesuai', 'tentu', 'laku', 'jamin', 'kait', 'wajib', 'pegang', 'carnet', 'penuh', 'mekanisme', 'pasu', 'selesai', 'pabean', 'barang', 'selesai', 'sesuai', 'prosedur', 'syarat', 'penuh', 'barang', 'periksa', 'bea', 'cukai', 'berangkat', 'cocok', 'data', 'general', 'list', 'ata', 'carnet', 'bawa', 'mobil', 'balap', 'negeri', 'siap', 'mobil', 'barang', 'bawa', 'spare', 'part', 'tools', 'ban', 'data', 'jenis', 'barang', 'harga', 'negara', 'form', 'dapat', 'kadin', 'aju', 'pen', 'axcr', 'butuh', 'logistik', 'tim', 'total', 'kontainer', 'berangkat', 'indonesia', 'kontainer', 'feet', 'bawa', 'toyota', 'hilux', 'revo', 'pen', 'harianto', 'spare', 'part', 'butuh', 'tim', 'motor', 'pimpin', 'rudy', 'poa', 'leader', 'tim', 'rider', 'senior', 'kontainer', 'feet', 'bawa', 'suzuki', 'jimny', 'milik', 'gema', 'suria', 'dodi', 'kondisi', 'ikut', 'crosscountry', 'rally', 'internasional', 'butuh', 'mobil', 'balap', 'rencana', 'logistik', 'matang', 'kapal', 'delay', 'jalan', 'thailand', 'tim', 'hadap', 'ubah', 'jadwal', 'lambat', 'kapal', 'kondisi', 'periode', 'negara', 'indonesia', 'ubah', 'jadwal', 'tim', 'sesuai', 'butuh', 'logistik', 'administrasi', 'kondisi', 'koordinasi', 'bea', 'cukai', 'selesai', 'proses', 'berangkat', 'pen', 'apresiasi', 'asistensi', 'koordinasi', 'bea', 'cukai', 'selesai', 'proses', 'dokumen', 'pabean', 'sesuai', 'akibat', 'ubah', 'jadwal', 'kapal', 'sesuai', 'prosedur', 'kapal', 'delay', 'sesuai', 'jadwal', 'bantu', 'asistensi', 'koordinasi', 'bea', 'cukai', 'selesai', 'proses', 'dokumen', 'berangkat', 'komunikasi', 'bantu', 'paham', 'selesai', 'proses', 'pen', 'dukung', 'apresiasi', 'adhang', 'noegroho', 'adhi', 'kepala', 'kantor', 'layan', 'utama', 'kpu', 'bea', 'cukai', 'tipe', 'a', 'tanjung', 'priok', 'dukung', 'apresiasi', 'indonesia', 'cross', 'country', 'rally', 'team', 'bawa', 'nama', 'harum', 'indonesia', 'event', 'rally', 'internasional', 'layak', 'contoh', 'panutan', 'tim', 'tertib', 'taat', 'atur', 'bawa', 'barang', 'masuk', 'adhang', 'axcr', 'selesai', 'kendara', 'lengkap', 'indonesia', 'jalan', 'proses', 'pabean', 'bea', 'cukai', 'periksa', 'kontainer', 'tanah', 'air', 'kendara', 'lengkap', 'periksa', 'cocok', 'data', 'dokumentasi', 'cantum', 'ata', 'carnet', 'general', 'list', 'proses', 'barang', 'sesuai', 'barang', 'bawa', 'indonesia', 'wajib', 'pabean', 'selesai', 'sesuai', 'tentu', 'proses', 'selesai', 'ata', 'carnet', 'kembali', 'jamin', 'pegang', 'carnet', 'lanjut', 'mekanisme', 'laku', 'support', 'bea', 'cukai', 'rasa', 'proses', 'berangkat', 'barang', 'asistensi', 'koordinasi', 'bantu', 'selesai', 'proses', 'jalan', 'sesuai', 'prosedur', 'pen', 'baca', 'axcr', 'overheating', 'gagal', 'misi', 'juara', 'pen', 'harianto', 'motorsport', 'balap', 'alam', 'pen', 'nilai', 'balap', 'indonesia', 'ikut', 'kompetisi', 'internasional', 'paham', 'motorsport', 'milik', 'ekosistem', 'luas', 'siap', 'kendara', 'teknis', 'safety', 'shipping', 'dokumen', 'pabean', 'koordinasi', 'logistik', 'pikir', 'fokus', 'mobil', 'bagus', 'cepat', 'lupa', 'bawa', 'mobil', 'masuk', 'indonesia', 'pikir', 'pen', 'pen', 'harap', 'alam', 'referensi', 'balap', 'indonesia', 'bawa', 'kendara', 'laga', 'kompetisi', 'internasional', 'terima', 'kasih', 'kadin', 'bea', 'cukai', 'dukung', 'ikut', 'axcr', 'tutup', 'pen', 'baca', 'kiprah', 'reli', 'indonesia', 'axcr', 'axcr', 'butuh', 'logistik', 'tim', 'total', 'kontainer', 'berangkat', 'indonesia', 'kontainer', 'feet', 'bawa', 'toyota', 'hilux', 'revo', 'pen', 'harianto', 'spare', 'part', 'butuh', 'tim', 'motor', 'pimpin', 'rudy', 'poa', 'leader', 'tim', 'rider', 'senior', 'kontainer', 'feet', 'bawa', 'suzuki', 'jimny', 'milik', 'gema', 'suria', 'dodi', 'kondisi', 'ikut', 'crosscountry', 'rally', 'internasional', 'butuh', 'mobil', 'balap', 'rencana', 'logistik', 'matang', 'kapal', 'delay', 'jalan', 'thailand', 'tim', 'hadap', 'ubah', 'jadwal', 'lambat', 'kapal', 'kondisi', 'periode', 'negara', 'indonesia', 'ubah', 'jadwal', 'tim', 'sesuai', 'butuh', 'logistik', 'administrasi', 'kondisi', 'koordinasi', 'bea', 'cukai', 'selesai', 'proses', 'berangkat', 'pen', 'apresiasi', 'asistensi', 'koordinasi', 'bea', 'cukai', 'selesai', 'proses', 'dokumen', 'pabean', 'sesuai', 'akibat', 'ubah', 'jadwal', 'kapal', 'sesuai', 'prosedur', 'kapal', 'delay', 'sesuai', 'jadwal', 'bantu', 'asistensi', 'koordinasi', 'bea', 'cukai', 'selesai', 'proses', 'dokumen', 'berangkat', 'komunikasi', 'bantu', 'paham', 'selesai', 'proses', 'pen', 'dukung', 'apresiasi', 'adhang', 'noegroho', 'adhi', 'kepala', 'kantor', 'layan', 'utama', 'kpu', 'bea', 'cukai', 'tipe', 'a', 'tanjung', 'priok', 'dukung', 'apresiasi', 'indonesia', 'cross', 'country', 'rally', 'team', 'bawa', 'nama', 'harum', 'indonesia', 'event', 'rally', 'internasional', 'layak', 'contoh', 'panutan', 'tim', 'tertib', 'taat', 'atur', 'bawa', 'barang', 'masuk', 'adhang', 'axcr', 'selesai', 'kendara', 'lengkap', 'indonesia', 'jalan', 'proses', 'pabean', 'bea', 'cukai', 'periksa', 'kontainer', 'tanah', 'air', 'kendara', 'lengkap', 'periksa', 'cocok', 'data', 'dokumentasi', 'cantum', 'ata', 'carnet', 'general', 'list', 'proses', 'barang', 'sesuai', 'barang', 'bawa', 'indonesia', 'wajib', 'pabean', 'selesai', 'sesuai', 'tentu', 'proses', 'selesai', 'ata', 'carnet', 'kembali', 'jamin', 'pegang', 'carnet', 'lanjut', 'mekanisme', 'laku', 'support', 'bea', 'cukai', 'rasa', 'proses', 'berangkat', 'barang', 'asistensi', 'koordinasi', 'bantu', 'selesai', 'proses', 'jalan', 'sesuai', 'prosedur', 'pen', 'baca', 'axcr', 'overheating', 'gagal', 'misi', 'juara', 'pen', 'harianto', 'motorsport', 'balap', 'alam', 'pen', 'nilai', 'balap', 'indonesia', 'ikut', 'kompetisi', 'internasional', 'paham', 'motorsport', 'milik', 'ekosistem', 'luas', 'siap', 'kendara', 'teknis', 'safety', 'shipping', 'dokumen', 'pabean', 'koordinasi', 'logistik', 'pikir', 'fokus', 'mobil', 'bagus', 'cepat', 'lupa', 'bawa', 'mobil', 'masuk', 'indonesia', 'pikir', 'pen', 'pen', 'harap', 'alam', 'referensi', 'balap', 'indonesia', 'bawa', 'kendara', 'laga', 'kompetisi', 'internasional', 'terima', 'kasih', 'kadin', 'bea', 'cukai', 'dukung', 'ikut', 'axcr', 'tutup', 'pen', 'baca', 'kiprah', 'reli', 'indonesia', 'axcr']",Sport
"Marc Marquezmemimpin persainganMotoGP 2026setelah sempat jauh tertinggal. Marquez mengakui, dirinya mendapatkan keuntungan dari rival-rivalnya. Pebalap Ducati itu tak sekalipun memenangi balapan grand prix di tujuh seri pertama musim ini, bahkan empat kali gagal mendulang angka. Sementara itu duo ApriliaMarco BezzecchidanJorge Martintokcer sehingga mendominasi dua posisi teratas klasemen. Finis ketujuh di Mugello menempatkan Marc Marquez tercecer 102 poin dari pemimpin kejuaraan. Namun, setelahnya juara dunia sembilan kali itu pelan-pelan melesat. SCROLL TO CONTINUE WITH CONTENT  Marquez tampil sebagai juara di Hungaria, Ceko, Jerman, Aragon, dan San Marino. Empat di antaranya termasuk balapan akhir pekan lalu di Misano berhasil disapu bersih Marquez. Di sisi lain, baik Martin dan Bezzecchi justru memudar usai sama sekali gagal memenangi satupun balapan grand prix. Alhasil,Marc Marquezkini memuncakiklasemen MotoGPdengan 274 poin. Marquez dibayangi Jorge Martin dengan perolehan poin yang sama tapi unggul jumlah kemenangan, sedangkan Bezzecchi ketiga dengan selisih 33 poin.  Marquez mengungkapkan, performa menurun rival-rivalnya jadi kado manis buatnya dalam persainganMotoGP 2026. ""Aku tadinya siap balapan [di Mugello], dengan kondisi tidak 100%, tapi itu sekaligus juga cara untuk mempersiapkan -- jika Anda ingin memiliki kesempatan untuk memenangi balapan,"" sahut pebalap berusia 33 tahun ini diCrash. ""Saat itu aku enggak memikirkan tentang kejuaraan karena itu tidak tergantung kepadaku. Memang benar bahwa para rival memberiku sebuah hadiah, dan ketika aku merasakan hadiah itu, rasanya manis. Jadi aku sedang berusaha memaksimalkan keuntunganku dari gaya balapku, dari motorku, dan dari timku,""Marc Marquezmenambahkan.","['marc', 'marquezmemimpin', 'persainganmotogp', 'tinggal', 'marquez', 'aku', 'untung', 'rivalrivalnya', 'balap', 'ducati', 'tang', 'balap', 'grand', 'prix', 'tujuh', 'seri', 'musim', 'kali', 'gagal', 'dulang', 'angka', 'duo', 'apriliamarco', 'bezzecchidanjorge', 'martintokcer', 'dominasi', 'posisi', 'atas', 'klasemen', 'finis', 'tujuh', 'mugello', 'tempat', 'marc', 'marquez', 'cecer', 'poin', 'pimpin', 'juara', 'telah', 'juara', 'dunia', 'sembilan', 'kali', 'pelanpelan', 'lesat', 'scroll', 'to', 'continue', 'with', 'content', 'marquez', 'tampil', 'juara', 'hungaria', 'ceko', 'jerman', 'aragon', 'san', 'marino', 'balap', 'pekan', 'misano', 'hasil', 'sapu', 'bersih', 'marquez', 'sisi', 'martin', 'bezzecchi', 'pudar', 'gagal', 'tang', 'satu', 'balap', 'grand', 'prix', 'alhasilmarc', 'marquezkini', 'memuncakiklasemen', 'motogpdengan', 'poin', 'marquez', 'bayang', 'jorge', 'martin', 'oleh', 'poin', 'unggul', 'menang', 'bezzecchi', 'tiga', 'selisih', 'poin', 'marquez', 'performa', 'turun', 'rivalrivalnya', 'kado', 'manis', 'buat', 'persainganmotogp', 'balap', 'mugello', 'kondisi', 'milik', 'sempat', 'tang', 'balap', 'sahut', 'balap', 'usia', 'dicrash', 'pikir', 'juara', 'gantung', 'kepada', 'rival', 'beri', 'hadiah', 'rasa', 'hadiah', 'manis', 'usaha', 'maksimal', 'untung', 'gaya', 'balap', 'motor', 'timkumarc', 'marquezmenambahkan']",Sport
"Atlet angkat besiEko Yuli Irawanincar tiketOlimpiade Los Angeles 2028.Tekadnya itu sekaligus menandakan kariernya belum lah usai. Eko, sapaan karibnya, memang akan menandai Asian Games 2026 sebagai multievet level Asia terakhirnya. Tapi untuk urusan Olimpiade, dia masih menyimpan ambisi besar untuk dapat tampil kembali. ""Ya kita coba. Mudah-mudahan terakhir juga (Olimpiade). Cuma kita bersaing dengan para junior untuk kualifikasi lagi,"" ujar Eko kepada detikSport. SCROLL TO CONTINUE WITH CONTENT Jika lolos kualifikasi Olimpiade LA, maka Eko akan menandai Olimpiade keenamnya. Empat edisi sebelumnya (2008, 2012, 2016, 2020), ia sudah mengantongi dua medali perak dan dua perunggu. Pada Olimpiade 2024, atlet kelahiran Lampung ini gagal meraih medali. Ia mengalami cedera pada bagian paha kanan satu bulan sebelum terbang ke Paris sehingga mengganggu performanya saat bertanding. Di kualifikasi Olimpiade, Eko rencananya akan turun di kelas 65kg dan Asian Games di Aichi-Nagoya bakal menjadi ajang pemanasannya dengan kelas baru tersebut. Saat ini bobotnya masih di 69kg dan ditargetkan turun seminggu sebelum bertanding. ""Saya turun di kelas 65kg. Sudah berubah lagi, kelasnya pakai yang olimpiade.Sekarang (berat badan) saya masih di 69kg. Maunya turun seminggu terakhir,"" jelas Eko.  Selain kelas 65kg, kelas Olimpiade sektor putra terdiri dari 75kg, 85kg, 95kg, 110kg, dan +110kg. Sementara nomor putri yaitu 53kg, 61kg, 69kg, 77kg, 86kg, dan +86kg. Kualifikasi Olimpiade angkat besi akan dibagi dalam dua periode. Periode pertama bakal dimulai tepatnya di Kejuaraan Dunia Angkat Besi Senior yang rencananya bergulir 27 Oktober hingga 8 November 2026 di Ningbo, China. Setelahnya event yang mengikuti ialah 1st IWF Qualifier for LA2028. Jika mengikuti kalender IWF maka akan berlangsung pada Desember. Namun itu belum bisa dipastikan karena tempat dan waktu penyelenggaraan masih akan diumumkan lebih lanjut. Sementara tahun 2027 akan digelar lima kejuaraan yang merupakan bagian dari kualifikasi Olimpiade. Yaitu Kualifikasi IWF II, Kejuaraan Senior Kontinental, Kualifikasi IWF III, Kejuaraan Senior Dunia IWF 2027. Empat kejuaraan di atas masih masuk dalam periode pertama kualifikasi Olimpiade. Sementara di periode kedua akan digelar Kualifikasi IWF IV yang digelar pada tahun depan. Kemudian Kualifikasi IWF 2028, Kejuaraan Kontinental senior, Kejuaraan Dunia Senior IWF. Periode kualifikasi Olimpiade akan berakhir pada 7 Mei 2028.","['atlet', 'angkat', 'besieko', 'yuli', 'irawanincar', 'tiketolimpiade', 'los', 'angeles', 'tekad', 'tanda', 'karier', 'eko', 'sapa', 'karib', 'tanda', 'asi', 'games', 'multievet', 'level', 'asia', 'akhir', 'urus', 'olimpiade', 'simpan', 'ambisi', 'tampil', 'ya', 'coba', 'mudahmudahan', 'olimpiade', 'saing', 'junior', 'kualifikasi', 'eko', 'detiksport', 'scroll', 'to', 'continue', 'with', 'content', 'lolos', 'kualifikasi', 'olimpiade', 'la', 'eko', 'tanda', 'olimpiade', 'enam', 'edisi', 'kantong', 'medali', 'perak', 'perunggu', 'olimpiade', 'atlet', 'lahir', 'lampung', 'gagal', 'raih', 'medali', 'alami', 'cedera', 'paha', 'kanan', 'terbang', 'paris', 'ganggu', 'performa', 'tanding', 'kualifikasi', 'olimpiade', 'eko', 'rencana', 'turun', 'kelas', 'kg', 'asi', 'games', 'aichinagoya', 'ajang', 'panas', 'kelas', 'bobot', 'kg', 'target', 'turun', 'minggu', 'tanding', 'turun', 'kelas', 'kg', 'ubah', 'kelas', 'pakai', 'olimpiadesekarang', 'berat', 'badan', 'kg', 'mau', 'turun', 'minggu', 'eko', 'kelas', 'kg', 'kelas', 'olimpiade', 'sektor', 'putra', 'kg', 'kg', 'kg', 'kg', 'kg', 'nomor', 'putri', 'kg', 'kg', 'kg', 'kg', 'kg', 'kg', 'kualifikasi', 'olimpiade', 'angkat', 'besi', 'bagi', 'periode', 'periode', 'tepat', 'juara', 'dunia', 'angkat', 'besi', 'senior', 'rencana', 'gulir', 'oktober', 'november', 'ningbo', 'china', 'telah', 'event', 'ikut', 'st', 'iwf', 'qualifier', 'for', 'la', 'ikut', 'kalender', 'iwf', 'desember', 'selenggara', 'umum', 'gelar', 'juara', 'kualifikasi', 'olimpiade', 'kualifikasi', 'iwf', 'ii', 'juara', 'senior', 'kontinental', 'kualifikasi', 'iwf', 'iii', 'juara', 'senior', 'dunia', 'iwf', 'juara', 'masuk', 'periode', 'kualifikasi', 'olimpiade', 'periode', 'gelar', 'kualifikasi', 'iwf', 'iv', 'gelar', 'kualifikasi', 'iwf', 'juara', 'kontinental', 'senior', 'juara', 'dunia', 'senior', 'iwf', 'periode', 'kualifikasi', 'olimpiade', 'mei']",Sport
"Tim bulutangkis Indonesia terus mematangkan persiapan menuju Asian Games Aichi-Nagoya 2026. Memasuki hari kedua pemusatan latihan di Tokyo, skuad Merah Putih mendapat variasi permainan lewat latih tanding dengan klub Jepang, NTT East Badminton Club. Latih tanding tersebut digelar Selasa (15/9/2026). Para pemain ganda putra dan putri Indonesia mendapat kesempatan menghadapi pasangan Jepang untuk menambah pengalaman sebelum terjun di Asian Games. Pelatih Kepala Ganda Putra Indonesia, Antonius Budi Ariantho, menilai latih tanding dengan klub Jepang memberikan manfaat penting. Menurutnya, para pemain bisa menghadapi pola permainan berbeda dibandingkan saat berlatih dengan rekan sendiri. SCROLL TO CONTINUE WITH CONTENT ""Dengan sparing bersama klub dari Jepang saya rasa sangat positif. Kami mendapat variasi pola main dari lawan yang berbeda. Kalau dengan tim sendiri kan sudah sehari-hari ya,"" kata Antonius Budi Ariantho dalam keterangannya.  ""Manfaatnya nanti bisa dirasakan saat pertandingan, sudah lebih banyak dan siap dengan pola yang berbeda-beda,"" lanjutnya. Anton juga menyebut persiapan sektor ganda putra sudah matang. Lima pemain yang ada di skuad terus dibiasakan bermain dengan pasangan berbeda selama persiapan di Indonesia. ""Dari sejak di Indonesia sudah dibiasakan, lima pemain ini kami putar dengan pasangan yang berbeda. Saya rasa persiapan sudah matang banget ya, tinggal lihat nanti ketemu siapa, kebutuhannya bagaimana,"" Anton mengungkapkan. Hal serupa dirasakan ganda putri Rachel Allessya Rose/Febi Setianingrum. Bagi mereka, kesempatan berlatih tanding dengan ganda putri Jepang membuat suasana latihan lebih segar sekaligus memberikan pengalaman menghadapi karakter permainan yang berbeda. ""Seru tadi bisa latih tanding dengan ganda-ganda Jepang. Biasanya jadi lawan tapi hari ini bisa latihan bersama. Positif sekali hawanya dan ada suasana baru,"" kata Rachel. Febi menilai karakter permainan ganda Jepang juga bisa menjadi modal tambahan bagi dirinya dan Rachel sebelum tampil di Asian Games. ""Ganda Jepang terkenal ulet dan tenaganya cukup kencang, tadi juga ada Hinata Suzuki/Nao Yamakita yang sudah sering ikut World Tour Series. Ini jadi tambahan modal kami ke Asian Games nanti,"" Febi menimpali.  Asian Games Aichi-Nagoya 2026 akan dibuka pada 19 September. Cabang bulutangkis kemudian dipertandingkan pada 20-24 September untuk nomor beregu dan 25-29 September untuk nomor perorangan. Bagi Rachel/Febi, Asian Games kali ini menjadi panggung debut mereka. Keduanya ingin menjadikan hasil di Kejuaraan Dunia sebagai bahan evaluasi untuk tampil lebih baik di Jepang. ""Hasil dari Kejuaraan Dunia jadi evaluasi bagi kami. Di sini kami harus lebih maksimal, tidak mau kalahnya ditingkatkan lagi. Senang bisa dipercaya main Asian Games,"" ucap Febi yang diamini Rachel. Dengan persiapan yang semakin dekat ke hari pertandingan, latih tanding melawan klub Jepang menjadi kesempatan bagi para pemain Indonesia untuk memperkaya variasi permainan sebelum menghadapi persaingan di Asian Games 2026.","['tim', 'bulutangkis', 'indonesia', 'matang', 'siap', 'asi', 'games', 'aichinagoya', 'pasuk', 'pusat', 'latih', 'tokyo', 'skuad', 'merah', 'putih', 'variasi', 'main', 'latih', 'tanding', 'klub', 'jepang', 'ntt', 'east', 'badminton', 'club', 'latih', 'tanding', 'gelar', 'selasa', 'main', 'ganda', 'putra', 'putri', 'indonesia', 'sempat', 'hadap', 'pasang', 'jepang', 'tambah', 'alam', 'terjun', 'asi', 'games', 'latih', 'kepala', 'ganda', 'putra', 'indonesia', 'antonius', 'budi', 'ariantho', 'nilai', 'latih', 'tanding', 'klub', 'jepang', 'manfaat', 'turut', 'main', 'hadap', 'pola', 'main', 'beda', 'banding', 'latih', 'rekan', 'scroll', 'to', 'continue', 'with', 'content', 'sparing', 'klub', 'jepang', 'positif', 'variasi', 'pola', 'main', 'lawan', 'beda', 'tim', 'seharihari', 'ya', 'antonius', 'budi', 'ariantho', 'terang', 'manfaat', 'rasa', 'tanding', 'pola', 'berbedabeda', 'anton', 'sebut', 'siap', 'sektor', 'ganda', 'putra', 'matang', 'main', 'skuad', 'biasa', 'main', 'pasang', 'beda', 'siap', 'indonesia', 'indonesia', 'biasa', 'main', 'putar', 'pasang', 'beda', 'siap', 'matang', 'banget', 'ya', 'tinggal', 'lihat', 'ketemu', 'butuh', 'anton', 'rasa', 'ganda', 'putri', 'rachel', 'allessya', 'rosefebi', 'setianingrum', 'sempat', 'latih', 'tanding', 'ganda', 'putri', 'jepang', 'suasana', 'latih', 'segar', 'alam', 'hadap', 'karakter', 'main', 'beda', 'seru', 'latih', 'tanding', 'gandaganda', 'jepang', 'lawan', 'latih', 'positif', 'hawa', 'suasana', 'rachel', 'febi', 'nilai', 'karakter', 'main', 'ganda', 'jepang', 'modal', 'tambah', 'rachel', 'tampil', 'asi', 'games', 'ganda', 'jepang', 'kenal', 'ulet', 'tenaga', 'kencang', 'hinata', 'suzukinao', 'yamakita', 'world', 'tour', 'series', 'tambah', 'modal', 'asi', 'games', 'febi', 'timpal', 'asi', 'games', 'aichinagoya', 'buka', 'september', 'cabang', 'bulutangkis', 'tanding', 'september', 'nomor', 'regu', 'september', 'nomor', 'orang', 'rachelfebi', 'asi', 'games', 'kali', 'panggung', 'debut', 'jadi', 'hasil', 'juara', 'dunia', 'bahan', 'evaluasi', 'tampil', 'jepang', 'hasil', 'juara', 'dunia', 'evaluasi', 'maksimal', 'kalah', 'tingkat', 'senang', 'percaya', 'main', 'asi', 'games', 'febi', 'amin', 'rachel', 'siap', 'tanding', 'latih', 'tanding', 'lawan', 'klub', 'jepang', 'sempat', 'main', 'indonesia', 'kaya', 'variasi', 'main', 'hadap', 'saing', 'asi', 'games']",Sport
"Timnas basket putra Indonesia gagal melaju ke perempatfinal Asian Games 2026. Pelatih David Singleton menyebut hasil tersebut sebagai kegagalan dan menegaskan evaluasi menyeluruh akan dilakukan. Yudha Saputera dkk gagal meraih kemenangan dalam tiga pertandingan Grup A. Indonesia kalah telak dari Jepang 53-98, kemudian takluk 48-102 dari Korea Selatan, dan kembali menelan kekalahan saat menghadapi Arab Saudi dengan skor 89-100. Hasil tersebut membuat Indonesia finis di posisi keempat Grup A dengan tiga poin dari tiga kekalahan. Tim Merah Putih pun harus mengakhiri kiprahnya lebih awal. Singleton secara terbuka mengakui hasil tersebut tidak sesuai dengan standar yang ditetapkan untuk tim nasional. ""Kami menilai hasil ini sebagai kegagalan. Kami yakin masih banyak potensi yang bisa kami tunjukkan, namun kami tidak mendapatkan proses adaptasi yang cukup cepat selama berada di Jepang,"" kata pelatih yang karib disapa Dave ini dikutip dari laman federasi.  Singleton menegaskan timnya tidak ingin mencari alasan atas hasil buruk tersebut. Menurutnya, Indonesia membutuhkan lebih banyak pengalaman bertanding dan waktu kebersamaan, terutama dalam persiapan menghadapi Asian Games. ""Kami tidak mencari-cari alasan. Itu poin utamanya. Jika harus menjawab berdasarkan fakta, kami sebenarnya membutuhkan lebih banyak pengalaman bertanding dan waktu kebersamaan, terutama bagi tim Asian Games. Kami baru benar-benar bangkit dan menunjukkan kemampuan terbaik kami pada pertandingan ketiga,"" jelasnya. Meski gagal meraih kemenangan, Singleton menilai para pemain tetap menunjukkan perjuangan hingga pertandingan terakhir. ""Hal yang ingin saya tekankan adalah tim kami tetap tampil dan berjuang hingga akhir. Kami ingin masyarakat Indonesia tahu bahwa kami tidak akan pernah menyerah,"" ujarnya. Namun, Singleton mengakui penampilan Indonesia belum mencerminkan kemampuan sebenarnya. ""Sayangnya, kami tidak bisa menunjukkan jati diri kami yang sesungguhnya hingga pertandingan terakhir melawan Arab Saudi. Ini bukanlah standar yang ingin kami tetapkan di level tim nasional,"" tegas Singleton.  Kegagalan di Asian Games 2026 pun menjadi bahan evaluasi besar bagi seluruh elemen tim. Evaluasi tidak hanya menyasar pelatih dan pemain, tetapi juga staf pendukung, aspek organisasi, hingga penjadwalan. ""Kami harus mengevaluasi segalanya. Federasi memiliki harapan agar kami meraih kemenangan dan tampil lebih baik. Oleh karena itu, mulai dari pelatih, pemain, staf pendukung, hingga aspek organisasi dan penjadwalan, semuanya akan dievaluasi dan diperbaiki,"" tuturnya. Singleton juga menilai pembenahan tidak boleh berhenti di level tim senior. Pengembangan pemain dan pelatih dari level akar rumput dinilai penting untuk menyiapkan generasi berikutnya. ""Kami sebenarnya tidak jauh dari pencapaian hasil yang lebih baik, namun kami harus bergerak dalam hal pengembangan dan peningkatan, tidak hanya di level senior, tetapi juga di tingkat akar rumput (baik bagi pemain maupun pelatih), demi generasi mendatang."" ""Kami akan mencari berbagai cara untuk melakukan perbaikan, baik pada masa persiapan maupun selama kompetisi berlangsung,"" tegas Singleton.","['timnas', 'basket', 'putra', 'indonesia', 'gagal', 'laju', 'perempatfinal', 'asi', 'games', 'latih', 'david', 'singleton', 'sebut', 'hasil', 'gagal', 'evaluasi', 'yudha', 'saputera', 'dkk', 'gagal', 'raih', 'menang', 'tanding', 'grup', 'a', 'indonesia', 'kalah', 'telak', 'jepang', 'takluk', 'korea', 'selatan', 'tel', 'kalah', 'hadap', 'arab', 'saudi', 'skor', 'hasil', 'indonesia', 'finis', 'posisi', 'empat', 'grup', 'a', 'poin', 'kalah', 'tim', 'merah', 'putih', 'kiprah', 'singleton', 'buka', 'aku', 'hasil', 'sesuai', 'standar', 'tetap', 'tim', 'nasional', 'nilai', 'hasil', 'gagal', 'potensi', 'tunjuk', 'proses', 'adaptasi', 'cepat', 'jepang', 'latih', 'karib', 'sapa', 'dave', 'kutip', 'laman', 'federasi', 'singleton', 'tim', 'cari', 'alas', 'hasil', 'buruk', 'turut', 'indonesia', 'butuh', 'alam', 'tanding', 'sama', 'siap', 'hadap', 'asi', 'games', 'mencaricari', 'alas', 'poin', 'utama', 'dasar', 'fakta', 'butuh', 'alam', 'tanding', 'sama', 'tim', 'asi', 'games', 'benarbenar', 'bangkit', 'mampu', 'baik', 'tanding', 'tiga', 'gagal', 'raih', 'menang', 'singleton', 'nilai', 'main', 'juang', 'tanding', 'tekan', 'tim', 'tampil', 'juang', 'masyarakat', 'indonesia', 'serah', 'singleton', 'aku', 'tampil', 'indonesia', 'cermin', 'mampu', 'sayang', 'jati', 'sungguh', 'tanding', 'lawan', 'arab', 'saudi', 'standar', 'tetap', 'level', 'tim', 'nasional', 'singleton', 'gagal', 'asi', 'games', 'bahan', 'evaluasi', 'elemen', 'tim', 'evaluasi', 'sasar', 'latih', 'main', 'staf', 'dukung', 'aspek', 'organisasi', 'jadwal', 'evaluasi', 'federasi', 'milik', 'harap', 'raih', 'menang', 'tampil', 'latih', 'main', 'staf', 'dukung', 'aspek', 'organisasi', 'jadwal', 'evaluasi', 'baik', 'singleton', 'nilai', 'benah', 'henti', 'level', 'tim', 'senior', 'kembang', 'main', 'latih', 'level', 'akar', 'rumput', 'nilai', 'generasi', 'capai', 'hasil', 'gerak', 'kembang', 'tingkat', 'level', 'senior', 'tingkat', 'akar', 'rumput', 'main', 'latih', 'generasi', 'cari', 'baik', 'siap', 'kompetisi', 'singleton']",Sport
"Perbasi merilis roster Timnas Basket 3x3 Putri Indonesia yang akan berlaga di Asian Games 2026. Empat pemain dipilih untuk membawa Merah Putih dalam ajang yang digelar di Jepang tersebut. Keempat pemain itu adalah Jesslyne Jaya Wiyanto, Thasya Hery Saputera, Erlina Christiana, dan Diva Intan Nur Fadillah. Mereka akan berjuang di bawah asuhan Deny Sartika. Deny optimistis dengan komposisi yang dimiliki Timnas Basket 3x3 Putri Indonesia. Ia menilai skuadnya memiliki perpaduan pemain big dan small yang dapat menjadi modal menghadapi persaingan di fase grup. SCROLL TO CONTINUE WITH CONTENT ""Komposisi ini secara size ada dua pemain big dan dua small. Nana dan Thasya dengan pengalamannya bisa mengangkat tim dan nge-lead teman-temannya di pertandingan,"" kata Deny Sartika dalam keterangan tertulisnya, Selasa (15/9/2026).  ""Kami dari coaching staff komit, game by game anak-anak bisa kasih improve yang bagus, keluarkan kemampuannya secara maksimal,"" ujarnya. Indonesia tergabung di Pool D bersama Singapura, Thailand, dan Korea Selatan. Berdasarkan jadwal pertandingan yang dirilis panitia Asian Games 2026, Timnas Basket 3x3 Putri Indonesia akan menghadapi Singapura terlebih dahulu pada 21 September. Pada hari yang sama, Indonesia kemudian berhadapan dengan Korea Selatan. Pertandingan terakhir di fase grup akan mempertemukan Indonesia dengan Thailand pada 23 September. Dari tiga lawan tersebut, Deny menilai Korea Selatan menjadi tim yang paling diunggulkan di Pool D. ""Melihat persaingan di Pool D, kita anggap poolnya yang menjadi unggulan secara hitung-hitungan ya Korea Selatan,"" jelas Deny. Meski demikian, Deny memilih meminta para pemain fokus menghadapi pertandingan satu per satu. Ia ingin skuadnya mampu mengeluarkan kemampuan terbaik yang sudah dipersiapkan selama training center.  ""Kami akan hadapi game lawan Singapura dan Thailand step by step. Kami mencoba mengeluarkan kemampuan terbaik yang kita kejar dan keluarkan apa yang telah latih selama persiapan training center."" Timnas Basket 3x3 Putri Indonesia dijadwalkan bertolak ke Jepang pada 19 September. Deny berharap para pemain dapat tampil tanpa beban dan mendapat dukungan penuh dari masyarakat Indonesia. ""Semoga pemain tidak terbebani dan bisa mengeluarkan kemampuan terbaiknya lawan Thailand dan Singapura,"" kata Deny. ""Saya berharap dukungan dari masyarakat Indonesia dan insan basket di Tanah Air, semoga basket 3x3 putri bisa memberikan all out 100% di setiap game,"" ucapnya. ","['basi', 'rilis', 'roster', 'timnas', 'basket', 'x', 'putri', 'indonesia', 'laga', 'asi', 'games', 'main', 'pilih', 'bawa', 'merah', 'putih', 'ajang', 'gelar', 'jepang', 'empat', 'main', 'jesslyne', 'jaya', 'wiyanto', 'thasya', 'hery', 'saputera', 'erlina', 'christiana', 'diva', 'intan', 'nur', 'fadil', 'juang', 'asuh', 'deny', 'sartika', 'deny', 'optimistis', 'komposisi', 'milik', 'timnas', 'basket', 'x', 'putri', 'indonesia', 'nilai', 'skuadnya', 'milik', 'padu', 'main', 'big', 'small', 'modal', 'hadap', 'saing', 'fase', 'grup', 'scroll', 'to', 'continue', 'with', 'content', 'komposisi', 'size', 'main', 'big', 'small', 'nana', 'thasya', 'alam', 'angkat', 'tim', 'ngelead', 'temantemannya', 'tanding', 'deny', 'sartika', 'terang', 'tulis', 'selasa', 'coaching', 'staff', 'komit', 'game', 'by', 'game', 'anakanak', 'kasih', 'improve', 'bagus', 'keluar', 'mampu', 'maksimal', 'indonesia', 'gabung', 'pool', 'd', 'singapura', 'thailand', 'korea', 'selatan', 'dasar', 'jadwal', 'tanding', 'rilis', 'panitia', 'asi', 'games', 'timnas', 'basket', 'x', 'putri', 'indonesia', 'hadap', 'singapura', 'september', 'indonesia', 'hadap', 'korea', 'selatan', 'tanding', 'fase', 'grup', 'temu', 'indonesia', 'thailand', 'september', 'lawan', 'deny', 'nilai', 'korea', 'selatan', 'tim', 'unggul', 'pool', 'd', 'saing', 'pool', 'd', 'anggap', 'poolnya', 'unggul', 'hitunghitungan', 'ya', 'korea', 'selatan', 'deny', 'deny', 'pilih', 'main', 'fokus', 'hadap', 'tanding', 'skuadnya', 'keluar', 'mampu', 'baik', 'siap', 'training', 'center', 'hadap', 'game', 'lawan', 'singapura', 'thailand', 'step', 'by', 'step', 'coba', 'keluar', 'mampu', 'baik', 'kejar', 'keluar', 'latih', 'siap', 'training', 'center', 'timnas', 'basket', 'x', 'putri', 'indonesia', 'jadwal', 'tolak', 'jepang', 'september', 'deny', 'harap', 'main', 'tampil', 'beban', 'dukung', 'penuh', 'masyarakat', 'indonesia', 'moga', 'main', 'beban', 'keluar', 'mampu', 'baik', 'lawan', 'thailand', 'singapura', 'deny', 'harap', 'dukung', 'masyarakat', 'indonesia', 'insan', 'basket', 'tanah', 'air', 'moga', 'basket', 'x', 'putri', 'all', 'out', 'game']",Sport
"Marc Marquez kembali menjadi yang tercepat di MotoGP San Marino 2026. Rider Ducati Lenovo Team itu memenangi balapan di Sirkuit Misano, Minggu (13/9). Kemenangan ini didapat usai insiden yang menimpa Marco Bezzecchi. Bezzecchi yang start dari pole position harus mengakhiri balapannya lebih awal setelah terjatuh di Tikungan 13 pada lap pertama. Insiden tersebut membuka jalan bagi Marc untuk mengambil alih posisi terdepan. Ia pun terus memimpin balapan hingga garis finis tanpa terkejar rider lain. SCROLL TO CONTINUE WITH CONTENT Alex Marquez dari BK8 Gresini Racing MotoGP tampil solid dan finis di posisi kedua. Podium ketiga ditempati Pedro Acosta dari Red Bull KTM Factory Racing. Tebakan Podium Terjawab Keseruan di San Marino tidak hanya terjadi di lintasan. Para penggemar MotoGP sebelumnya juga ikut menguji insting mereka lewat Bold Riders Podium Picks.image.png Dalam kompetisi ini, peserta menebak tiga rider yang akan finis di posisi pertama, kedua, dan ketiga. Setelah race selesai dan seluruh prediksi diperiksa, dua detikers berhasil mengumpulkan poin tertinggi. Mereka adalah: Vita Mayawati Khoirul Anam Keduanya berhak mendapatkan voucher masing-masing senilai Rp 250 ribu. Selamat untuk Vita Mayawati dan Khoirul Anam yang berhasil membaca peluang podium di San Marino. Buat detikers yang belum berhasil, masih ada seri MotoGP berikutnya untuk kembali menguji insting. Siapa tahu, tebakan berikutnya justru membawa pulang hadiah. Buat kamu yang belum gabung, sekarang waktunya follow Bold Riders, official sponsor Gresini Racing MotoGP team sekaligus wadah komunitas motor multi-genre terbesar di Indonesia. Di sini kamu bisa ketemu sesama pecinta motor, riding bareng, sampai ikut berbagai aktivitas seru. Jangan lupa follow Instagram @boldriders supaya nggak ketinggalan update MotoGP, konten otomotif, dan info event motor lainnya. Bold Riders, Spirit of Brotherhood!","['marc', 'marquez', 'cepat', 'motogp', 'san', 'marino', 'rider', 'ducati', 'lenovo', 'team', 'tang', 'balap', 'sirkuit', 'misano', 'minggu', 'menang', 'insiden', 'timpa', 'marco', 'bezzecchi', 'bezzecchi', 'start', 'pole', 'position', 'balap', 'jatuh', 'tikung', 'lap', 'insiden', 'buka', 'jalan', 'marc', 'ambil', 'alih', 'posisi', 'depan', 'pimpin', 'balap', 'garis', 'finis', 'kejar', 'rider', 'scroll', 'to', 'continue', 'with', 'content', 'alex', 'marquez', 'bk', 'gresini', 'racing', 'motogp', 'tampil', 'solid', 'finis', 'posisi', 'podium', 'tiga', 'tempat', 'pedro', 'acosta', 'red', 'bull', 'ktm', 'factory', 'racing', 'tebak', 'podium', 'jawab', 'seru', 'san', 'marino', 'lintas', 'gemar', 'motogp', 'uji', 'insting', 'bold', 'riders', 'podium', 'picksimagepng', 'kompetisi', 'serta', 'tebak', 'rider', 'finis', 'posisi', 'tiga', 'race', 'selesai', 'prediksi', 'periksa', 'detikers', 'hasil', 'kumpul', 'poin', 'tinggi', 'vita', 'mayawati', 'khoirul', 'anam', 'hak', 'voucher', 'masingmasing', 'nila', 'rp', 'ribu', 'selamat', 'vita', 'mayawati', 'khoirul', 'anam', 'hasil', 'baca', 'peluang', 'podium', 'san', 'marino', 'detikers', 'hasil', 'seri', 'motogp', 'uji', 'insting', 'tebak', 'bawa', 'pulang', 'hadiah', 'gabung', 'follow', 'bold', 'riders', 'official', 'sponsor', 'gresini', 'racing', 'motogp', 'team', 'wadah', 'komunitas', 'motor', 'multigenre', 'besar', 'indonesia', 'ketemu', 'cinta', 'motor', 'riding', 'bareng', 'aktivitas', 'seru', 'lupa', 'follow', 'instagram', 'boldriders', 'nggak', 'tinggal', 'update', 'motogp', 'konten', 'otomotif', 'info', 'event', 'motor', 'bold', 'riders', 'spirit', 'of', 'brotherhood']",Sport
"Jenderal TNI (Purn.) Muhammad Herindra resmi memimpin Pengurus Besar Esports Indonesia (PB ESI) periode 2026-2030. Pembinaan atlet menjadi salah satu fokus utama kepengurusan baru, selain memperkuat ekosistem esports nasional. Herindra dikukuhkan sebagai Ketua Umum PB ESI periode 2026-2030 di Jakarta, Selasa (15/9/2026). Ia menilai kepemimpinan di PB ESI merupakan amanah strategis untuk meningkatkan prestasi sekaligus membangun ekosistem esports yang lebih profesional dan berkelanjutan. ""Menjadi Ketua Umum PB ESI merupakan amanah strategis bangsa, bukan sekadar tugas memajukan olahraga. Talenta lokal harus menjadi tuan rumah di negeri sendiri dan pemain kunci di pasar global,"" kata Herindra dalam pernyataan yang diterima detikSport. Pembinaan tidak hanya akan diarahkan pada kemampuan teknis atlet. Disiplin, kebugaran, kesehatan mental, perlindungan pemain, hingga kepastian jalur karier juga menjadi bagian yang perlu diperkuat. Herindra optimistis Indonesia memiliki banyak talenta muda yang bisa membawa prestasi esports ke level internasional. ""Saya yakin bahwa ke depan kita akan dapat banyak berprestasi. Karena saya melihat banyak talenta-talenta muda Indonesia yang mempunyai bakat untuk membawa Indonesia lebih berbicara di tingkat internasional,"" tegas Herindra.  Ia juga menekankan pentingnya memperkuat ekosistem dalam negeri. Pengembangan developer game lokal, penyelenggara kompetisi, content creator, platform streaming, regulasi, dan standardisasi menjadi bagian dari arah kepengurusan PB ESI. ""Indonesia tidak boleh hanya menjadi pasar atau penonton. Talenta lokal harus menjadi tuan rumah di negeri sendiri dan pemain kunci di pasar global,"" kata Herindra. Herindra juga memandang prestasi esports tidak sebatas perolehan medali, tetapi dapat menjadi bagian dari diplomasi Indonesia di era digital. ""Prestasi internasional bukan hanya soal medali, tetapi juga bentuk diplomasi digital yang memperkuat citra Indonesia,"" ujarnya. Ketua Umum KONI Pusat Letnan Jenderal TNI (Purn.) Marciano Norman memberikan dukungan terhadap kepengurusan PB ESI di bawah Herindra. Ia menilai esports Indonesia sudah memiliki fondasi prestasi setelah meraih gelar di tingkat ASEAN, Asia, hingga dunia. ""PB Esports Indonesia ini telah melahirkan atlet-atlet yang berprestasi dan membanggakan kita semua. Mereka telah berhasil meraih juara, baik di tingkat ASEAN, di tingkat Asia, maupun di tingkat dunia,"" kata Marciano. Marciano berharap capaian tersebut menjadi modal untuk meningkatkan prestasi Indonesia pada kompetisi internasional berikutnya, termasuk Asian Games Aichi-Nagoya. ""Saya betul-betul memberikan dukungan penuh kepada Ketua PB Esports Indonesia, Bapak Muhammad Herindra, beserta jajaran pengurus masa bakti 2026-2030, agar prestasi esports kita dari waktu ke waktu semakin baik,"" tegas Marciano Norman. Selain pembinaan atlet, Marciano menyoroti pentingnya memperkuat industri game dalam negeri. Menurutnya, Indonesia perlu menjadi tuan rumah di negeri sendiri dengan memberikan ruang lebih besar bagi game karya anak bangsa. ""Esports ini juga harus menjadi tuan rumah di negara kita sendiri. Salah satunya dengan meningkatkan kualitas dan menyosialisasikan game-game yang merupakan produk dalam negeri,"" ujarnya.  Wakil Menteri Pemuda dan Olahraga Taufik Hidayat juga mendukung kepengurusan PB ESI 2026-2030. Ia menilai esports sudah berkembang dari sekadar permainan dan hiburan menjadi olahraga prestasi, profesi, serta industri. ""Esports bukan lagi sekadar permainan atau hiburan, tetapi telah menjadi olahraga prestasi, profesi, industri, dan bagian dari masa depan generasi muda,"" ujar Taufik di Jakarta, Selasa (15/9). Taufik menilai pembinaan atlet esports membutuhkan proses panjang. Latihan fisik, daya tahan, dan pembentukan mental perlu menjadi bagian dari sistem pembinaan sejak usia dini. Ia juga mengingatkan bahwa esports membutuhkan latihan dan persiapan seperti cabang olahraga lainnya. ""Yang saya titipkan bahwa jenjang atletnya harus pembinaan dari usia dini agar lebih baik lagi,"" tambah Taufik Hidayat. ""Jangan orang berasumsi bahwa esports ini hanya main game, tapi mereka butuh latihan itu juga,"" ungkap Taufik. Dengan dukungan pemerintah, KONI, PB ESI, industri, dan komunitas, kepengurusan Herindra periode 2026-2030 diarahkan untuk memperkuat jalur pembinaan atlet sekaligus membangun ekosistem esports nasional yang lebih profesional, mandiri, dan berkelanjutan.","['jenderal', 'tni', 'purn', 'muhammad', 'herindra', 'resmi', 'pimpin', 'urus', 'esports', 'indonesia', 'pb', 'esi', 'periode', 'bina', 'atlet', 'salah', 'fokus', 'utama', 'urus', 'kuat', 'ekosistem', 'esports', 'nasional', 'herindra', 'kukuh', 'ketua', 'pb', 'esi', 'periode', 'jakarta', 'selasa', 'nilai', 'pimpin', 'pb', 'esi', 'amanah', 'strategis', 'tingkat', 'prestasi', 'bangun', 'ekosistem', 'esports', 'profesional', 'lanjut', 'ketua', 'pb', 'esi', 'amanah', 'strategis', 'bangsa', 'tugas', 'maju', 'olahraga', 'talenta', 'lokal', 'tuan', 'rumah', 'negeri', 'main', 'kunci', 'pasar', 'global', 'herindra', 'nyata', 'terima', 'detiksport', 'bina', 'arah', 'mampu', 'teknis', 'atlet', 'disiplin', 'bugar', 'sehat', 'mental', 'lindung', 'main', 'pasti', 'jalur', 'karier', 'kuat', 'herindra', 'optimistis', 'indonesia', 'milik', 'talenta', 'muda', 'bawa', 'prestasi', 'esports', 'level', 'internasional', 'prestasi', 'talentatalenta', 'muda', 'indonesia', 'bakat', 'bawa', 'indonesia', 'bicara', 'tingkat', 'internasional', 'herindra', 'tekan', 'kuat', 'ekosistem', 'negeri', 'kembang', 'developer', 'game', 'lokal', 'selenggara', 'kompetisi', 'content', 'creator', 'platform', 'streaming', 'regulasi', 'standardisasi', 'arah', 'urus', 'pb', 'esi', 'indonesia', 'pasar', 'tonton', 'talenta', 'lokal', 'tuan', 'rumah', 'negeri', 'main', 'kunci', 'pasar', 'global', 'herindra', 'herindra', 'pandang', 'prestasi', 'esports', 'batas', 'oleh', 'medali', 'diplomasi', 'indonesia', 'era', 'digital', 'prestasi', 'internasional', 'medali', 'bentuk', 'diplomasi', 'digital', 'kuat', 'citra', 'indonesia', 'ketua', 'koni', 'pusat', 'letnan', 'jenderal', 'tni', 'purn', 'marciano', 'norman', 'dukung', 'urus', 'pb', 'esi', 'herindra', 'nilai', 'esports', 'indonesia', 'milik', 'fondasi', 'prestasi', 'raih', 'gelar', 'tingkat', 'asean', 'asia', 'dunia', 'pb', 'esports', 'indonesia', 'lahir', 'atletatlet', 'prestasi', 'bangga', 'hasil', 'raih', 'juara', 'tingkat', 'asean', 'tingkat', 'asia', 'tingkat', 'dunia', 'marciano', 'marciano', 'harap', 'capai', 'modal', 'tingkat', 'prestasi', 'indonesia', 'kompetisi', 'internasional', 'asi', 'games', 'aichinagoya', 'betulbetul', 'dukung', 'penuh', 'ketua', 'pb', 'esports', 'indonesia', 'muhammad', 'herindra', 'serta', 'jajar', 'urus', 'bakti', 'prestasi', 'esports', 'marciano', 'norman', 'bina', 'atlet', 'marciano', 'sorot', 'kuat', 'industri', 'game', 'negeri', 'turut', 'indonesia', 'tuan', 'rumah', 'negeri', 'ruang', 'game', 'karya', 'anak', 'bangsa', 'esports', 'tuan', 'rumah', 'negara', 'salah', 'satu', 'tingkat', 'kualitas', 'sosialisasi', 'gamegame', 'produk', 'negeri', 'wakil', 'menteri', 'pemuda', 'olahraga', 'taufik', 'hidayat', 'dukung', 'urus', 'pb', 'esi', 'nilai', 'esports', 'kembang', 'main', 'hibur', 'olahraga', 'prestasi', 'profesi', 'industri', 'esports', 'main', 'hibur', 'olahraga', 'prestasi', 'profesi', 'industri', 'generasi', 'muda', 'taufik', 'jakarta', 'selasa', 'taufik', 'nilai', 'bina', 'atlet', 'esports', 'butuh', 'proses', 'latih', 'fisik', 'daya', 'tahan', 'bentuk', 'mental', 'sistem', 'bina', 'usia', 'esports', 'butuh', 'latih', 'siap', 'cabang', 'olahraga', 'titip', 'jenjang', 'atlet', 'bina', 'usia', 'taufik', 'hidayat', 'orang', 'asumsi', 'esports', 'main', 'game', 'butuh', 'latih', 'taufik', 'dukung', 'perintah', 'koni', 'pb', 'esi', 'industri', 'komunitas', 'urus', 'herindra', 'periode', 'arah', 'kuat', 'jalur', 'bina', 'atlet', 'bangun', 'ekosistem', 'esports', 'nasional', 'profesional', 'mandiri', 'lanjut']",Sport
"InsidenJoanna Wietrzykcepirit di ajangHyrox Beijingjadi sorotan. PendiriHyrox, Moritz Furste, akhirnya minta maaf. Insiden terjadi di ajang Hyrox Beijing akhir pekan lalu. Wietrzyk, pemegang rekor dunia, cepirit akibat diare di tengah perlombaan sejak stasiunBurpee Broad Jump. Kakinya penuh kotorannya sendiri hingga stasiun-stasiun berikutnya sepertiwalking lungesdan farmer's carry. Wietrzyk tetap melanjutkan perlombaanya, dan panitia penyelenggara juga tak menyetopnya. SCROLL TO CONTINUE WITH CONTENT  Insiden itu viral, mempertanyakan standar Hyrox. Khususnya soal kebersihan dan kesehatan atlet, sebab Hyrox menerapkan aturan penggunaan alat dan lintasan bersama. PendiriHyrox, Moritz Furste, akhirnya angkat suara. Mantan atlet hoki asal Jerman itu meminta maaf karena tak segera bertindak saat insiden cepirit terjadi. ""Saya perlu berbicara langsung kepada kalian semua mengenai peristiwa-peristiwa terbaru di Tiongkok. Saya meminta maaf kepada semua pihak yang terdampak secara langsung maupun tidak langsung, serta kepada semua orang yang merasa kami tidak menangani situasi ini sebagaimana mestinya,"" tulis Furste di Instagram-nya. ""Hyrox melakukan kesalahan dengan tidak bereaksi segera selama balapan berlangsung. Pada akhirnya, tugas saya adalah mengantisipasi insiden-insiden potensial semacam ini-dan saya tidak melakukannya."" ""Mulai saat ini, telah diberlakukan aturan dan prosedur baru untuk mencegah terulangnya situasi seperti ini. Kami belajar dan berusaha menjadi lebih baik setiap hari,"" katanya. Sebelumnya Hyrox China selaku penyelenggara mengaku sudah membersihkan area yang terkena kotoran Wietrzyk. ""Setelah insiden itu, panitia penyelenggara segera menutup dan mengisolasi daerah yang terkena dampak dan melacak, dan menyelesaikan desinfeksi komprehensif,"" kata penyelenggaraHyroxChina.","['insidenjoanna', 'wietrzykcepirit', 'ajanghyrox', 'beijingjadi', 'sorot', 'pendirihyrox', 'moritz', 'furste', 'maaf', 'insiden', 'ajang', 'hyrox', 'beijing', 'pekan', 'wietrzyk', 'pegang', 'rekor', 'dunia', 'cepirit', 'akibat', 'diare', 'lomba', 'stasiunburpee', 'broad', 'jump', 'kaki', 'penuh', 'kotor', 'stasiunstasiun', 'sepertiwalking', 'lungesdan', 'farmers', 'carry', 'wietrzyk', 'lanjut', 'perlombaanya', 'panitia', 'selenggara', 'setop', 'scroll', 'to', 'continue', 'with', 'content', 'insiden', 'viral', 'standar', 'hyrox', 'bersih', 'sehat', 'atlet', 'hyrox', 'terap', 'atur', 'guna', 'alat', 'lintas', 'pendirihyrox', 'moritz', 'furste', 'angkat', 'suara', 'mantan', 'atlet', 'hoki', 'jerman', 'maaf', 'tindak', 'insiden', 'cepirit', 'bicara', 'langsung', 'peristiwaperistiwa', 'baru', 'tiongkok', 'maaf', 'dampak', 'langsung', 'langsung', 'orang', 'tangan', 'situasi', 'mesti', 'tulis', 'furste', 'instagramnya', 'hyrox', 'salah', 'reaksi', 'balap', 'tugas', 'antisipasi', 'insideninsiden', 'potensial', 'inidan', 'laku', 'laku', 'atur', 'prosedur', 'cegah', 'ulang', 'situasi', 'ajar', 'usaha', 'hyrox', 'china', 'selenggara', 'aku', 'bersih', 'area', 'kena', 'kotor', 'wietrzyk', 'insiden', 'panitia', 'selenggara', 'tutup', 'isolasi', 'daerah', 'kena', 'dampak', 'lacak', 'selesai', 'desinfeksi', 'komprehensif', 'penyelenggarahyroxchina']",Sport
"Jepang sebagai tuan rumah sudah pasti diunggulkan di cabang olahragakarateAsian Games 2026. Tapi,PB FORKIyakin Indonesia bisa membawa pulang satu emas. Karate jadi salah satu cabor yang diandalkan Indonesia untuk meraih medali emas Asia Games Aichi-Nagoya. Setelah mengirim berbagai atletnya ke ajang internasional, FORKI kemudian menetapkan enam atlet Asian Games 2026. Di nomor kata ada Marzella Sekar Damayanti dabn Christopher Edbert Setiabudi. Sementara di nomor kumite, ada Muhammad Tegar Januar, Leica Al Humaira Lubis, Cok Istri Sanistya Rani, dan Daniel Hutapea. SCROLL TO CONTINUE WITH CONTENT Dengan dibantu tiga pelatih termasuk Syamsuddin Barkhani sebagai pelatih kepala, tim karate Indonesia setidaknya ditargetkan membawa pulan minimal satu emas dari nomor kumite wanita. ""Menurut saya persiapan sudah bagus. Kami sudah mempersiapkan timnas Asian Games Nagoya sudah 7 bulan lalu, persiapan fisik maupun mental. Saya yakin mereka sudah siap. Apalagi mereka juga kita libatkan beberapa event internasioinal untuk tambah wawasan dan mental,"" ujar Ketua PB Forki, Hadi Tjahjanto, kepadadetikSportdalam acara pelepasan atlet Asian Games 2026 di Cilandak, Jakarta Selatan, Senin (14/9/2026). ""Ada enam atlet, kita harapkan dapat emas dari kelas kumite wanita. Kalau kata pria harapkan kita bisa ambil juga. Lawan kita paling kuat Jepang. Jika melihat latihan mereka, saya optimistis kami bisa meraih emas untuk kumite. Harapan kami juga dari nomor kata, setiap event kata jadi andalan kami,""sambungnya. ""Saya yakin kumite dapatkan satu emas, kalau kata dapat emas, itu hal luar biasa. Tapi estimasi saya, perak atau perunggu pasti dapat.""  Indonesia sendiri di Asian Games 2022 memang kurang bagus prestasinya karena cuma mendapat satu medali perunggu. Tugas makin berat di 2026 karena adanya pengetatan biaya pelatnas dari Kementerian Pemuda dan Olahraga (Kemenpora) imbas efisiensi yang dilakukan Pemerintah Indonesia. ""Untuk event Asian Games Nagoya, kita dapat bantuan dari Kemenpora juga sesuai porsinya. Tapi saya rasa tidak masalah semuanya. Tapi memang pembinaan sebelumnya kita harus koordinasi dengan kemenpora."" ""Kita selalu koordinasi dan kita selalu mendapatkan solusi yang solutif untuk situasi yang seperti ini. Tapi, untuk atlet kita semua juga, akhirnya bisa kita bisa melaksanakan kegiatan sesuai program yang kami buat,"" papar purnawirawan TNI-AU tersebut. Tim Karate Indonesia akan terbang ke Jepang pada 17 September dan melakukan persiapan akhir sebelum pertandingan 20-23 September. Mengingat karate bukan cabang terukur, bagaimana FORKI mengantisipasi adanya kemungkinan keputusan juri nantinya menguntungkan tuan rumah? ""Oh ya, maka itu kita kirim pelatih yang sudah pengalaman, satu untuk kata, dua untuk kumite. Tidak khawatir dengan tekanan rumah. Kami yakin emas untuk kumite, kata paling gak kita perunggu dapat,"" demikian Hadi yang sempat menjabat Panglima TNI serta Menteri Agraria dan Tata Ruang itu. ","['jepang', 'tuan', 'rumah', 'unggul', 'cabang', 'olahragakarateasian', 'games', 'tapipb', 'forkiyakin', 'indonesia', 'bawa', 'pulang', 'emas', 'karate', 'salah', 'cabor', 'andal', 'indonesia', 'raih', 'medali', 'emas', 'asia', 'games', 'aichinagoya', 'kirim', 'atlet', 'ajang', 'internasional', 'forki', 'tetap', 'enam', 'atlet', 'asi', 'games', 'nomor', 'marzella', 'sekar', 'damayanti', 'dabn', 'christopher', 'edbert', 'setiabudi', 'nomor', 'mite', 'muhammad', 'tegar', 'januar', 'leica', 'al', 'humaira', 'lubis', 'cok', 'istri', 'sanistya', 'rani', 'daniel', 'hutapea', 'scroll', 'to', 'continue', 'with', 'content', 'bantu', 'latih', 'syamsuddin', 'barkhani', 'latih', 'kepala', 'tim', 'karate', 'indonesia', 'target', 'bawa', 'pulan', 'minimal', 'emas', 'nomor', 'mite', 'wanita', 'siap', 'bagus', 'timnas', 'asi', 'games', 'nagoya', 'siap', 'fisik', 'mental', 'libat', 'event', 'internasioinal', 'wawas', 'mental', 'ketua', 'pb', 'forki', 'had', 'tjahjanto', 'kepadadetiksportdalam', 'acara', 'lepas', 'atlet', 'asi', 'games', 'cilandak', 'jakarta', 'selatan', 'senin', 'enam', 'atlet', 'harap', 'emas', 'kelas', 'mite', 'wanita', 'pria', 'harap', 'ambil', 'lawan', 'kuat', 'jepang', 'latih', 'optimistis', 'raih', 'emas', 'mite', 'harap', 'nomor', 'event', 'andal', 'kamisambungnya', 'mite', 'dapat', 'emas', 'emas', 'estimasi', 'perak', 'perunggu', 'indonesia', 'asi', 'games', 'bagus', 'prestasi', 'medali', 'perunggu', 'tugas', 'berat', 'ketat', 'biaya', 'pelatnas', 'menteri', 'pemuda', 'olahraga', 'kemenpora', 'imbas', 'efisiensi', 'perintah', 'indonesia', 'event', 'asi', 'games', 'nagoya', 'bantu', 'kemenpora', 'sesuai', 'porsi', 'bina', 'koordinasi', 'kemenpora', 'koordinasi', 'solusi', 'solutif', 'situasi', 'atlet', 'laksana', 'giat', 'sesuai', 'program', 'papar', 'purnawirawan', 'tniau', 'tim', 'karate', 'indonesia', 'terbang', 'jepang', 'september', 'siap', 'tanding', 'september', 'karate', 'cabang', 'ukur', 'forki', 'antisipasi', 'putus', 'juri', 'untung', 'tuan', 'rumah', 'oh', 'ya', 'kirim', 'latih', 'alam', 'mite', 'khawatir', 'tekan', 'rumah', 'emas', 'mite', 'gak', 'perunggu', 'had', 'jabat', 'panglima', 'tni', 'menteri', 'agraria', 'tata', 'ruang']",Sport
"Marco Bezzecchigagal mendulang poin diMotoGP San Marino 2026usai mengalami crash. RiderApriliaitu pantang lempar handuk di sisa kejuaraan dunia. Nasib apes dialami Bezzecchi pada race MotoGP San Marino, Minggu (13/9/2026). Memulai balapan sebagai pole-sitter, dirinya justru terjatuh ketika baru memasuki lap pertama. Crash itu memaksa Bezzecchi mengakhiri balapan lebih cepat dan gagal mendulang poin. Marc Marquez yang akhirnya keluar sebagai pemenang MotoGP San Marino 2026. SCROLL TO CONTINUE WITH CONTENT  Kegagalan mendulang poin di San Marino menambah hasil buruk Marco Bezzecchi dalam 7 race terakhir. Dia sudah 5 kali gagal meraih poin pada balapan utama, 3 di antaranya karena crash. Bezzecchi pun lengser dari pemuncak klasemen dan kini terdampar di posisi ketiga. Rider asal Italia itu mengoleksi 241 poin, tertinggal 33 angka dari Marc Marquez (274 poin) di puncak. MotoGP kini menyisakan 8 balapan lagi sebelum tutup musim. Bezzecchi menilai jumlah tersebut masih banyak baginya untuk bangkit dan merebut kembali puncak klasemen.  Just like that, it all changes in the#MotoGPstandings ð¤¯#SanMarinoGPð¸ð²pic.twitter.com/9J4elWJLPZ  ""Setelah tujuh balapan, Anda tidak bisa menganggap enteng apa pun, begitu pula setelah empat belas balapan. Lagipula, masih banyak balapan yang harus dilalui,"" kata Bezzecchi, dilansir dariMundo Deportivo. ""Saya tidak pernah berpikir, setelah tujuh balapan pertama, bahwa saya sudah mengamankan gelar juara. Saya yakin Marc juga tidak berpikir demikian sekarang,"" ujarnya. ","['marco', 'bezzecchigagal', 'dulang', 'poin', 'dimotogp', 'san', 'marino', 'alami', 'crash', 'riderapriliaitu', 'pantang', 'lempar', 'handuk', 'sisa', 'juara', 'dunia', 'nasib', 'apes', 'alami', 'bezzecchi', 'race', 'motogp', 'san', 'marino', 'minggu', 'balap', 'polesitter', 'jatuh', 'pasuk', 'lap', 'crash', 'paksa', 'bezzecchi', 'balap', 'cepat', 'gagal', 'dulang', 'poin', 'marc', 'marquez', 'menang', 'motogp', 'san', 'marino', 'scroll', 'to', 'continue', 'with', 'content', 'gagal', 'dulang', 'poin', 'san', 'marino', 'tambah', 'hasil', 'buruk', 'marco', 'bezzecchi', 'race', 'kali', 'gagal', 'raih', 'poin', 'balap', 'utama', 'crash', 'bezzecchi', 'lengser', 'puncak', 'klasemen', 'dampar', 'posisi', 'tiga', 'rider', 'italia', 'koleksi', 'poin', 'tinggal', 'angka', 'marc', 'marquez', 'poin', 'puncak', 'motogp', 'sisa', 'balap', 'tutup', 'musim', 'bezzecchi', 'nilai', 'bagi', 'bangkit', 'rebut', 'puncak', 'klasemen', 'just', 'like', 'that', 'it', 'all', 'changes', 'in', 'themotogpstandings', 'sanmarinogp pictwittercomjelwjlpz', 'tujuh', 'balap', 'anggap', 'enteng', 'belas', 'balap', 'lagipula', 'balap', 'bezzecchi', 'lansir', 'darimundo', 'deportivo', 'pikir', 'tujuh', 'balap', 'aman', 'gelar', 'juara', 'marc', 'pikir']",Sport
"Jorge Martingagal naik podium diMotoGP San Marino 2026,posisinya di puncak klasemen tergeser Marc Marquez. Ini penyebabnya. Jorge Martin finis kelima di balapan utama MotoGP San Marino 2026, Minggu (13/9). Sempat memimpin, Martin terus melorot.  SCROLL TO CONTINUE WITH CONTENT Atas hasil itu,Jorge Martintergeser posisinya di puncak Klasemen MotoGP 2026 sementara oleh Marc Marquez. Meski sama-sama punya 274 poin, jumlah kemenangan lebih banyak Marquez (lima berbanding satu).  Jorge Martinmengaku ada masalah arm pump. Itu terjadi ketika pengereman keras dari kecepatan tinggi, tekanan yang sangat besar dapat membuat otot di lengan membengkak dan terjepit di dalam jaringan otot. Kondisi tersebut dapat menghambat aliran darah dan menyebabkan tangan terasa kaku hingga kehilangan tenaga saat mengendalikan motor. ""Saya mengalami masalah serius dengan arm pump,"" ungkap Martin dilansir dari Crash. ""Sayang sekali. Menurut saya, kami kehilangan peluang besar hari ini. Saya mengawali balapan dengan sangat baik,"" tambahnya.  Jorge Martin mengaku bisa ladeni Marc Marquez. Tapi karena rasa sakit tidak tertahankan, alhasil rider Aprilia itu kehilangan kendali. ""Kemudian saya mulai mengalami masalah saat mengerem dan membuka gas, dan kondisinya semakin memburuk di setiap putaran,"" jelasnya. ""Pada akhirnya, saya tidak bisa berbuat apa-apa; saya benar-benar kehilangan kendali atas motor,"" sambungnya. ""Sekarang saya tidak punya banyak waktu untuk melakukan tindakan apa pun. Saya harus memulihkan diri dengan baik dan berusaha tetap fokus untuk balapan di Austria, namun kami jelas perlu memahami langkah selanjutnya setelah Austria, apakah saya perlu menjalani operasi atau tidak, mengingat jadwal balapan yang sangat padat saat ini,"" tutupnya.","['jorge', 'martingagal', 'podium', 'dimotogp', 'san', 'marino', 'posisi', 'puncak', 'klasemen', 'geser', 'marc', 'marquez', 'sebab', 'jorge', 'martin', 'finis', 'balap', 'utama', 'motogp', 'san', 'marino', 'minggu', 'pimpin', 'martin', 'lorot', 'scroll', 'to', 'continue', 'with', 'content', 'hasil', 'itujorge', 'martintergeser', 'posisi', 'puncak', 'klasemen', 'motogp', 'marc', 'marquez', 'samasama', 'poin', 'menang', 'marquez', 'banding', 'jorge', 'martinmengaku', 'arm', 'pump', 'rem', 'keras', 'cepat', 'tekan', 'otot', 'lengan', 'bengkak', 'jepit', 'jaring', 'otot', 'kondisi', 'hambat', 'alir', 'darah', 'sebab', 'tangan', 'kaku', 'hilang', 'tenaga', 'kendali', 'motor', 'alami', 'serius', 'arm', 'pump', 'martin', 'lansir', 'crash', 'sayang', 'hilang', 'peluang', 'awal', 'balap', 'jorge', 'martin', 'aku', 'laden', 'marc', 'marquez', 'sakit', 'tahan', 'alhasil', 'rider', 'aprilia', 'hilang', 'kendali', 'alami', 'rem', 'buka', 'gas', 'kondisi', 'buruk', 'putar', 'buat', 'apaapa', 'benarbenar', 'hilang', 'kendali', 'motor', 'sambung', 'tindak', 'pulih', 'usaha', 'fokus', 'balap', 'austria', 'paham', 'langkah', 'austria', 'jalan', 'operasi', 'jadwal', 'balap', 'padat', 'tutup']",Sport
"Marc Marquezakhirnya puncakiKlasemen MotoGP 2026sementara. Bos Ducati,Davide Tardozzitolak label favorit juara buat Marquez! Marc Marquezmenangi MotoGP San Marino 2026, Minggu (13/9). Marquez yang sempat kesulitan di awal musim karena cedera bahu, terus-terusan pangkas jarak. Sampai akhirnya, Marquez bisa pangkas ketertinggalan 102 poin. Marquez pun jadi pemuncakKlasemen MotoGP 2026sementara dengan 274 poin, geser Jorge Martin dengan poin yang sama tapi punya jumlah kemenangan lebih banyak (lima berbanding satu). SCROLL TO CONTINUE WITH CONTENT  Team Manager alias bos Ducati, Davide Tardozzi tolak label favorit juara buatMarc Marquez.Sebab, kompetisi masih panjang! ""Menurut saya, tidak ada favorit juara saat ini,"" tegasnya dilansir dariCrash. ""Kami tahu masih ada delapan balapan tersisa, dengan banyak poin yang masih bisa diperebutkan. Kami pun sangat mengenal lawan-lawan kami, baik para pembalap maupun motor mereka,"" papar Tardozzi.  Davide Tardozziyakin, para rival masih bisa bangkit. Khususnya duo Aprilia yakni Jorge Martin dan Marco Bezzecchi yang pasti akan bersaing sampai akhir. ""Jadi, kami harus tetap fokus dari satu balapan ke balapan berikutnya dan berusaha mengumpulkan poin sebanyak mungkin di setiap sirkuit, karena kami tahu ada sirkuit di mana Aprilia akan lebih cepat daripada kami,"" tutupnya.","['marc', 'marquezakhirnya', 'puncakiklasemen', 'motogp', 'bos', 'ducatidavide', 'tardozzitolak', 'label', 'favorit', 'juara', 'marquez', 'marc', 'marquezmenangi', 'motogp', 'san', 'marino', 'minggu', 'marquez', 'sulit', 'musim', 'cedera', 'bahu', 'terusterusan', 'pangkas', 'jarak', 'marquez', 'pangkas', 'tinggal', 'poin', 'marquez', 'pemuncakklasemen', 'motogp', 'poin', 'geser', 'jorge', 'martin', 'poin', 'menang', 'banding', 'scroll', 'to', 'continue', 'with', 'content', 'team', 'manager', 'alias', 'bos', 'ducati', 'davide', 'tardozzi', 'tolak', 'label', 'favorit', 'juara', 'buatmarc', 'marquezsebab', 'kompetisi', 'favorit', 'juara', 'lansir', 'daricrash', 'delapan', 'balap', 'sisa', 'poin', 'rebut', 'kenal', 'lawanlawan', 'balap', 'motor', 'papar', 'tardozzi', 'davide', 'tardozziyakin', 'rival', 'bangkit', 'duo', 'aprilia', 'jorge', 'martin', 'marco', 'bezzecchi', 'saing', 'fokus', 'balap', 'balap', 'usaha', 'kumpul', 'poin', 'sirkuit', 'sirkuit', 'aprilia', 'cepat', 'tutup']",Sport
"Marc Marquezmemimpin klasemen untuk kali pertama diMotoGP 2026setelah jadi jawara di Misano. Marquez mengaku sangat bahagia, sekaligus menolak terlena. Marquez diuntungkan dengan crash yang dialami pole sitterMarco Bezzecchidi putaran pertama balapanMotoGP San Marino, Minggu (13/9). Pebalap Ducati itu mengambil alih pimpinan lomba, kemudian mengatasi perlawanan Jorge Martin. Pada prosesnya, Marquez menjaga posisi terdepan sampai akhir lomba untuk menyapu bersih seri San Marino. Tambahan 37 poin ini melambungkan Marc Marquez ke puncak klasemen MotoGP dengan 274 poin. Marquez memiliki jumlah angka yang sama dengan Martin (2) tapi unggul jumlah kemenangan. SCROLL TO CONTINUE WITH CONTENT  Marc Marquezakhirnya kembali ke performa terbaik setelah tersendat di awal musim ini. Dipengaruhi cedera bahu yang dideritanya di Mandalika tahun lalu, Marquez kesulitan sehingga sempat tertinggal 102 poin dari pemimpin klasemen. Akan tetapi, setelah seri Italia Marquez bangkit. Juara dunia sembilan kali itu memenangi lima dari tujuh balapan grand prix terakhir, termasuk menyapu bersih empat seri di antaranya. Kendati demikian, Marc Marquez menegaskan kejuaraan belum selesai.  ""Rasanya tidak nyata. Ini terasa tidak nyata,"" cetus Marquez di parc ferme, yang diwartakanCrash.""Tapi aku tidak pernah menyerah. Aku akan berjuang sampai akhir. Ini belum selesai, ini belum berakhir."" ""Jadi, kami sekarang ada di puncak klasemen, bersaing melawan pebalap-pebalap yang sangat bagus terutama Martin dan Bez. Namun, seperti yang kita saksikan, semuanya di ambang batas, dan sebuah kesalahan kecil bisa mengakibatkan kehilangan banyak poin."" ""Dan hari ini, memang benar di balapan tadi, setelah kesalahan Bezzecchi, aku sedikit terlalu percaya diri dan kemudian Martin menyerangku. Namun, kemudian aku mendapatkan kembali kepercayaan diri, aku menjaga kecepatan dan merasa gembira karena 37 poin di sini di Misano berarti sangat penting,"" lugasMarc Marquez.","['marc', 'marquezmemimpin', 'klasemen', 'kali', 'dimotogp', 'jawara', 'misano', 'marquez', 'aku', 'bahagia', 'tolak', 'lena', 'marquez', 'untung', 'crash', 'alami', 'pole', 'sittermarco', 'bezzecchidi', 'putar', 'balapanmotogp', 'san', 'marino', 'minggu', 'balap', 'ducati', 'ambil', 'alih', 'pimpin', 'lomba', 'atas', 'lawan', 'jorge', 'martin', 'proses', 'marquez', 'jaga', 'posisi', 'depan', 'lomba', 'sapu', 'bersih', 'seri', 'san', 'marino', 'tambah', 'poin', 'lambung', 'marc', 'marquez', 'puncak', 'klasemen', 'motogp', 'poin', 'marquez', 'milik', 'angka', 'martin', 'unggul', 'menang', 'scroll', 'to', 'continue', 'with', 'content', 'marc', 'marquezakhirnya', 'performa', 'baik', 'sendat', 'musim', 'pengaruh', 'cedera', 'bahu', 'derita', 'mandalika', 'marquez', 'sulit', 'tinggal', 'poin', 'pimpin', 'klasemen', 'seri', 'italia', 'marquez', 'bangkit', 'juara', 'dunia', 'sembilan', 'kali', 'tang', 'tujuh', 'balap', 'grand', 'prix', 'sapu', 'bersih', 'seri', 'kendati', 'marc', 'marquez', 'juara', 'selesai', 'nyata', 'nyata', 'cetus', 'marquez', 'parc', 'ferme', 'diwartakancrashtapi', 'serah', 'juang', 'selesai', 'puncak', 'klasemen', 'saing', 'lawan', 'pebalappebalap', 'bagus', 'martin', 'bez', 'saksi', 'ambang', 'batas', 'salah', 'akibat', 'hilang', 'poin', 'balap', 'salah', 'bezzecchi', 'percaya', 'martin', 'serang', 'percaya', 'jaga', 'cepat', 'gembira', 'poin', 'misano', 'lugasmarc', 'marquez']",Sport
"Alexander Zverevkeluar sebagai juaraUS Open 2026. Petenis Jerman itu mengalahkan Ben Shelton untuk memenangi titel Grand Slam kedua di dalam kariernya. Zverev, unggulan teratas, menumpas perlawanan Shelton dalam final sepanjang empat set di Stadion Arthur Ashe, Senin (14/9) dinihari WIB. Petenis Jerman ini kehilangan set ketiga sebelum menang dengan kedudukan akhir 6-3, 7-6(2), 5-7, 6-2.  SCROLL TO CONTINUE WITH CONTENT Kemenangan ini melengkapi musim 2026 yang indah bagi Zverev. Sebelumnya, Zverev 'pecah telur' dengan merengkuh gelar juara French Open pada Juni silam. Sedangkan bagi Ben Shelton, kekalahan ini praktis menambah panjang puasa gelar Grand Slam petenis putra Amerika Serikat. Adalah Andy Roddick, yang terakhir kali memenanginya saat juara US Open 2003. Alexander Zverevmemenangi 85 persen poin di servis pertamanya dan mengemas 35 pukulan winner. Petenis berusia 29 tahun itu turut diuntungkan dengan unforced error Ben Shelton yang lebih banyak (47), sekalipun lebih banyak melakukan pukulan winner (47).  ""Ben - kamu adalah pemain dan orang yang luar biasa. Ini memang final Grand Slam pertama bagimu, tapi kamu akan kembali berkali-kali lagi dan jika aku harus mempertaruhkan seluruh uangku, aku berani bertaruh kamu akan mengangkat trofi ini suatu hari nanti,"" ungkap Zverev dalam pidatonya di atas lapangan. ""Aku tahu bahwa 99,9% penonton di sini ingin Ben yang jadi juaranya, jadi aku sungguh minta maaf! Yang kedua, rasanya luar biasa bermain di atmosfer seperti ini. Kalian semua membawa energi, keriuhan, dan kami berterima kasih untuk itu. Kurasa aku sudah cukup bicaranya jadi terima kasih dan sampai jumpa tahun depan,"" kata dia dikutipBBC Sport.","['alexander', 'zverevkeluar', 'juaraus', 'open', 'tenis', 'jerman', 'kalah', 'ben', 'shelton', 'tang', 'titel', 'grand', 'slam', 'karier', 'zverev', 'unggul', 'atas', 'tumpas', 'lawan', 'shelton', 'final', 'set', 'stadion', 'arthur', 'ashe', 'senin', 'dinihari', 'wib', 'tenis', 'jerman', 'hilang', 'set', 'tiga', 'menang', 'duduk', 'scroll', 'to', 'continue', 'with', 'content', 'menang', 'lengkap', 'musim', 'indah', 'zverev', 'zverev', 'pecah', 'telur', 'rengkuh', 'gelar', 'juara', 'french', 'open', 'juni', 'silam', 'ben', 'shelton', 'kalah', 'praktis', 'tambah', 'puasa', 'gelar', 'grand', 'slam', 'tenis', 'putra', 'amerika', 'serikat', 'andy', 'roddick', 'kali', 'menang', 'juara', 'us', 'open', 'alexander', 'zverevmemenangi', 'persen', 'poin', 'servis', 'pertama', 'emas', 'pukul', 'winner', 'tenis', 'usia', 'untung', 'unforced', 'error', 'ben', 'shelton', 'pukul', 'winner', 'ben', 'main', 'orang', 'final', 'grand', 'slam', 'bagi', 'berkalikali', 'taruh', 'uang', 'berani', 'taruh', 'angkat', 'trofi', 'zverev', 'pidato', 'lapang', 'tonton', 'ben', 'juara', 'sungguh', 'maaf', 'main', 'atmosfer', 'bawa', 'energi', 'riuh', 'terima', 'kasih', 'rasa', 'bicara', 'terima', 'kasih', 'jumpa', 'dikutipbbc', 'sport']",Sport
"Marco Bezzecchigagal total di balapan grand prixMotoGP San Marino 2026. Bezzecchi menegaskan, hasil mengecewakan ini tak ada hubungannya dengan tekanan. Rider Aprilia itu memulai balapan di Sirkuit Misano, Minggu (13/9) di grid terdepan. Bezzecchi berupaya menyenangkan publik sendiri sekaligus mengakhiri puasa kemenangan sejak terakhir kali juara di Mugello. Namun, balapan Bezzecchi justru berakhir dengan bencana. Bezzecchi jatuh di tengah-tengah putaran kedua saat memimpin balapan di depan Marc Marquez. SCROLL TO CONTINUE WITH CONTENT  Dalam potongan video insiden terkait, Bezzecchi dan motornya terseret jauh ke luar lintasan sampai area gravel. Pebalap Italia itupun praktis retired, nol poin empat kali dalam tujuh balapan grand prix terakhir. Marco Bezzecchimengungkapkan bahwa kecelakaan yang dialaminya itu murni akibat kesalahan yang dia lakukan. Pebalap Italia itu menangkis anggapan bahwa dirinya merasakan tekanan besar untuk menang di balapan kandang sekaligus melanjutkan momentumnya.  ""Sayang sekali, semuanya tadinya berjalan dengan baik, tapi aku membuat kesalahan di Tikungan 13 dan aku kehilangan kendali bagian depan motor,"" sahut Bezzecchi dilansirCrash. Saat ditanya apakah dia merasakan tekanan untuk memenangi balapan di kandang sendiri, Bezzecchi menjawab: ""Enggak sih. Ketika Anda start terdepan Anda ingin menang. Tidak masalah apakah balapannya di Misano atau bukan."" ""Pastinya ketika tangki bahan bakar motor Anda penuh, Anda harus mengatur titik pengereman sedikit lebih baik. Aku mengalami sedikit guncangan di bagian kencang, jadi ketika aku mengerem aku tidak menutup jalur balap dengan sempurna dan sayang sekali aku kehilangan kendali bagian depan motor,"" dia menjelaskan.","['marco', 'bezzecchigagal', 'total', 'balap', 'grand', 'prixmotogp', 'san', 'marino', 'bezzecchi', 'hasil', 'kecewa', 'hubung', 'tekan', 'rider', 'aprilia', 'balap', 'sirkuit', 'misano', 'minggu', 'grid', 'depan', 'bezzecchi', 'upaya', 'senang', 'publik', 'puasa', 'menang', 'kali', 'juara', 'mugello', 'balap', 'bezzecchi', 'bencana', 'bezzecchi', 'jatuh', 'tengahtengah', 'putar', 'pimpin', 'balap', 'marc', 'marquez', 'scroll', 'to', 'continue', 'with', 'content', 'potong', 'video', 'insiden', 'kait', 'bezzecchi', 'motor', 'seret', 'lintas', 'area', 'gravel', 'balap', 'italia', 'itu', 'praktis', 'retired', 'nol', 'poin', 'kali', 'tujuh', 'balap', 'grand', 'prix', 'marco', 'bezzecchimengungkapkan', 'celaka', 'alam', 'murni', 'akibat', 'salah', 'laku', 'balap', 'italia', 'tangkis', 'anggap', 'rasa', 'tekan', 'menang', 'balap', 'kandang', 'lanjut', 'momentum', 'sayang', 'jalan', 'salah', 'tikung', 'hilang', 'kendali', 'motor', 'sahut', 'bezzecchi', 'dilansircrash', 'rasa', 'tekan', 'tang', 'balap', 'kandang', 'bezzecchi', 'sih', 'start', 'depan', 'menang', 'balap', 'misano', 'pasti', 'tangki', 'bahan', 'bakar', 'motor', 'penuh', 'atur', 'titik', 'rem', 'alami', 'guncang', 'kencang', 'rem', 'tutup', 'jalur', 'balap', 'sempurna', 'sayang', 'hilang', 'kendali', 'motor']",Sport
"36 pebulutangkis muda berhasil meraih Super Tiket dalam Audisi UmumPB DjarumKudus 2026. Mereka berhak melanjutkan perjuangan ke tahap karantina setelah melewati rangkaian seleksi selama lima hari, 9-13 September 2026, di GOR Djarum Jati, Kudus. Para pemegang Super Tiket selanjutnya akan menjalani Tahap Karantina selama empat pekan di asrama PB Djarum. Dalam periode tersebut, mereka akan menghadapi dua fase eliminasi untuk mengukur kemampuan, perkembangan, serta mentalitas bertanding sebelum menentukan atlet yang berhak melangkah ke tahap berikutnya. Peserta yang berhasil lolos dari Tahap Karantina nantinya akan mendapatkan Djarum Beasiswa Bulutangkis dari Bakti Olahraga Djarum Foundation sekaligus bergabung sebagai atlet binaan PB Djarum. SCROLL TO CONTINUE WITH CONTENT Dari 36 peraih Super Tiket, sebanyak 18 atlet putra dan putri lolos melalui jalur turnamen yang mempertandingkan tiga kelompok usia, yakni U-11, KU 11, dan KU 12. Sementara itu, 18 atlet lainnya mendapatkan Super Tiket berdasarkan hasil pemantauan langsung Tim Pencari Bakat PB Djarum. Program Director Bakti Olahraga Djarum Foundation sekaligus Ketua PB Djarum, Yoppy Rosimin, mengapresiasi tingginya antusiasme peserta dan orang tua dalam mengikuti Audisi Umum PB Djarum 2026.  ""Kami mengapresiasi kepada orang tua, pelatih, dan anak-anak atlet usia dini yang selalu menanti penyelenggaraan Audisi Umum. Itu artinya, kaderisasi mata rantai bulutangkis Indonesia tetap terpelihara dengan baik,"" ujar Yoppy dalam rilis yang diterima detikSport. ""Selamat untuk yang lolos ke Tahap Karantina, tapi ini baru permulaan karena tantangan selanjutnya akan semakin berat. Bahkan, jika nanti masuk PB Djarum pun level persaingannya akan lebih tinggi lagi. Jadi para peserta harus bersiap,"" lanjutnya. Ketua Tim Pencari Bakat Audisi Umum PB Djarum, Sigit Budiarto, mengapresiasi kegigihan para pebulutangkis muda yang berjuang melewati setiap tahapan seleksi. Juara All England 2003 tersebut juga menegaskan bahwa perjuangan belum usai. ""Selamat kepada para peserta Audisi Umum PB Djarum yang berhasil mendapatkan Super Tiket. Perjuangan belum berakhir karena masih ada fase karantina. Jadi, semua peserta harus mempersiapkan diri lebih matang lagi mulai dari fisik hingga mental,"" kata Sigit. Berikut Daftar Penerima Super Tiket Audisi Umum PB Djarum Kudus 2026: Super Tiket Jalur Turnamen: U-11 Putri1. Selena Arraya Prasetyo - Sukoharjo (PB PMS Solo)2. Ailsie Elaina Sembiring - Kota Bogor (PB Champion Kudus) KU 11 Putri1. Anindita Khaira Wilda - Kota Bekasi (non klub)2. Farisa F. Zafiranihall Sya'bani Setiawan - Kota Mojokerto (PB Griya Bugar Yogyakarta) KU 12 Putri1. Fiona Ayundya Putri Berlian - Kota Semarang (PB Arista Semarang)2. Syarifah Adshila Nugroho - Sleman (PB Champion Reborn Jogja) U-11 Putra1. Zayn Abdullah Rajendra - Penajam Paser Utara (PB Champion Kudus)2. Muhammad Deffran Alfarraz - Cirebon (PB Pandawa)n3. Kentaro Javas Kaivan Tsaqib - Kebumen (PB Champion Kebumen)4. Ghaozan Gaffi Algibran - Bekasi (PB Champion Kudus) KU 11 Putra1. Ashoka Putra Arvita - Kota Semarang (Altrec Semarang)2. Azka Adhitama - Bekasi (PB Bhinneka 2)3. Jethro Alexander Kemas - Kota Palembang (Five Stars Badminton Club)4. Muhammad Marus Sulaiman - Pekalongan (PB Champion Kudus) KU 12 Putra1. Aldi Aprian Nugraha Aldi Aprian Nugraha - Kota Semarang (PB. Mustika Ungaran)2. Fawwaz Sani Adhipramana - Ponorogo (PB PMS Solo)3. Baron Baswara Putra - Kota Yogyakarta (PB Champion Reborn Jogja)4. M. Ramdani Mubarok - Bandung (PB Victory Bandung) Super Tiket Pilihan Tim Pencari Bakat: U-11 Putri1. Adibha Fitria - Kota Samarinda (PB Champion Kudus)2. Sanabila Niyaz Faza - Kota Tangerang (PB Champion Bogor)3. Vicky Lee Alison - Tegal (PB Sinar Mutiara)4. Chloe Levona Willie - Kota Bandung (Ade Badminton Club Bandung) KU 11 Putri1. RR. Arnetta Safara Bilqish Sholeh - Kota Yogyakarta (Eko Febrianto) KU 12 Putri1. Lilianne Andrea Octaviany - Kabupaten Sintang (PB Champion Klaten)2. Stefanie Tricia Laiman - Kabupaten Klaten (PB Champion Klaten)3. Karenina Putri Inka Azzahra - Kabupaten Kendal ((Altrec Semarang)4. Karina Frederika Putri Loen - Kota Depok (PB Champion Dakota) U-11 Putra1. Moreno Putra Zhulkifli - Kota Balikpapan (PB Cahaya Indonesia)2. Wijaya Putra Sugiharto - Kabupaten Sidoarjo (PB Champion Klaten)3. Arjuna Azka Aldrich - Kabupaten Sragen (PB Sukowati) KU 11 Putra1. Azka Azfar Rabbani - Kabupaten Purworejo (PB Garuda Jaya)2. Muh. Rifky Harimurti Ramadhan - Kabupaten Kolaka (PB Champion Kudus) KU 12 Putra1. Feliks Zebua - Kabupaten Bogor (KAYP1 Champion Bogor)2. Ghian Ahza Danish Adinata - Kota Surakarta (PB PMS Solo)3. Muhadad Al Azzam - Kota Bandung (Jingga Badminton Academy)4. Raziq Sahala - Kabupaten Banjarnegara (PB Delta Klampok)","['pebulutangkis', 'muda', 'hasil', 'raih', 'super', 'tiket', 'audisi', 'umumpb', 'djarumkudus', 'hak', 'lanjut', 'juang', 'tahap', 'karantina', 'lewat', 'rangkai', 'seleksi', 'september', 'gor', 'djarum', 'jati', 'kudus', 'pegang', 'super', 'tiket', 'jalan', 'tahap', 'karantina', 'pekan', 'asrama', 'pb', 'djarum', 'periode', 'hadap', 'fase', 'eliminasi', 'ukur', 'mampu', 'kembang', 'mentalitas', 'tanding', 'tentu', 'atlet', 'hak', 'lang', 'tahap', 'serta', 'hasil', 'lolos', 'tahap', 'karantina', 'djarum', 'beasiswa', 'bulutangkis', 'bakti', 'olahraga', 'djarum', 'foundation', 'gabung', 'atlet', 'bina', 'pb', 'djarum', 'scroll', 'to', 'continue', 'with', 'content', 'raih', 'super', 'tiket', 'atlet', 'putra', 'putri', 'lolos', 'jalur', 'turnamen', 'tanding', 'kelompok', 'usia', 'u', 'ku', 'ku', 'atlet', 'super', 'tiket', 'dasar', 'hasil', 'pantau', 'langsung', 'tim', 'cari', 'bakat', 'pb', 'djarum', 'program', 'director', 'bakti', 'olahraga', 'djarum', 'foundation', 'ketua', 'pb', 'djarum', 'yoppy', 'rosimin', 'apresiasi', 'tinggi', 'antusiasme', 'serta', 'orang', 'tua', 'ikut', 'audisi', 'pb', 'djarum', 'apresiasi', 'orang', 'tua', 'latih', 'anakanak', 'atlet', 'usia', 'selenggara', 'audisi', 'kaderisasi', 'mata', 'rantai', 'bulutangkis', 'indonesia', 'pelihara', 'yoppy', 'rilis', 'terima', 'detiksport', 'selamat', 'lolos', 'tahap', 'karantina', 'mula', 'tantang', 'berat', 'masuk', 'pb', 'djarum', 'level', 'saing', 'serta', 'ketua', 'tim', 'cari', 'bakat', 'audisi', 'pb', 'djarum', 'sigit', 'budiarto', 'apresiasi', 'gigih', 'pebulutangkis', 'muda', 'juang', 'lewat', 'tahap', 'seleksi', 'juara', 'all', 'england', 'juang', 'selamat', 'serta', 'audisi', 'pb', 'djarum', 'hasil', 'super', 'tiket', 'juang', 'fase', 'karantina', 'serta', 'matang', 'fisik', 'mental', 'sigit', 'daftar', 'terima', 'super', 'tiket', 'audisi', 'pb', 'djarum', 'kudus', 'super', 'tiket', 'jalur', 'turnamen', 'u', 'putri', 'lena', 'arraya', 'prasetyo', 'sukoharjo', 'pb', 'pms', 'solo', 'ailsie', 'elaina', 'sembiring', 'kota', 'bogor', 'pb', 'champion', 'kudus', 'ku', 'putri', 'anindita', 'khaira', 'wilda', 'kota', 'bekas', 'non', 'klub', 'farisa', 'f', 'zafiranihall', 'syabani', 'setiawan', 'kota', 'mojokerto', 'pb', 'griya', 'bugar', 'yogyakarta', 'ku', 'putri', 'fiona', 'ayundya', 'putri', 'berlian', 'kota', 'semarang', 'pb', 'arista', 'semarang', 'syarifah', 'adshila', 'nugroho', 'sleman', 'pb', 'champion', 'reborn', 'jogja', 'u', 'putra', 'zayn', 'abdullah', 'rajendra', 'najam', 'paser', 'utara', 'pb', 'champion', 'kudus', 'muhammad', 'deffran', 'alfarraz', 'cirebon', 'pb', 'pandawan', 'kentaro', 'javas', 'kaivan', 'tsaqib', 'kebumen', 'pb', 'champion', 'kebumen', 'ghaozan', 'gaffi', 'algibran', 'bekas', 'pb', 'champion', 'kudus', 'ku', 'putra', 'ashoka', 'putra', 'arvita', 'kota', 'semarang', 'altrec', 'semarang', 'azka', 'adhitama', 'bekas', 'pb', 'bhinneka', 'jethro', 'alexander', 'kemas', 'kota', 'palembang', 'five', 'stars', 'badminton', 'club', 'muhammad', 'marus', 'sulaiman', 'kalong', 'pb', 'champion', 'kudus', 'ku', 'putra', 'aldi', 'aprian', 'nugraha', 'aldi', 'aprian', 'nugraha', 'kota', 'semarang', 'pb', 'mustika', 'ungar', 'fawwaz', 'sani', 'adhipramana', 'ponorogo', 'pb', 'pms', 'solo', 'baron', 'baswara', 'putra', 'kota', 'yogyakarta', 'pb', 'champion', 'reborn', 'jogja', 'm', 'ramdani', 'mubarok', 'bandung', 'pb', 'victory', 'bandung', 'super', 'tiket', 'pilih', 'tim', 'cari', 'bakat', 'u', 'putri', 'adibha', 'fitria', 'kota', 'samarinda', 'pb', 'champion', 'kudus', 'sanabila', 'niyaz', 'faza', 'kota', 'tangerang', 'pb', 'champion', 'bogor', 'vicky', 'lee', 'alison', 'tegal', 'pb', 'sinar', 'mutiara', 'chloe', 'levona', 'willie', 'kota', 'bandung', 'ade', 'badminton', 'club', 'bandung', 'ku', 'putri', 'rr', 'arnetta', 'safara', 'bilqish', 'sholeh', 'kota', 'yogyakarta', 'eko', 'febrianto', 'ku', 'putri', 'lilianne', 'andrea', 'octaviany', 'kabupaten', 'sintang', 'pb', 'champion', 'klaten', 'stefanie', 'tricia', 'laiman', 'kabupaten', 'klaten', 'pb', 'champion', 'klaten', 'karenina', 'putri', 'inka', 'azzahra', 'kabupaten', 'kendal', 'altrec', 'semarang', 'karina', 'frederika', 'putri', 'loen', 'kota', 'depok', 'pb', 'champion', 'dakota', 'u', 'putra', 'moreno', 'putra', 'zhulkifli', 'kota', 'balikpapan', 'pb', 'cahaya', 'indonesia', 'wijaya', 'putra', 'sugiharto', 'kabupaten', 'sidoarjo', 'pb', 'champion', 'klaten', 'arjuna', 'azka', 'aldrich', 'kabupaten', 'sragen', 'pb', 'sukowati', 'ku', 'putra', 'azka', 'azfar', 'rabbani', 'kabupaten', 'purworejo', 'pb', 'garuda', 'jaya', 'muh', 'rifky', 'harimurti', 'ramadhan', 'kabupaten', 'kolaka', 'pb', 'champion', 'kudus', 'ku', 'putra', 'feliks', 'zebua', 'kabupaten', 'bogor', 'kayp', 'champion', 'bogor', 'ghian', 'ahza', 'danish', 'adinata', 'kota', 'surakarta', 'pb', 'pms', 'solo', 'muhadad', 'al', 'azzam', 'kota', 'bandung', 'jingga', 'badminton', 'academy', 'raziq', 'sahala', 'kabupaten', 'banjarnegara', 'pb', 'delta', 'klampok']",Sport
"Karan Singhbelum terbendung diMen's World Tennis Championship 2026. Petenis asal India itu kembali berjaya di Seri V. Pada final ITF World Tennis Tour M-15 di Lapangan A, Bali Beach Country Club, Nusa Dua, Minggu (13/9/2026), Karen menghadapi petenis Amerika Serikat Alexander Chang, 7-6 dan 7-5, dalam tempo 1 jam 28 menit. Ini merupakan duel besar karena Karan adalah juara bertahan dari Seri V, sementara Alexander Chang juara UTR PTT. SCROLL TO CONTINUE WITH CONTENT Mempertemukan dua karakter permainan yang berbeda. Karan dengan ketenangan dan akurasi penempatan bolanya, di set pertama mampu meredam kelincahan dan kecepatan dari Chang untuk unggul 7-6 tie break 5. Memasuki set kedua intensitas pertandingan tetap berlangsung dengan tempo tinggi, di mana Chang berusaha meningkatkan tekanannya lewat sergapan voli depan net maupun senjata servis kerasnya. Namun Karan mampu merespon dengan baik perubahan strategi Chang dan berhasil mematahkan servis lawannya pada game ke 11 untuk memimpin 6-5.  Tanpa menyia-nyiakan kesempatan emas tersebut, dengan servisnya, Karan menutup set kedua dengan skor akhir 7-5 untuk tampil sebagai juara seri kelima. Dua gelar beruntun ini bikin Karan senang bukan main. Tapi, dia tidak mau cepat puas karena merasa bisa tampil lebih baik. ""Senang dan bahagia atas pencapaian hasil pada seri 4 dan 5 di Bali. Saya memang jadi juara, tapi laga hari ini tidak mudah karena Alexander Chang juga bermain bagus,"" ujar Karan dalam rilis kepadadetikSport. Dengan raihan gelar juara tunggal putra Seri V, Karan berhak atas hadiah uang 2.160 USD serta tambahan 15 poin ATP. Alexander berhak atas 1.272 USD serta trofi, yang di serahkan oleh Heru Gunawan selaku Area Business Team Leader BNI Kanwil Denpasar dan didampingi Bayu Anggoro Widyanto CFO Paiton Energi. Setelah ini, Amman Mineral Men's World Tennis Championship 2026 akan rehat kruang lebih dua bulan sebelum bergulir lagi bulan Desember. Ada dua seri, yakni M-15 pada 21-26 Desember, yang dilanjutkan M-25 pada 28 Desember-3 Januari 2027. ","['karan', 'singhbelum', 'bendung', 'mens', 'world', 'tennis', 'championship', 'tenis', 'india', 'jaya', 'seri', 'v', 'final', 'itf', 'world', 'tennis', 'tour', 'm', 'lapang', 'a', 'bal', 'beach', 'country', 'club', 'nusa', 'minggu', 'karen', 'hadap', 'tenis', 'amerika', 'serikat', 'alexander', 'chang', 'tempo', 'jam', 'menit', 'duel', 'karan', 'juara', 'tahan', 'seri', 'v', 'alexander', 'chang', 'juara', 'utr', 'ptt', 'scroll', 'to', 'continue', 'with', 'content', 'temu', 'karakter', 'main', 'beda', 'karan', 'tenang', 'akurasi', 'tempat', 'bola', 'set', 'redam', 'lincah', 'cepat', 'chang', 'unggul', 'tie', 'break', 'pasuk', 'set', 'intensitas', 'tanding', 'tempo', 'chang', 'usaha', 'tingkat', 'tekan', 'sergap', 'voli', 'net', 'senjata', 'servis', 'keras', 'karan', 'merespon', 'ubah', 'strategi', 'chang', 'hasil', 'patah', 'servis', 'lawan', 'game', 'pimpin', 'menyianyiakan', 'sempat', 'emas', 'servis', 'karan', 'tutup', 'set', 'skor', 'tampil', 'juara', 'seri', 'gelar', 'untun', 'bikin', 'karan', 'senang', 'main', 'cepat', 'puas', 'tampil', 'senang', 'bahagia', 'capai', 'hasil', 'seri', 'bal', 'juara', 'laga', 'mudah', 'alexander', 'chang', 'main', 'bagus', 'karan', 'rilis', 'kepadadetiksport', 'raih', 'gelar', 'juara', 'tunggal', 'putra', 'seri', 'v', 'karan', 'hak', 'hadiah', 'uang', 'usd', 'tambah', 'poin', 'atp', 'alexander', 'hak', 'usd', 'trofi', 'serah', 'heru', 'gunawan', 'area', 'business', 'team', 'leader', 'bni', 'kanwil', 'denpasar', 'damping', 'bayu', 'anggoro', 'widyanto', 'cfo', 'paiton', 'energi', 'amman', 'mineral', 'mens', 'world', 'tennis', 'championship', 'rehat', 'kruang', 'gulir', 'desember', 'seri', 'm', 'desember', 'lanjut', 'm', 'desember', 'januari']",Sport
"Kimi Antonellikembali merebut podium pertama setelah di seri Italia lalu. DiFormula 1GP Spanyol 2026, ia finis di depanMax VerstappendanLando Norris. Formula 1 GP Spanyol 2026 berlangsung di Madring, Minggu (13/9/2026) malam WIB. Lando Norris start dari pole position, diikuti Max Verstappen dan Kimi Antonelli di grid 2-3. Awalnya, Norris sempat mengontrol di awal balapan. Namun sebuah virtual safety car merusak hari mereka dengan momentum pit stop terlewat. SCROLL TO CONTINUE WITH CONTENT  Charles Leclerc kemudian memimpin untuk waktu yang cukup lama. Hanya saja perjudian menggunakan ban keras dan menunda masuk pit ternyata jadi bumerang, karena tak ada insiden lagi yang menghadirkan safety car. Antonelli jadi yang ketiban berkah hingga akhirnya juara. Norris di lain sisi masih mampu bangkit dan sempat bertarung dengan Verstappen, kendati harus puas dengan podium ketiga. Leclerc finis keempat, di epan George Russell dan Liam Lawson. Franco Colapinto, Oscar Piastri, Arvin Lindblad, dan Nico Hulkenberg melengkapi 10 besar, sementara Lewis Hamilton gagal finis. ","['kim', 'antonellikembali', 'rebut', 'podium', 'seri', 'italia', 'formula', 'gp', 'spanyol', 'finis', 'depanmax', 'verstappendanlando', 'norris', 'formula', 'gp', 'spanyol', 'madring', 'minggu', 'malam', 'wib', 'lando', 'norris', 'start', 'pole', 'position', 'ikut', 'max', 'verstappen', 'kim', 'antonelli', 'grid', 'norris', 'kontrol', 'balap', 'virtual', 'safety', 'car', 'rusak', 'momentum', 'pit', 'stop', 'lewat', 'scroll', 'to', 'continue', 'with', 'content', 'charles', 'leclerc', 'pimpin', 'judi', 'ban', 'keras', 'tunda', 'masuk', 'pit', 'bumerang', 'insiden', 'hadir', 'safety', 'car', 'antonelli', 'ketiban', 'berkah', 'juara', 'norris', 'sisi', 'bangkit', 'tarung', 'verstappen', 'kendati', 'puas', 'podium', 'tiga', 'leclerc', 'finis', 'empat', 'epan', 'george', 'russell', 'liam', 'lawson', 'franco', 'colapinto', 'oscar', 'piastri', 'arvin', 'lindblad', 'nico', 'hulkenberg', 'lengkap', 'lewis', 'hamilton', 'gagal', 'finis']",Sport
Bali- Timnas Skateboard Indonesia menjalani latihan tahap akhir di Bali sebelum bertolak ke Jepang untuk tampil di Asian Games Aichi-Nagoya 2026.,"['bal', 'timnas', 'skateboard', 'indonesia', 'jalan', 'latih', 'tahap', 'bal', 'tolak', 'jepang', 'tampil', 'asi', 'games', 'aichinagoya']",Sport
"Marco Bezzecchimengalami crash diMotoGP San Marino 2026. Nasib buruk riderApriliaitu jadi berkah buat sang rivalMarc Marquez. MotoGP San Marino digelar di Misano World Circuit Marco Simoncelli, Minggu (13/9/2026) malam WIB. Bezzecchi memulai race sebagai pole-sitter. Petaka menimpa Bezzecchi pada tikungan ke-13 lap pertama. Dia mengalami lowside hingga crash dan terlempar ke gravel. SCROLL TO CONTINUE WITH CONTENT  Marc Marquez langsung mengambil alih pimpinan balapan selepas Bezzecchi crash. Sempat direbut Jorge Martin, MM93 mampu mengakhiri race di posisi pertama. Crash di San Marino menambah hasil buruk Marco Bezzecchi dalam 7 race terakhir. Dia sudah 5 kali gagal meraih poin dalam balapan utama, 3 di antaranya karena terjatuh dari motor. Bezzecchi sebelumnya crash di MotoGP Hungaria dan MotoGP Belanda. Pada race di Ceko MB72 kena sanksi larangan tampil akibat mendorong dan menyerang marshal, sementara di Jerman dirinya tak ikut balapan lantaran patah tulang usai crash dalam sesi kualifikasi. Hasil-hasil buruk itu membuat Bezzecchi lengser dari pemuncak klasemen dan kini terdampar di posisi ketiga. Rider berusia 27 tahun itu mengoleksi 241 poin, tertinggal 33 angka dari Marc Marquez (274 poin) di puncak. Marc Marquez yang berhasil memanfaatkan peluang atas hasil-hasil buruk Bezzecchi.The Baby Alienmemenangkan 5 dari 7 race utama dan kini menduduki puncak klasemen MotoGP 2026 untuk pertama kalinya.  EARLY EARLY DRAMA!BEZZECCHI HAS CRASHED OUT OF THE LEAD ð±#SanMarinoGPð¸ð²pic.twitter.com/WLIHTCc3oi  ""Seperti yang dilihat hari ini, kami balapan di atas kemampuan dan kesalahan kecil bisa merugikan banyak poin. Itu memang benar terlihat dalam balapan,"" kata Marquez usai memenangkan MotoGP San Marino 2026. ""Setelah kesalahan Bezzecchi, saya sedikit terlalu percaya diri, dan kemudian [Jorge] Martin menyerang saya. Kemudian saya mendapatkan kembali kepercayaan diri, saya mempertahankan kecepatan, dan ya, senang, karena 37 poin di Misano ini sangat berarti,"" ujarnya.","['marco', 'bezzecchimengalami', 'crash', 'dimotogp', 'san', 'marino', 'nasib', 'buruk', 'riderapriliaitu', 'berkah', 'sang', 'rivalmarc', 'marquez', 'motogp', 'san', 'marino', 'gelar', 'misano', 'world', 'circuit', 'marco', 'simoncelli', 'minggu', 'malam', 'wib', 'bezzecchi', 'race', 'polesitter', 'petaka', 'timpa', 'bezzecchi', 'tikung', 'lap', 'alami', 'lowside', 'crash', 'lempar', 'gravel', 'scroll', 'to', 'continue', 'with', 'content', 'marc', 'marquez', 'langsung', 'ambil', 'alih', 'pimpin', 'balap', 'lepas', 'bezzecchi', 'crash', 'rebut', 'jorge', 'martin', 'mm', 'race', 'posisi', 'crash', 'san', 'marino', 'tambah', 'hasil', 'buruk', 'marco', 'bezzecchi', 'race', 'kali', 'gagal', 'raih', 'poin', 'balap', 'utama', 'jatuh', 'motor', 'bezzecchi', 'crash', 'motogp', 'hungaria', 'motogp', 'belanda', 'race', 'ceko', 'mb', 'kena', 'sanksi', 'larang', 'tampil', 'akibat', 'dorong', 'serang', 'marshal', 'jerman', 'balap', 'lantar', 'patah', 'tulang', 'crash', 'sesi', 'kualifikasi', 'hasilhasil', 'buruk', 'bezzecchi', 'lengser', 'puncak', 'klasemen', 'dampar', 'posisi', 'tiga', 'rider', 'usia', 'koleksi', 'poin', 'tinggal', 'angka', 'marc', 'marquez', 'poin', 'puncak', 'marc', 'marquez', 'hasil', 'manfaat', 'peluang', 'hasilhasil', 'buruk', 'bezzecchithe', 'baby', 'alienmemenangkan', 'race', 'utama', 'duduk', 'puncak', 'klasemen', 'motogp', 'kali', 'early', 'early', 'dramabezzecchi', 'has', 'crashed', 'out', 'of', 'the', 'lead', 'sanmarinogp pictwittercomwlihtccoi', 'balap', 'mampu', 'salah', 'rugi', 'poin', 'balap', 'marquez', 'menang', 'motogp', 'san', 'marino', 'salah', 'bezzecchi', 'percaya', 'jorge', 'martin', 'serang', 'percaya', 'tahan', 'cepat', 'ya', 'senang', 'poin', 'misano']",Sport
"Marc Marquezuntuk pertama kalinya memuncaki klasemenMotoGP 2026. Hasil itu didapat setelahThe Baby Alienmemenangkan race di San Marino. MotoGP San Marino 2026digelar di Misano World Circuit Marco Simoncelli, Minggu (113/9) malam WIB. Marquez start dari P2 di belakang Marco Bezzecchi selaku pole-sitter. Petaka menimpa Bezzecchi di lap pertama. Rider Aprilia ini mengalami crash hingga terlempar ke gravel. SCROLL TO CONTINUE WITH CONTENT  Marc Marquez mengambil alih posisi terdepan usai crash Bezzecchi. Jorge Martin menyalipnya memasuki lap ketujuh. Marquez merebut lagi pimpinan balapan dari Martin di lap ke-12. Rider Ducati ini berhasil mempertahankan posisi terdepan hingga garis finis, disusul Alex Marquez dan Pedro Acosta yang mengisi podium. Kemenangan ini melengkapi hasil sempurna Marc Marquez di San Marino. Juara bertahan MotoGP ini juga meraih podium pertama dalam sprint race hari Sabtu (11/9). Tambahan total 37 poin di San Marino mendongkrak posisi Marc Marquez di klasemen.The Baby Alienmenduduki puncak untuk pertama kalinya sejak musim MotoGP 2026 bergulir.  ð@marcmarquez93WINS AT MISANO AND TAKES THE CHAMPIONSHIP LEAD FOR THE FIRST TIME IN 2026! ð#SanMarinoGPð¸ð²pic.twitter.com/dvMirUsZvi  Marc Marquez sudah mengoleksi 274 poin, sama seperti yang dimiliki Jorge Martin (274 poin). Pencapaian ini bisa dibilang luar biasa, mengingat MM(3 sempat crash di MotoGP Prancis dan absen dalam balapan Catalunya. ""Rasanya tidak nyata, tapi Anda tahu, jangan pernah menyerah, saya akan terus berjuang sampai akhir. Ini belum selesai, tapi ini belum berakhir,"" kata Marc Marquez usai race MotoGP San Marino 2026. ""Jadi kami masih berada di kejuaraan, berjuang melawan rider-rider yang sangat bagus, terutama Martin dan Bezzecchi. Namun seperti yang kita lihat hari ini, kami balapan di batas kemampuan, dan kesalahan kecil bisa merugikan banyak poin,"" ujarnya. ","['marc', 'marquezuntuk', 'kali', 'puncak', 'klasemenmotogp', 'hasil', 'setelahthe', 'baby', 'alienmemenangkan', 'race', 'san', 'marino', 'motogp', 'san', 'marino', 'gelar', 'misano', 'world', 'circuit', 'marco', 'simoncelli', 'minggu', 'malam', 'wib', 'marquez', 'start', 'p', 'marco', 'bezzecchi', 'polesitter', 'petaka', 'timpa', 'bezzecchi', 'lap', 'rider', 'aprilia', 'alami', 'crash', 'lempar', 'gravel', 'scroll', 'to', 'continue', 'with', 'content', 'marc', 'marquez', 'ambil', 'alih', 'posisi', 'depan', 'crash', 'bezzecchi', 'jorge', 'martin', 'salip', 'pasuk', 'lap', 'tujuh', 'marquez', 'rebut', 'pimpin', 'balap', 'martin', 'lap', 'rider', 'ducati', 'hasil', 'tahan', 'posisi', 'depan', 'garis', 'finis', 'susul', 'alex', 'marquez', 'pedro', 'acosta', 'isi', 'podium', 'menang', 'lengkap', 'hasil', 'sempurna', 'marc', 'marquez', 'san', 'marino', 'juara', 'tahan', 'motogp', 'raih', 'podium', 'sprint', 'race', 'sabtu', 'tambah', 'total', 'poin', 'san', 'marino', 'dongkrak', 'posisi', 'marc', 'marquez', 'klasementhe', 'baby', 'alienmenduduki', 'puncak', 'kali', 'musim', 'motogp', 'gulir', 'marcmarquezwins', 'at', 'misano', 'and', 'takes', 'the', 'championship', 'lead', 'for', 'the', 'first', 'time', 'in', 'sanmarinogp pictwittercomdvmiruszvi', 'marc', 'marquez', 'koleksi', 'poin', 'milik', 'jorge', 'martin', 'poin', 'capai', 'bilang', 'mm', 'crash', 'motogp', 'prancis', 'absen', 'balap', 'catalunya', 'nyata', 'serah', 'juang', 'selesai', 'marc', 'marquez', 'race', 'motogp', 'san', 'marino', 'juara', 'juang', 'lawan', 'riderrider', 'bagus', 'martin', 'bezzecchi', 'lihat', 'balap', 'batas', 'mampu', 'salah', 'rugi', 'poin']",Sport
"Berikut klasemen sementaraMotoGP 2026setelahMarc Marquezmemenangkan balapan utama San Marino. Rider Ducati itu sukses menggeser Jorge Martin dari posisi puncak. Dalam balapan 27 lap di Sirkuit Misano, Minggu (13/9), Marquez sukses mencatatkan kemenangan kelimanya di musim ini dengan mengungguli Alex Marquez dan Pedro Acosta yang melengkapi podium. Tambahan 25 poin membawa Marquez di posisi teratas dengan 274 poin. Martin yang finis kelima di Misano juga punya poin sama, namun Marquez unggul jumlah kemenangan (5 berbanding 1) dari pebalap Aprilia itu. SCROLL TO CONTINUE WITH CONTENT Posisi ketiga ditempati Marco Bezzecchi dengan 241 poin. Ia gagal menambah poin akibat crash di awal balapan San Marino. Fabio Di Giannantonio menempati urutan empat dengan 223 poin usai finis ketujuh. Pedro Acosta naik ke urutan lima dengan 209 usai finis ketiga. Ia menggeser Ai Ogura (203 poin) yang absen kali ini karena pemulihan cedera. Posisi tujuh diisi Raul Fernandez dengan 199 poin. Posisi delapan diisi Alex Marquez (153 poin) yang menambah 20 poin usai finis kedua. Ia menggeser Francesco Bagnaia (143 poin) yang mengalami crash di tengah balapan. Fermin Aldeguer melengkapi 10 besar dengan 105 poin usai finis keempat. Klasemen sementara MotoGP 2026: 1. Marc Marquez (Ducati) - 274 poin2. Jorge Martin (Aprilia) - 2743. Marco Bezzecchi (Aprilia) - 2414. Fabio Di Giannantonio (VR46) - 2235. Pedro Acosta (KTM) - 2096. Ai Ogura (Trackhouse) - 2037. Raul Fernandez (Trackhouse) - 1998. Alex Marquez (Gresini) - 1539. Francesco Bagnaia (Ducati) - 14310. Fermin Aldeguer (Gresini) - 10511. Luca Marini (Honda) - 9612. Enea Bastianini (Tech3) - 9213. Brad Binder (KTM) - 8314. Diogo Moreira (LCR) - 6415. Fabio Quartararo (Yamaha) - 6116. Franco Morbidelli (VR46) - 5617. Johann Zarco (LCR) - 3618. Joan Mir (Honda) - 3319. Jack Miller (Pramac) - 2820. Alex Rins (Yamaha) - 2421. Toprak Razgatlioglu (Pramac) - 1822. Maverick Vinales (Tech3) - 1023. Iker Lecuona (Gresini) - 924. Augusto Fernandez (Yamaha) - 625. Pol Espargaro (Tech3) - 5","['klasemen', 'sementaramotogp', 'setelahmarc', 'marquezmemenangkan', 'balap', 'utama', 'san', 'marino', 'rider', 'ducati', 'sukses', 'geser', 'jorge', 'martin', 'posisi', 'puncak', 'balap', 'lap', 'sirkuit', 'misano', 'minggu', 'marquez', 'sukses', 'catat', 'menang', 'lima', 'musim', 'unggul', 'alex', 'marquez', 'pedro', 'acosta', 'lengkap', 'podium', 'tambah', 'poin', 'bawa', 'marquez', 'posisi', 'atas', 'poin', 'martin', 'finis', 'misano', 'poin', 'marquez', 'unggul', 'menang', 'banding', 'balap', 'aprilia', 'scroll', 'to', 'continue', 'with', 'content', 'posisi', 'tiga', 'tempat', 'marco', 'bezzecchi', 'poin', 'gagal', 'tambah', 'poin', 'akibat', 'crash', 'balap', 'san', 'marino', 'fabio', 'giannantonio', 'tempat', 'urut', 'poin', 'finis', 'tujuh', 'pedro', 'acosta', 'urut', 'finis', 'tiga', 'geser', 'ai', 'ogura', 'poin', 'absen', 'kali', 'pulih', 'cedera', 'posisi', 'tujuh', 'isi', 'raul', 'fernandez', 'poin', 'posisi', 'delapan', 'isi', 'alex', 'marquez', 'poin', 'tambah', 'poin', 'finis', 'geser', 'francesco', 'bagnaia', 'poin', 'alami', 'crash', 'balap', 'fermin', 'aldeguer', 'lengkap', 'poin', 'finis', 'empat', 'klasemen', 'motogp', 'marc', 'marquez', 'ducati', 'poin', 'jorge', 'martin', 'aprilia', 'marco', 'bezzecchi', 'aprilia', 'fabio', 'giannantonio', 'vr', 'pedro', 'acosta', 'ktm', 'ai', 'ogura', 'trackhouse', 'raul', 'fernandez', 'trackhouse', 'alex', 'marquez', 'gresini', 'francesco', 'bagnaia', 'ducati', 'fermin', 'aldeguer', 'gresini', 'luca', 'marini', 'honda', 'enea', 'bastianini', 'tech', 'brad', 'binder', 'ktm', 'diogo', 'moreira', 'lcr', 'fabio', 'quartararo', 'yamaha', 'franco', 'morbidelli', 'vr', 'johann', 'zarco', 'lcr', 'joan', 'mir', 'honda', 'jack', 'miller', 'pramac', 'alex', 'rins', 'yamaha', 'toprak', 'razgatlioglu', 'pramac', 'maverick', 'vinales', 'tech', 'iker', 'lecuona', 'gresini', 'augusto', 'fernandez', 'yamaha', 'pol', 'espargaro', 'tech']",Sport
"MotoGP San Marino 2026tuntas digelar.Marc Marquezjadi juaranya disusul Alex Marquez dan Pedro Acosta. MotoGP San Marino 2026berlangsung di Sirkuit Misano. Pada Minggu (13/9) malam WIB, digelar balapan utama dengan total 27 laps. Pada starting grid, posisi pole diisi oleh Marco Bezzecchi. Diikuti oleh Marc Marquez dan Fermin Aldeguer. Pada row dua diisi oleh Fabio Di Giannantonio, Jorge Martin, dan Luca Marini. SCROLL TO CONTINUE WITH CONTENT Marco Bezzecchi ngacir, sekaligus tutup celah buatMarc Marquez.Bezzecchi pun mempertahankan posisinya sampai tikungan pertama. Jorge Martin naik ke posisi ketiga, Aldeguer turun keempat. Masuk ke tikungan ke-13, petaka buat Bezzecchi yang alami lowside, crash, dan terlempar ke gravel!  [Gambas:Twitter]    Marc Marqueznaik ke posisi pertama. Jorge Martin naik kedua, Pedro Acosta bisa naik ke posisi ketiga di lap ketiga. Panas duel duo Gresini vs KTM. Alex Marquez maju ke posisi ketiga setelah asapi Pedro Acosta, Aldeguer masih membayanginya di belakang. Di lap keenam, Francesco Bagnaia terjatuh. Lagi-lagi, Pecco tidak menyelesaikan balapannya. Di lap ketujuh pada tikungan keempat, Jorge Martin sukses menyalip Marc Marquez. Martin menyalip dari sisi dalam. Balapan makin ketat. Posisi dari pertama sampai ketiga yakni Martin, Marc, dan Alex selisih waktunya tidak sampai 1 detik! Lap ke-12, Marc Marquez sukses menyalip Jorge Martin di tikungan keenam. Marquez yang terus menekan dapatkan momentumnya. Lap ke-14, gantian Alex Marquez salip Martin. Persis dilakukan seperti kakaknya, di tikungan keenam. Marc Marquez bisa unggul nyaman satu detik dari kejaran Alex di lap ke-15. Sementara Martin, ditekan terus oleh Acosta. Di lap ke-16, Asocta sukses salip Martin di tikungan kedelapan. Martin tampak mulai mengendur, yang selanjutnya bisa disalip Aldeguer.  Situasi tidak banyak berubah saat masuki lap ke-20. Alex sempat nyaris terlempar setelah berbelok, untung masih bisa kendalikan kuda besinya. Alex sempat pangkas jarak jadi 0,624 dari Marc di depan. Tapi Marc masih bisa pertahankan momentumnya. Tiga lap terakhir, Alex makin kikis jarak jadi selisih 0,3 detik dari Marc! Marc Marquez akhirnya tidak terkejar. Rider Ducati itu jadi kampiun MotoGP San Marino 2026 disusul oleh Alex Marquez dan Pedro Acosta yang lengkapi podium. 1 Marc Marquez SPA Ducati Lenovo (GP26) 27 laps2 Alex Marquez SPA BK8 Gresini Ducati (GP26) +0.657s3 Pedro Acosta SPA Red Bull KTM (RC16) +2.326s4 Fermin Aldeguer SPA BK8 Gresini Ducati (GP25) +6.027s5 Jorge Martin SPA Aprilia Racing (RS-GP26) +14.021s6 Raul Fernandez SPA Trackhouse Aprilia (RS-GP26) +18.252s7 Fabio Di Giannantonio ITA Pertamina VR46 Ducati (GP26) +20.581s8 Enea Bastianini ITA Red Bull KTM Tech3 (RC16) +20.858s9 Luca Marini ITA Honda HRC Castrol (RC213V) +22.911s10 Fabio Quartararo FRA Monster Yamaha (YZR-M1) +23.229s11 Brad Binder RSA Red Bull KTM (RC16) +23.905s12 Toprak Razgatlioglu TUR Pramac Yamaha (YZR-M1)* +28.031s13 Franco Morbidelli ITA Pertamina VR46 Ducati (GP25) +28.927s14 Pol Espargaro SPA Red Bull KTM Tech3 (RC16) +31.792sJohann Zarco FRA Castrol Honda LCR (RC213V)Alex Rins SPA Monster Yamaha (YZR-M1)Joan Mir SPA Honda HRC Castrol (RC213V)Francesco Bagnaia ITA Ducati Lenovo (GP26)Jack Miller AUS Pramac Yamaha (YZR-M1)Diogo Moreira BRA Pro Honda LCR (RC213V)*Marco Bezzecchi ITA Aprilia Racing (RS-GP26)","['motogp', 'san', 'marino', 'tuntas', 'digelarmarc', 'marquezjadi', 'juara', 'susul', 'alex', 'marquez', 'pedro', 'acosta', 'motogp', 'san', 'marino', 'sirkuit', 'misano', 'minggu', 'malam', 'wib', 'gelar', 'balap', 'utama', 'total', 'laps', 'starting', 'grid', 'posisi', 'pole', 'isi', 'marco', 'bezzecchi', 'ikut', 'marc', 'marquez', 'fermin', 'aldeguer', 'row', 'isi', 'fabio', 'giannantonio', 'jorge', 'martin', 'luca', 'marini', 'scroll', 'to', 'continue', 'with', 'content', 'marco', 'bezzecchi', 'ngacir', 'tutup', 'celah', 'buatmarc', 'marquezbezzecchi', 'tahan', 'posisi', 'tikung', 'jorge', 'martin', 'posisi', 'tiga', 'aldeguer', 'turun', 'empat', 'masuk', 'tikung', 'petaka', 'bezzecchi', 'alami', 'lowside', 'crash', 'lempar', 'gravel', 'gambastwitter', 'marc', 'marqueznaik', 'posisi', 'jorge', 'martin', 'pedro', 'acosta', 'posisi', 'tiga', 'lap', 'tiga', 'panas', 'duel', 'duo', 'gresini', 'vs', 'ktm', 'alex', 'marquez', 'maju', 'posisi', 'tiga', 'asap', 'pedro', 'acosta', 'aldeguer', 'bayang', 'lap', 'enam', 'francesco', 'bagnaia', 'jatuh', 'lagilagi', 'pecco', 'selesai', 'balap', 'lap', 'tujuh', 'tikung', 'empat', 'jorge', 'martin', 'sukses', 'salip', 'marc', 'marquez', 'martin', 'salip', 'sisi', 'balap', 'ketat', 'posisi', 'tiga', 'martin', 'marc', 'alex', 'selisih', 'detik', 'lap', 'marc', 'marquez', 'sukses', 'salip', 'jorge', 'martin', 'tikung', 'enam', 'marquez', 'tekan', 'dapat', 'momentum', 'lap', 'ganti', 'alex', 'marquez', 'salip', 'martin', 'persis', 'kakak', 'tikung', 'enam', 'marc', 'marquez', 'unggul', 'nyaman', 'detik', 'kejar', 'alex', 'lap', 'martin', 'tekan', 'acosta', 'lap', 'asocta', 'sukses', 'salip', 'martin', 'tikung', 'delap', 'martin', 'kendur', 'salip', 'aldeguer', 'situasi', 'ubah', 'masuk', 'lap', 'alex', 'lempar', 'belok', 'untung', 'kendali', 'kuda', 'besi', 'alex', 'pangkas', 'jarak', 'marc', 'marc', 'tahan', 'momentum', 'lap', 'alex', 'kikis', 'jarak', 'selisih', 'detik', 'marc', 'marc', 'marquez', 'kejar', 'rider', 'ducati', 'kampiun', 'motogp', 'san', 'marino', 'susul', 'alex', 'marquez', 'pedro', 'acosta', 'lengkap', 'podium', 'marc', 'marquez', 'spa', 'ducati', 'lenovo', 'gp', 'laps', 'alex', 'marquez', 'spa', 'bk', 'gresini', 'ducati', 'gp', 's', 'pedro', 'acosta', 'spa', 'red', 'bull', 'ktm', 'rc', 's', 'fermin', 'aldeguer', 'spa', 'bk', 'gresini', 'ducati', 'gp', 's', 'jorge', 'martin', 'spa', 'aprilia', 'racing', 'rsgp', 's', 'raul', 'fernandez', 'spa', 'trackhouse', 'aprilia', 'rsgp', 's', 'fabio', 'giannantonio', 'ita', 'pertamina', 'vr', 'ducati', 'gp', 's', 'enea', 'bastianini', 'ita', 'red', 'bull', 'ktm', 'tech', 'rc', 's', 'luca', 'marini', 'ita', 'honda', 'hrc', 'castrol', 'rcv', 's', 'fabio', 'quartararo', 'fra', 'monster', 'yamaha', 'yzrm', 's', 'brad', 'binder', 'rsa', 'red', 'bull', 'ktm', 'rc', 's', 'toprak', 'razgatlioglu', 'tur', 'pramac', 'yamaha', 'yzrm', 's', 'franco', 'morbidelli', 'ita', 'pertamina', 'vr', 'ducati', 'gp', 's', 'pol', 'espargaro', 'spa', 'red', 'bull', 'ktm', 'tech', 'rc', 'sjohann', 'zarco', 'fra', 'castrol', 'honda', 'lcr', 'rcvalex', 'rins', 'spa', 'monster', 'yamaha', 'yzrmjoan', 'mir', 'spa', 'honda', 'hrc', 'castrol', 'rcvfrancesco', 'bagnaia', 'ita', 'ducati', 'lenovo', 'gpjack', 'miller', 'aus', 'pramac', 'yamaha', 'yzrmdiogo', 'moreira', 'bra', 'pro', 'honda', 'lcr', 'rcvmarco', 'bezzecchi', 'ita', 'aprilia', 'racing', 'rsgp']",Sport
"MotoGP San Marino 2026 masuki pertengahan balapan. Marquez bersaudara asapi Jorge Martin. MotoGP San Marino 2026 berlangsung di Sirkuit Misano. Pada Minggu (13/9) malam WIB, digelar balapan utama dengan total 27 laps. Pada starting grid, posisi pole diisi oleh Marco Bezzecchi. Diikuti oleh Marc Marquez dan Fermin Aldeguer. Pada row dua diisi oleh Fabio Di Giannantonio, Jorge Martin, dan Luca Marini. SCROLL TO CONTINUE WITH CONTENT Marco Bezzecchi ngacir, sekaligus tutup celah buat Marc Marquez. Bezzecchi pun mempertahankan posisinya sampai tikungan pertama. Jorge Martin naik ke posisi ketiga, Aldeguer turun keempat. Masuk ke tikungan ke-13, petaka buat Bezzecchi yang alami lowside, crash, dan terlempar ke gravel!  Marc Marquez naik ke posisi pertama. Jorge Martin naik kedua, Pedro Acosta bisa naik ke posisi ketiga di lap ketiga. Panas duel duo Gresini vs KTM. Alex Marquez maju ke posisi ketiga setelah asapi Pedro Acosta, Aldeguer masih membayanginya di belakang. Di lap keenam, Francesco Bagnaia terjatuh. Lagi-lagi, Pecco tidak menyelesaikan balapannya. Di lap ketujuh pada tikungan keempat, Jorge Martin sukses menyalip Marc Marquez. Martin menyalip dari sisi dalam.  Balapan makin ketat. Posisi dari pertama sampai ketiga yakni Martin, Marc, dan Alex selisih waktunya tidak sampai 1 detik! Lap ke-12, Marc Marquez sukses menyalip Jorge Martin di tikungan keenam. Marquez yang terus menekan dapatkan momentumnya. Lap ke-14, gantian Alex Marquez salip Martin. Persis dilakukan seperti kakaknya, di tikungan keenam. Marc Marquez bisa unggul nyaman satu detik dari kejaran Alex di lap ke-15. Sementara Martin, ditekan terus oleh Acosta. Di lap ke-16, Asocta sukses salip Martin di tikungan kedelapan. Martin tampak mulai mengendur. ","['motogp', 'san', 'marino', 'masuk', 'tengah', 'balap', 'marquez', 'saudara', 'asap', 'jorge', 'martin', 'motogp', 'san', 'marino', 'sirkuit', 'misano', 'minggu', 'malam', 'wib', 'gelar', 'balap', 'utama', 'total', 'laps', 'starting', 'grid', 'posisi', 'pole', 'isi', 'marco', 'bezzecchi', 'ikut', 'marc', 'marquez', 'fermin', 'aldeguer', 'row', 'isi', 'fabio', 'giannantonio', 'jorge', 'martin', 'luca', 'marini', 'scroll', 'to', 'continue', 'with', 'content', 'marco', 'bezzecchi', 'ngacir', 'tutup', 'celah', 'marc', 'marquez', 'bezzecchi', 'tahan', 'posisi', 'tikung', 'jorge', 'martin', 'posisi', 'tiga', 'aldeguer', 'turun', 'empat', 'masuk', 'tikung', 'petaka', 'bezzecchi', 'alami', 'lowside', 'crash', 'lempar', 'gravel', 'marc', 'marquez', 'posisi', 'jorge', 'martin', 'pedro', 'acosta', 'posisi', 'tiga', 'lap', 'tiga', 'panas', 'duel', 'duo', 'gresini', 'vs', 'ktm', 'alex', 'marquez', 'maju', 'posisi', 'tiga', 'asap', 'pedro', 'acosta', 'aldeguer', 'bayang', 'lap', 'enam', 'francesco', 'bagnaia', 'jatuh', 'lagilagi', 'pecco', 'selesai', 'balap', 'lap', 'tujuh', 'tikung', 'empat', 'jorge', 'martin', 'sukses', 'salip', 'marc', 'marquez', 'martin', 'salip', 'sisi', 'balap', 'ketat', 'posisi', 'tiga', 'martin', 'marc', 'alex', 'selisih', 'detik', 'lap', 'marc', 'marquez', 'sukses', 'salip', 'jorge', 'martin', 'tikung', 'enam', 'marquez', 'tekan', 'dapat', 'momentum', 'lap', 'ganti', 'alex', 'marquez', 'salip', 'martin', 'persis', 'kakak', 'tikung', 'enam', 'marc', 'marquez', 'unggul', 'nyaman', 'detik', 'kejar', 'alex', 'lap', 'martin', 'tekan', 'acosta', 'lap', 'asocta', 'sukses', 'salip', 'martin', 'tikung', 'delap', 'martin', 'kendur']",Sport
"MotoGP San Marino 2026 masuki lap ketujuh. Momen penting terjadi, Jorge Martin lewati Marc Marquez untuk jadi terdepan! MotoGP San Marino 2026 berlangsung di Sirkuit Misano. Pada Minggu (13/9) malam WIB, digelar balapan utama dengan total 27 laps. Pada starting grid, posisi pole diisi oleh Marco Bezzecchi. Diikuti oleh Marc Marquez dan Fermin Aldeguer. Pada row dua diisi oleh Fabio Di Giannantonio, Jorge Martin, dan Luca Marini. SCROLL TO CONTINUE WITH CONTENT Marco Bezzecchi ngacir, sekaligus tutup celah buat Marc Marquez. Bezzecchi pun mempertahankan posisinya sampai tikungan pertama. Jorge Martin naik ke posisi ketiga, Aldeguer turun keempat. Masuk ke tikungan ke-13, petaka buat Bezzecchi yang alami lowside, crash, dan terlempar ke gravel!  Marc Marquez naik ke posisi pertama. Jorge Martin naik kedua, Pedro Acosta bisa naik ke posisi ketiga di lap ketiga. Panas duel duo Gresini vs KTM. Alex Marquez maju ke posisi ketiga setelah asapi Pedro Acosta, Aldeguer masih membayanginya di belakang. Di lap keenam, Francesco Bagnaia terjatuh. Lagi-lagi, Pecco tidak menyelesaikan balapannya. Di lap ketujuh pada tikungan keempat, Jorge Martin sukses menyalip Marc Marquez. Martin menyalip dari sisi dalam.","['motogp', 'san', 'marino', 'masuk', 'lap', 'tujuh', 'momen', 'jorge', 'martin', 'lewat', 'marc', 'marquez', 'depan', 'motogp', 'san', 'marino', 'sirkuit', 'misano', 'minggu', 'malam', 'wib', 'gelar', 'balap', 'utama', 'total', 'laps', 'starting', 'grid', 'posisi', 'pole', 'isi', 'marco', 'bezzecchi', 'ikut', 'marc', 'marquez', 'fermin', 'aldeguer', 'row', 'isi', 'fabio', 'giannantonio', 'jorge', 'martin', 'luca', 'marini', 'scroll', 'to', 'continue', 'with', 'content', 'marco', 'bezzecchi', 'ngacir', 'tutup', 'celah', 'marc', 'marquez', 'bezzecchi', 'tahan', 'posisi', 'tikung', 'jorge', 'martin', 'posisi', 'tiga', 'aldeguer', 'turun', 'empat', 'masuk', 'tikung', 'petaka', 'bezzecchi', 'alami', 'lowside', 'crash', 'lempar', 'gravel', 'marc', 'marquez', 'posisi', 'jorge', 'martin', 'pedro', 'acosta', 'posisi', 'tiga', 'lap', 'tiga', 'panas', 'duel', 'duo', 'gresini', 'vs', 'ktm', 'alex', 'marquez', 'maju', 'posisi', 'tiga', 'asap', 'pedro', 'acosta', 'aldeguer', 'bayang', 'lap', 'enam', 'francesco', 'bagnaia', 'jatuh', 'lagilagi', 'pecco', 'selesai', 'balap', 'lap', 'tujuh', 'tikung', 'empat', 'jorge', 'martin', 'sukses', 'salip', 'marc', 'marquez', 'martin', 'salip', 'sisi']",Sport
"MotoGP San Marino 2026 dimulai! Bezzecchi langsung ngacir, tutup celah buat Marc Marquez di belakangnya. Tapi rider Aprilia itu langsung crash! MotoGP San Marino 2026 berlangsung di Sirkuit Misano. Pada Minggu (13/9) malam WIB, digelar balapan utama dengan total 27 laps. Pada starting grid, posisi pole diisi oleh Marco Bezzecchi. Diikuti oleh Marc Marquez dan Fermin Aldeguer. Pada row dua diisi oleh Fabio Di Giannantonio, Jorge Martin, dan Luca Marini. SCROLL TO CONTINUE WITH CONTENT  Marco Bezzecchi ngacir, sekaligus tutup celah buat Marc Marquez. Bezzecchi pun mempertahankan posisinya sampai tikungan pertama. Jorge Martin naik ke posisi ketiga, Aldeguer turun keempat. Masuk ke tikungan ke-12 masih di lap pertama, petaka buat Bezzecchi yang alami lowside, crash, dan terlempar ke gravel!","['motogp', 'san', 'marino', 'bezzecchi', 'langsung', 'ngacir', 'tutup', 'celah', 'marc', 'marquez', 'belakang', 'rider', 'aprilia', 'langsung', 'crash', 'motogp', 'san', 'marino', 'sirkuit', 'misano', 'minggu', 'malam', 'wib', 'gelar', 'balap', 'utama', 'total', 'laps', 'starting', 'grid', 'posisi', 'pole', 'isi', 'marco', 'bezzecchi', 'ikut', 'marc', 'marquez', 'fermin', 'aldeguer', 'row', 'isi', 'fabio', 'giannantonio', 'jorge', 'martin', 'luca', 'marini', 'scroll', 'to', 'continue', 'with', 'content', 'marco', 'bezzecchi', 'ngacir', 'tutup', 'celah', 'marc', 'marquez', 'bezzecchi', 'tahan', 'posisi', 'tikung', 'jorge', 'martin', 'posisi', 'tiga', 'aldeguer', 'turun', 'empat', 'masuk', 'tikung', 'lap', 'petaka', 'bezzecchi', 'alami', 'lowside', 'crash', 'lempar', 'gravel']",Sport
"Veda Ega Pratamagagal menambah poin dalam raceMoto3 San Marino 2026. Posisinya di klasemen semakin didekati Hakim Danish. Moto3 San Marinodigelar Minggu (13/9/2026) sore WIB di Misano World Circuit Marco Simoncelli. Veda memulai race sebanyak 20 laps ini dari posisi ke-15. David Almansa memulai race sebagai pole-sitter. Dia terus berada di posisi terdepan hingga memasuki lap terakhir. SCROLL TO CONTINUE WITH CONTENT  Maximo Quiles berhasil menyalip Almansa pada tikungan terakhir lap pamungkas. Rider asal Spanyol itu pun keluar sebagai pemenang Moto3 San Marino 2026. Veda Ega Pratama gagal meningkatkan performa di San Marino. Rider Honda Team Asia ini harus puas finis di posisi ke-18 dan gagal mendulang poin. Hasil lebih baik ditunjukkan rider Malaysia Hakim Danish. Memulai race di grid belakang, dia mampu finis di posisi ke-12 dan meraih 4 poin. Quiles menambah 25 poin dari kemenangan di Moto3 San Marino 2026. Rider tim CFMotoAspar Team ini kukuh di puncak klasemen sementara dengan 281 poin.  David Almansa berada di urutan kedua klasemen Moto3 2026 dengan 175 poin, disusul Alvaro Carpe (174 poin). Brian Uriarte menduduki posisi keempat dengan 154 poin, di depan Marco Morelli (138 poin) dan Valentin Perrone (114 poin). Veda Ega Pratama di urutan ketujuh klasemen dengan 97 poin. Dia kini hanya berjarak 3 poin dari Hakim Danish (94 poin) di belakangnya. Klasemen Moto3 2026 (10 Besar) 1. Maximo Quiles: 281 poin2. David Almansa: 174 poin3. Alvaro Carpe: 159 poin4. Brian Uriarte: 154 poin5. Marco Morelli: 138 poin6. Valentin Perrone: 114 poin7. Veda Ega Pratama: 97 poin8. Hakim Danish: 90 poin9. Matteo Bertelle: 84 poin10. Rico Salmela: 70 poin.  ","['veda', 'ega', 'pratamagagal', 'tambah', 'poin', 'racemoto', 'san', 'marino', 'posisi', 'klasemen', 'dekat', 'hakim', 'danish', 'moto', 'san', 'marinodigelar', 'minggu', 'sore', 'wib', 'misano', 'world', 'circuit', 'marco', 'simoncelli', 'veda', 'race', 'laps', 'posisi', 'david', 'almansa', 'race', 'polesitter', 'posisi', 'depan', 'pasuk', 'lap', 'scroll', 'to', 'continue', 'with', 'content', 'maximo', 'quiles', 'hasil', 'salip', 'almansa', 'tikung', 'lap', 'pamungkas', 'rider', 'spanyol', 'menang', 'moto', 'san', 'marino', 'veda', 'ega', 'pratama', 'gagal', 'tingkat', 'performa', 'san', 'marino', 'rider', 'honda', 'team', 'asia', 'puas', 'finis', 'posisi', 'gagal', 'dulang', 'poin', 'hasil', 'rider', 'malaysia', 'hakim', 'danish', 'race', 'grid', 'finis', 'posisi', 'raih', 'poin', 'quiles', 'tambah', 'poin', 'menang', 'moto', 'san', 'marino', 'rider', 'tim', 'cfmotoaspar', 'team', 'kukuh', 'puncak', 'klasemen', 'poin', 'david', 'almansa', 'urut', 'klasemen', 'moto', 'poin', 'susul', 'alvaro', 'carpe', 'poin', 'brian', 'uriarte', 'duduk', 'posisi', 'empat', 'poin', 'marco', 'morelli', 'poin', 'valentin', 'perrone', 'poin', 'veda', 'ega', 'pratama', 'urut', 'tujuh', 'klasemen', 'poin', 'jarak', 'poin', 'hakim', 'danish', 'poin', 'belakang', 'klasemen', 'moto', 'maximo', 'quiles', 'poin', 'david', 'almansa', 'poin', 'alvaro', 'carpe', 'poin', 'brian', 'uriarte', 'poin', 'marco', 'morelli', 'poin', 'valentin', 'perrone', 'poin', 'veda', 'ega', 'pratama', 'poin', 'hakim', 'danish', 'poin', 'matteo', 'bertelle', 'poin', 'rico', 'salmela', 'poin']",Sport
"Tim bulutangkis Indonesia tiba di Tokyo jelangAsian Games Aichi-Nagoya 2026.Mereka jalani pemusatan latihan dulu. Tim bulutangkis Indonesia yang akan berlaga di Asian Games Aichi-Nagoya 2026 telah tiba di Tokyo hari Minggu (13/9) untuk menjalani pemusatan latihan. Pemusatan latihan akan berlangsung kurang lebih tiga hari mulai Senin (14/9) hingga Rabu (16/9) mendatang. Kabid Binpres Pelatnas yang juga sebagai Head Coach di Asian Games,Eng Hian,mengatakan seluruh fasilitas untuk pemusatan latihan sudah lengkap dan memadai. SCROLL TO CONTINUE WITH CONTENT ""Seluruh fasilitas dari hotel, tempat latihan dan kebutuhan-kebutuhan lain terkait pemusatan latihan anak-anak sudah lengkap sesuai dengan yang kami harapkan,"" ucap Eng Hian. ""Sehingga persiapan anak-anak dipastikan tidak terganggu dan akan sesuai dengan program-program yang sudah dirancang sejak dari pelatnas di Indonesia,"" tambahnya.  Eng Hian menambahkan bahwa selain sparring partner yang dibawa dari Jakarta, akan ada latihan bersama dengan atlet-atlet Jepang. ""Kami membawa beberapa atlet untuk sparring partner ditambah akan ada latihan bareng bersama atlet-atlet Jepang di tiga hari pelaksanaan pemusatan latihan,"" jelas Eng Hian. ""Hal ini sangat positif sebagai bekal tambahan untuk melakoni laga di Asian Games nanti. Saya berharap semua pemain bisa menjalani seluruh proses dengan fokus, dalam suasana yang positif, dan dengan rasa percaya diri yang semakin kuat. Jaga kondisi, perkuat kekompakan dan siap memberikan kemampuan terbaik untuk Merah Putih,"" pesan Eng Hian. Cabang bulutangkis Asian Games Aichi-Nagoya 2026 bergulir pada 20-24 September untuk nomor beregu putra & putri lalu 25-29 September untuk nomor perorangan. ","['tim', 'bulutangkis', 'indonesia', 'tokyo', 'jelangasian', 'games', 'aichinagoya', 'jalan', 'pusat', 'latih', 'tim', 'bulutangkis', 'indonesia', 'laga', 'asi', 'games', 'aichinagoya', 'tokyo', 'minggu', 'jalan', 'pusat', 'latih', 'pusat', 'latih', 'senin', 'rabu', 'kabid', 'binpres', 'pelatnas', 'head', 'coach', 'asi', 'gameseng', 'hianmengatakan', 'fasilitas', 'pusat', 'latih', 'lengkap', 'pada', 'scroll', 'to', 'continue', 'with', 'content', 'fasilitas', 'hotel', 'latih', 'kebutuhankebutuhan', 'kait', 'pusat', 'latih', 'anakanak', 'lengkap', 'sesuai', 'harap', 'eng', 'hian', 'siap', 'anakanak', 'ganggu', 'sesuai', 'programprogram', 'rancang', 'pelatnas', 'indonesia', 'eng', 'hian', 'sparring', 'partner', 'bawa', 'jakarta', 'latih', 'atletatlet', 'jepang', 'bawa', 'atlet', 'sparring', 'partner', 'tambah', 'latih', 'bareng', 'atletatlet', 'jepang', 'laksana', 'pusat', 'latih', 'eng', 'hian', 'positif', 'bekal', 'tambah', 'lakon', 'laga', 'asi', 'games', 'harap', 'main', 'jalan', 'proses', 'fokus', 'suasana', 'positif', 'percaya', 'kuat', 'jaga', 'kondisi', 'kuat', 'kompak', 'mampu', 'baik', 'merah', 'putih', 'pesan', 'eng', 'hian', 'cabang', 'bulutangkis', 'asi', 'games', 'aichinagoya', 'gulir', 'september', 'nomor', 'regu', 'putra', 'putri', 'september', 'nomor', 'orang']",Sport
"Maximo Quilesmemenangkan raceMoto3 San Marino 2026.Veda Ega Pratamaharus puas finis di posisi ke-18. Seri ke-14Moto3 2026digelar di Misano World Circuit Marco Simoncelli, Minggu (13/9) sore WIB. Balapan bertajukMoto3 San Marinoini berlangsung sebanyak 20 laps. David Almansa memulai race sebagai pole-sitter. Rider Indonesia Veda Ega Pratama start dari dari posisi ke-15. SCROLL TO CONTINUE WITH CONTENT  Veda melorot ke P16 selepas lap pertama. Almansa masih memimpin race, disusul Brian Uriarte dan Valentin Perrone di belakangnya. Posisi ke-15 kembali diraih Veda memasuki lap ketiga. Almansa dan Uriarte masih menjadi 2 rider terdepan. Maximo Quiles menyalip Uriarte ke posisi 2 pada lap keenam. Veda melorot ke P16 dan balik lagi ke P15, disusul Hakim Danish di belakangnya. Hakim Danish menyalip Veda memasuki lap kedelapan. Veda bahkan melorot ke P18 pada lap berikutnya dan turun ke P19 di lap kesepuluh.  Uriarte kembali merebut P2 dari Quiles di lap kesebelas. Dia hanya berjarak 0,2 detik dari Alamnsa di depannya. Quiles menyalip Uriarte pada lap ke-14. Veda Ega melorot ke P20, sementara Hakim Danish masih di P15. Maximo Quiles berhasil menyalip Almansa pada tikungan terakhir di lap pamungkas. Quiles jadi pemenang Moto3 San Marino 2026! Veda Ega Pratama gagal meraih poin karena finis di urutan ke-18. Hakim Danish mengakhiri balapan di P12. Hasil Moto3 San Marino 2026 1. Maximo Quiles2. David Almansa3. Brian Uriarte4. Matteo Bertelle5. Valentin Perrone6. Rico Salmela7. Joel Kelso8. Adrian Cruces9. Marco Morelli10. David Gonzalez11. Casey O'Gorman12. Hakim Danish13. Ryusei Yamanaka14. Adrian Fernandez15. Scott Ogden16. Eddie O'Shea17. Alvaro Carpe18. Veda Ega Pratama19. Guido Pini20. Jesus Rios.","['maximo', 'quilesmemenangkan', 'racemoto', 'san', 'marino', 'veda', 'ega', 'pratamaharus', 'puas', 'finis', 'posisi', 'seri', 'moto', 'gelar', 'misano', 'world', 'circuit', 'marco', 'simoncelli', 'minggu', 'sore', 'wib', 'balap', 'bertajukmoto', 'san', 'marinoini', 'laps', 'david', 'almansa', 'race', 'polesitter', 'rider', 'indonesia', 'veda', 'ega', 'pratama', 'start', 'posisi', 'scroll', 'to', 'continue', 'with', 'content', 'veda', 'lorot', 'p', 'lepas', 'lap', 'almansa', 'pimpin', 'race', 'susul', 'brian', 'uriarte', 'valentin', 'perrone', 'belakang', 'posisi', 'raih', 'veda', 'pasuk', 'lap', 'tiga', 'almansa', 'uriarte', 'rider', 'depan', 'maximo', 'quiles', 'salip', 'uriarte', 'posisi', 'lap', 'enam', 'veda', 'lorot', 'p', 'p', 'susul', 'hakim', 'danish', 'belakang', 'hakim', 'danish', 'salip', 'veda', 'pasuk', 'lap', 'delap', 'veda', 'lorot', 'p', 'lap', 'turun', 'p', 'lap', 'puluh', 'uriarte', 'rebut', 'p', 'quiles', 'lap', 'sebelas', 'jarak', 'detik', 'alamnsa', 'depan', 'quiles', 'salip', 'uriarte', 'lap', 'veda', 'ega', 'lorot', 'p', 'hakim', 'danish', 'p', 'maximo', 'quiles', 'hasil', 'salip', 'almansa', 'tikung', 'lap', 'pamungkas', 'quiles', 'menang', 'moto', 'san', 'marino', 'veda', 'ega', 'pratama', 'gagal', 'raih', 'poin', 'finis', 'urut', 'hakim', 'danish', 'balap', 'p', 'hasil', 'moto', 'san', 'marino', 'maximo', 'quiles', 'david', 'almansa', 'brian', 'uriarte', 'matteo', 'bertelle', 'valentin', 'perrone', 'rico', 'salmela', 'joel', 'kelso', 'adrian', 'cruces', 'marco', 'morelli', 'david', 'gonzalez', 'casey', 'ogorman', 'hakim', 'danish', 'ryusei', 'yamanaka', 'adrian', 'fernandez', 'scott', 'ogden', 'eddie', 'oshea', 'alvaro', 'carpe', 'veda', 'ega', 'pratama', 'guido', 'pin', 'jesus', 'rios']",Sport
"Indonesiakalah 89-100 dariArab Saudidalam partai terakhir penyisihan Grup A cabang olahraga basket putraAsian Games 2026. Dengan hasil ini, Merah Putih dipastikan angkat koper. Bertanding di Aichi International Arena, Nagoya, Minggu (13/9), kedua tim bermain imbang 21-21 di akhir kuarter pertama. Namun Arab Saudi berhasil mengambil momentum di kuarter kedua untuk memimpin 50-41. Arab Saudi kembali menjauh dari kejaran Indonesia di kuarter ketiga. Mereka sempat unggul 69-49 di sisa waktu 1 menit 20 detik sebelum menutup kuarter dengan skor 70-55. SCROLL TO CONTINUE WITH CONTENT  Indonesia yang pantang menyerah begitu saja lantas memberikan perlawanan di kuarter empat. Sempat tertinggal 66-87 saat laga tersisa empat menit 29 detik, Derrick Xzavierro dkk lalu menipiskan jarak menjadi 85-89 di sisa waktu 56,3 detik. Namun Arab Saudi kemudian mencetak tujuh poin beruntun untuk unggul 96-85. Di sisa waktu, Indonesia hanya mampu menambah empat poin, sedangkan Arab Saudi juga menambah empat poin lagi untuk menutup laga dengan skor 100-89. Pada laga ini, Abraham Grahita menjadi penyumbang poin terbanyak Indonesia dengan 22 poin, disusul Xzavierro dengan 14 poin dan Yudha Saputera dengan 13 poin. Andakara Prastawa menyumbang 12 poin, sedangkan yang lainnya di bawah dua digit.  Di kubu Arab Saudi, Muhammad Abdurrahkman menyumbang 41 poin, disusul oleh Mohammed Alsuwailem dengan 33 poin. Mathna Almarwani menyumbang 13 poin, dan sisanya di bawah dua digit. Ini menjadi kekalahan ketiga Indonesia setelah dipecundangiJepang (53-98)danKorea Selatan (48-102). Merah Putih pun finis sebagai juru kunci Grup A dengan tiga poin dan gagal melangkah ke fase gugur.","['indonesiakalah', 'dariarab', 'saudidalam', 'partai', 'sisih', 'grup', 'a', 'cabang', 'olahraga', 'basket', 'putraasian', 'games', 'hasil', 'merah', 'putih', 'angkat', 'koper', 'tanding', 'aichi', 'international', 'arena', 'nagoya', 'minggu', 'tim', 'main', 'imbang', 'kuarter', 'arab', 'saudi', 'hasil', 'ambil', 'momentum', 'kuarter', 'pimpin', 'arab', 'saudi', 'jauh', 'kejar', 'indonesia', 'kuarter', 'tiga', 'unggul', 'sisa', 'menit', 'detik', 'tutup', 'kuarter', 'skor', 'scroll', 'to', 'continue', 'with', 'content', 'indonesia', 'pantang', 'serah', 'lantas', 'lawan', 'kuarter', 'tinggal', 'laga', 'sisa', 'menit', 'detik', 'derrick', 'xzavierro', 'dkk', 'nipis', 'jarak', 'sisa', 'detik', 'arab', 'saudi', 'cetak', 'tujuh', 'poin', 'untun', 'unggul', 'sisa', 'indonesia', 'tambah', 'poin', 'arab', 'saudi', 'tambah', 'poin', 'tutup', 'laga', 'skor', 'laga', 'abraham', 'grahita', 'sumbang', 'poin', 'indonesia', 'poin', 'susul', 'xzavierro', 'poin', 'yudha', 'saputera', 'poin', 'andakara', 'prastawa', 'sumbang', 'poin', 'digit', 'kubu', 'arab', 'saudi', 'muhammad', 'abdurrahkman', 'sumbang', 'poin', 'susul', 'mohammed', 'alsuwailem', 'poin', 'mathna', 'almarwani', 'sumbang', 'poin', 'sisa', 'digit', 'kalah', 'tiga', 'indonesia', 'dipecundangijepang', 'dankorea', 'selatan', 'merah', 'putih', 'finis', 'juru', 'kunci', 'grup', 'a', 'poin', 'gagal', 'lang', 'fase', 'gugur']",Sport
"Pengumuman pemenang Social Media Quiz 12 bertema tebak nama sirkuit MotoGP yang ditunggu-tunggu akhirnya tiba. Rangkaian kuis ini telah menyedot antusiasme tinggi dari para pencinta balap motor di seluruh Indonesia. Kuis yang digelar Bold Riders bersama detikcom ini sebelumnya mengajak peserta menguji pengetahuan tentang berbagai lintasan MotoGP. Peserta diminta menebak nama sirkuit berdasarkan siluet pada postingan kuis serta mengikuti mekanisme yang telah ditentukan. Dalam tantangan ini, terdapat empat nama sirkuit yang menjadi jawaban benar. Jawabannya meliputi Misano World Circuit Marco Simoncelli, Red Bull Ring, Twin Ring Motegi, dan Mandalika International Street Circuit. SCROLL TO CONTINUE WITH CONTENT Berdasarkan hasil pengundian dan verifikasi jawaban tepat, tiga peserta beruntung berhak keluar sebagai pemenang. Ketiga akun Instagram tersebut adalah @ricoramaddhan, @fikrinugraha12, serta @dwidilanmchtr_. Selamat kepada seluruh pemenang yang berhasil menjawab kuis dengan cermat dan cepat. Para pemenang dimohon segera mengecek kotak masuk pesan pribadi (direct message) akun Instagram masing-masing mendata klaim hadiah.  [Gambas:Instagram]   Bagi peserta yang belum beruntung, kesempatan meraih berbagai hadiah menarik lainnya masih terbuka lebar. Pantau terus akun media sosial @boldriders agar tidak ketinggalan berita terkini dan kuis seru selanjutnya. Bold Ridersadalah wadah komunitas motor multigenre untuk semua merek yang menjunjung tinggi semangatbrotherhood. Sebagai sponsor Gresini Racing Team di ajang MotoGP, kami membawa semangat balap yang penuh adrenalin dan keberanian mengambil risiko. Bold Riders mendukung nilai ""Live Bold"" yang menjadi jiwa bagi MotoGP dan anak motor, meliputi:  Keberanian mengambil keputusan dalam hitungan detik.  Mentalitas untuk terus berkembang. Passiontinggi terhadap dunia roda dua. Disiplin serta menghargai proses dan latihan. Menjadikan setiap perjalanan lebih bermakna. Persaudaraan inklusif yang merangkul semua jenis motor. Jangan lupafollow@boldridersuntukupdateinformasi terbaru seputar dunia motor dan MotoGP!","['umum', 'menang', 'social', 'media', 'quiz', 'tema', 'tebak', 'nama', 'sirkuit', 'motogp', 'ditunggutunggu', 'rangkai', 'kuis', 'sedot', 'antusiasme', 'cinta', 'balap', 'motor', 'indonesia', 'kuis', 'gelar', 'bold', 'riders', 'detikcom', 'ajak', 'serta', 'uji', 'tahu', 'lintas', 'motogp', 'serta', 'tebak', 'nama', 'sirkuit', 'dasar', 'siluet', 'postingan', 'kuis', 'ikut', 'mekanisme', 'tentu', 'tantang', 'nama', 'sirkuit', 'jawab', 'liput', 'misano', 'world', 'circuit', 'marco', 'simoncelli', 'red', 'bull', 'ring', 'twin', 'ring', 'motegi', 'mandalika', 'international', 'street', 'circuit', 'scroll', 'to', 'continue', 'with', 'content', 'dasar', 'hasil', 'undi', 'verifikasi', 'serta', 'untung', 'hak', 'menang', 'tiga', 'akun', 'instagram', 'ricoramaddhan', 'fikrinugraha', 'dwidilanmchtr', 'selamat', 'menang', 'hasil', 'kuis', 'cermat', 'cepat', 'menang', 'mohon', 'ecek', 'kotak', 'masuk', 'pesan', 'pribadi', 'direct', 'message', 'akun', 'instagram', 'masingmasing', 'data', 'klaim', 'hadiah', 'gambasinstagram', 'serta', 'untung', 'sempat', 'raih', 'hadiah', 'tarik', 'buka', 'lebar', 'pantau', 'akun', 'media', 'sosial', 'boldriders', 'tinggal', 'berita', 'kini', 'kuis', 'seru', 'bold', 'ridersadalah', 'wadah', 'komunitas', 'motor', 'multigenre', 'merek', 'junjung', 'semangatbrotherhood', 'sponsor', 'gresini', 'racing', 'team', 'ajang', 'motogp', 'bawa', 'semangat', 'balap', 'penuh', 'adrenalin', 'berani', 'ambil', 'risiko', 'bold', 'riders', 'dukung', 'nilai', 'live', 'bold', 'jiwa', 'motogp', 'anak', 'motor', 'liput', 'berani', 'ambil', 'putus', 'hitung', 'detik', 'mentalitas', 'kembang', 'passiontinggi', 'dunia', 'roda', 'disiplin', 'harga', 'proses', 'latih', 'jadi', 'jalan', 'makna', 'saudara', 'inklusif', 'rangkul', 'jenis', 'motor', 'lupafollowboldridersuntukupdateinformasi', 'baru', 'putar', 'dunia', 'motor', 'motogp']",Sport
"Amerika Serikat- Rybakina juara US Open 2026 usai mengalahkan juara bertahan dua kali, Aryna Sabalenka, dalam final sengit tiga set di New York.","['amerika', 'serikat', 'rybakina', 'juara', 'us', 'open', 'kalah', 'juara', 'tahan', 'kali', 'aryna', 'sabalenka', 'final', 'sengit', 'set', 'new', 'york']",Sport
"Elena Rybakinatampil sebagai juara grand slamUS Open 2026usai mengalahkan juara bertahan dua kaliAryna Sabalenkadi final. Ini jadi gelar US Open pertama untuk Rybakina. Dalam pertandingan final di USTA Billie Jean King National Tennis Center, Minggu (13/9/2026) pagi WIB, Rybakina menang dalam duel tiga set dengan skor 6-4, 5-7, 6-2. Petenis Kazakhstan itu menyegel kemenangan dengan ace. Kemenangan ini sekaligus melengkapi keberhasilan Rybakina menduduki peringkat satu dunia. Petenis berusia 27 tahun itu dipastikan naik ke peringkat satu dunia menggeser Sabalenka usai menembus semifinal US Open 2026 lalu. SCROLL TO CONTINUE WITH CONTENT  Ini jadi gelar grand slam ketiga bagi Rybakina di sepanjang kariernya, sekaligus yang kedua di 2026 setelah menang di Australian Open. Ia jadi petenis wanita ketiga di abad ini yang menjuarai dua grand slam lapangan keras di tahun yang sama. ""Sulit untuk menemukan kata-kata yang tepat sekarang. Saya tidak menyangkanya saat memulai turnamen,"" ujar Rybakina yang sempat diganggu cedera pergelangan kaki sebelum turnamen, seperti dilansir Reuters. ""Saya harus menghadapi cedera. Entah bagaimana segalanya berpihak kepada saya. Aryna ... melawan kamu itu sulit. Kamu mendorong saya sampai ke batasnya."" ""Saya ingin berterima kasih kepada penonton atas atmosfer yang luar biasa. Saya sudah ke sini selama 10 tahun terakhir dan tidak pernah berhasil. Saya makin jatuh cinta ke New York,"" katanya. ","['elena', 'rybakinatampil', 'juara', 'grand', 'slamus', 'open', 'kalah', 'juara', 'tahan', 'kaliaryna', 'sabalenkadi', 'final', 'gelar', 'us', 'open', 'rybakina', 'tanding', 'final', 'usta', 'billie', 'jean', 'king', 'national', 'tennis', 'center', 'minggu', 'pagi', 'wib', 'rybakina', 'menang', 'duel', 'set', 'skor', 'tenis', 'kazakhstan', 'segel', 'menang', 'ace', 'menang', 'lengkap', 'hasil', 'rybakina', 'duduk', 'peringkat', 'dunia', 'tenis', 'usia', 'peringkat', 'dunia', 'geser', 'sabalenka', 'tembus', 'semifinal', 'us', 'open', 'scroll', 'to', 'continue', 'with', 'content', 'gelar', 'grand', 'slam', 'tiga', 'rybakina', 'karier', 'menang', 'australian', 'open', 'tenis', 'wanita', 'tiga', 'abad', 'juara', 'grand', 'slam', 'lapang', 'keras', 'sulit', 'temu', 'katakata', 'sangka', 'turnamen', 'rybakina', 'ganggu', 'cedera', 'gelang', 'kaki', 'turnamen', 'lansir', 'reuters', 'hadap', 'cedera', 'pihak', 'aryna', 'lawan', 'sulit', 'dorong', 'batas', 'terima', 'kasih', 'tonton', 'atmosfer', 'hasil', 'jatuh', 'cinta', 'new', 'york']",Sport
"Persaingan memperebutkan Super Tiket semakin mengerucut pada hari keempat Audisi Umum PB Djarum Kudus 2026 yang berlangsung di GOR Djarum, Jati, Kudus, Sabtu (12/9/2026). Selain diberikan melalui jalur turnamen, Super Tiket juga menjadi kesempatan bagi peserta yang belum mampu melangkah jauh di arena pertandingan, tetapi dinilai memiliki potensi untuk berkembang menjadi atlet berkualitas di masa depan. Setelah empat hari melakukan pemantauan secara langsung dari tepi lapangan, Tim Pencari Bakat PB Djarum mulai mengantongi sejumlah nama yang dinilai layak mendapat perhatian lebih. SCROLL TO CONTINUE WITH CONTENT Legenda bulutangkis PB Djarum sekaligus anggota Tim Pencari Bakat, Hastomo Arbi, mengatakan proses pencarian bakat dilakukan secara menyeluruh. Tidak hanya melihat hasil pertandingan, tim juga memperhatikan berbagai aspek yang dapat menjadi modal seorang pemain untuk berkembang.  ""Saya mengantongi beberapa nama karena saya lihat skill mereka itu bagus sekali. Dari cara bertandingnya ada yang berbeda dari pemain lain dan juga dari postur tubuh. Tapi penilaian yang terpenting ialah bagaimana kita bisa memproyeksikan apakah mereka bisa diasah dan menjadi atlet berkualitas di masa mendatang,"" ujar Hastomo. Peraih Piala Thomas 1984 tersebut menegaskan, hasil pertandingan bukan menjadi satu-satunya ukuran. Tim Pencari Bakat juga berusaha melihat potensi jangka panjang seorang pemain, hal yang ditegaskan oleh Maria Kristin Yulianti selaku anggota Tim Pencari Bakat Audisi Umum PB Djarum 2026 dari sektir putri. ""Biasanya, kandidat peraih Super Tiket pilihan Tim Pencari Bakat ini berasal dari peserta yang gugur di babak turnamen di 32 besar. Kami melihat kerja keras dan daya juang mereka di lapangan, jadi tidak hanya hasil akhir semata,"" ujar Maria Kristin. ""Dari pengamatan kami, ada beberapa yang mainnya ngoyo dan terlihat tidak mau kalah. Artinya mereka memiliki spirit yang tinggi untuk menang, ini yang juga bisa menjadi kandidat peraih Super Tiket,"" tegasnya.","['saing', 'rebut', 'super', 'tiket', 'kerucut', 'empat', 'audisi', 'pb', 'djarum', 'kudus', 'gor', 'djarum', 'jati', 'kudus', 'sabtu', 'jalur', 'turnamen', 'super', 'tiket', 'sempat', 'serta', 'lang', 'arena', 'tanding', 'nilai', 'milik', 'potensi', 'kembang', 'atlet', 'kualitas', 'pantau', 'langsung', 'tepi', 'lapang', 'tim', 'cari', 'bakat', 'pb', 'djarum', 'kantong', 'nama', 'nilai', 'layak', 'perhati', 'scroll', 'to', 'continue', 'with', 'content', 'legenda', 'bulutangkis', 'pb', 'djarum', 'anggota', 'tim', 'cari', 'bakat', 'hastomo', 'arbi', 'proses', 'cari', 'bakat', 'hasil', 'tanding', 'tim', 'perhati', 'aspek', 'modal', 'main', 'kembang', 'kantong', 'nama', 'lihat', 'skill', 'bagus', 'tanding', 'beda', 'main', 'postur', 'tubuh', 'nilai', 'penting', 'proyeksi', 'asah', 'atlet', 'kualitas', 'hastomo', 'raih', 'piala', 'thomas', 'hasil', 'tanding', 'satusatunya', 'ukur', 'tim', 'cari', 'bakat', 'usaha', 'potensi', 'jangka', 'main', 'maria', 'kristin', 'yulianti', 'anggota', 'tim', 'cari', 'bakat', 'audisi', 'pb', 'djarum', 'sektir', 'putri', 'kandidat', 'raih', 'super', 'tiket', 'pilih', 'tim', 'cari', 'bakat', 'asal', 'serta', 'gugur', 'babak', 'turnamen', 'kerja', 'keras', 'daya', 'juang', 'lapang', 'hasil', 'maria', 'kristin', 'amat', 'main', 'ngoyo', 'kalah', 'milik', 'spirit', 'menang', 'kandidat', 'raih', 'super', 'tiket']",Sport
"Nathan Barkiharus mengubur impiannya menjuaraiSeri V Men's World Tennis Championship 2026. Sebab, dia kandas di semifinal. Pada pertandingan ITF World Tennis Tour M-15 di Bali Beach Country Club, Nusa Dua, Sabtu (12/9/2026), Nathan menghadapi Alexander Chang asal Amerika Serikat. Bertanding selama 2 jam 15 menit menghadapi juara UTR PTT 2026, Nathan sejatinya sempat unggul 6-4 di set pertama. Tapi, dia kehabisan tenaga di set kedua dan menyerah mudah 1-6. SCROLL TO CONTINUE WITH CONTENT Pada set penentuan, Nathan memberikan perlawanan sengiti sebelum akhirnya kalah 4-6. Meski gagal ke final, Nathan tetap puas dengan pencapaiannya di seri V ini mengingat prestasi terbaiknya adalah perempatfinalis. ""Ini pencapaian bagus untuk saya, mengingat lawan adalah Alexander Chang, bermain luar biasa. Setelah ini saya akan fokus untuk tampild serangkaian turnamen level kampus di Amerika Serikat dan rencananya kembali lagi ke tanah air pada Desember mendatang, untuk tampil di ajang M-15 dan M-25 Bali,"" ujar Nathan dalam rilis kepadadetikSport. Alexander akan menghadapi petenis India Karan Singh yang sukses mengalahkan kompatriotnya Digvijay Pratap Singh, dengan dua set langsung, 6-4 dan 6-5. Karan akan coba mempertahankan gelar yang direbutnya di seri IV lalu. Sementara dari nomor ganda putra, Alexander Chang/Pablo Perez Ramos berhasil mempertahankan gelar juara ganda putra usai menumbangkan Isaac Becroft/Reece Falck dari Selandia Baru, lewat pertarungan tiga set selama 1 jam 11 menit. Takluk 3-6 di set pertama, Alexander/Pablo membalasnya ngan angka sama 6-3, sehingga set ketiga harus dilakoni untuk menentukan pemenang. Duel semakin sengit di set ketiga, ketika Alexander/Pablo yang sempat tertinggal 2-5 dan match point 7-9, berhasil membalikkan keadaan untuk menang 12-10. Mereka berhak atas hadiah 930 dolar AS, serta tambahan 15 poin ATP. Sedangkan Isaac/Reece memperoleh uang 540 dolar AS serta trofi. ""Saya sangat senang dengan raihan dua gelar juara pada M-15 Bali. Saya berikan apresiasi kepada rekan saya, Alexander Chang, yang performanya tetap prima meskipun habis bertanding di nomor tunggal,"" papar Pablo. ""Pablo sangat cepat dalam mengantisipasi permainan lawan maupun perubahan strategi di saat poin-poin kritis menjadi sebuah kemenangan,"" timpal Alexander. ","['nathan', 'barkiharus', 'kubur', 'impi', 'menjuaraiseri', 'v', 'mens', 'world', 'tennis', 'championship', 'kandas', 'semifinal', 'tanding', 'itf', 'world', 'tennis', 'tour', 'm', 'bal', 'beach', 'country', 'club', 'nusa', 'sabtu', 'nathan', 'hadap', 'alexander', 'chang', 'amerika', 'serikat', 'tanding', 'jam', 'menit', 'hadap', 'juara', 'utr', 'ptt', 'nathan', 'sejati', 'unggul', 'set', 'habis', 'tenaga', 'set', 'serah', 'mudah', 'scroll', 'to', 'continue', 'with', 'content', 'set', 'tentu', 'nathan', 'lawan', 'sengit', 'kalah', 'gagal', 'final', 'nathan', 'puas', 'capai', 'seri', 'v', 'prestasi', 'baik', 'perempatfinalis', 'capai', 'bagus', 'lawan', 'alexander', 'chang', 'main', 'fokus', 'tampild', 'rangkai', 'turnamen', 'level', 'kampus', 'amerika', 'serikat', 'rencana', 'tanah', 'air', 'desember', 'tampil', 'ajang', 'm', 'm', 'bal', 'nathan', 'rilis', 'kepadadetiksport', 'alexander', 'hadap', 'tenis', 'india', 'karan', 'singh', 'sukses', 'kalah', 'kompatriot', 'digvijay', 'pratap', 'singh', 'set', 'langsung', 'karan', 'coba', 'tahan', 'gelar', 'rebut', 'seri', 'iv', 'nomor', 'ganda', 'putra', 'alexander', 'changpablo', 'perez', 'ramos', 'hasil', 'tahan', 'gelar', 'juara', 'ganda', 'putra', 'tumbang', 'isaac', 'becroftreece', 'falck', 'selandia', 'tarung', 'set', 'jam', 'menit', 'takluk', 'set', 'alexanderpablo', 'balas', 'ngan', 'angka', 'set', 'tiga', 'lakon', 'tentu', 'menang', 'duel', 'sengit', 'set', 'tiga', 'alexanderpablo', 'tinggal', 'match', 'point', 'hasil', 'balik', 'menang', 'hak', 'hadiah', 'dolar', 'as', 'tambah', 'poin', 'atp', 'isaacreece', 'oleh', 'uang', 'dolar', 'as', 'trofi', 'senang', 'raih', 'gelar', 'juara', 'm', 'bal', 'apresiasi', 'rekan', 'alexander', 'chang', 'performa', 'prima', 'habis', 'tanding', 'nomor', 'tunggal', 'papar', 'pablo', 'pablo', 'cepat', 'antisipasi', 'main', 'lawan', 'ubah', 'strategi', 'poinpoin', 'kritis', 'menang', 'timpal', 'alexander']",Sport
"Perairan Ancol, Jakarta, ramai oleh deru mesin jetski pada Sabtu (12/9/2026). Ajang Panglima TNI Cup yang digelar Mabes TNI di Jetski Academy Ancol menjadi titik temu puluhan pembalap dari berbagai latar belakang, mulai dari prajurit, atlet, hingga komunitas sipil. Salah satu sosok yang mencuri perhatian adalahArio Bimo Nandito Ariotedjo, mantan Menteri Pemuda dan Olahraga. Dito tidak hadir sekadar sebagai tamu kehormatan. Ia justru turun langsung sebagai peserta dan memacu jetski pada kelas Moto 1 Amateur Runabout Racing. Mengenakan nomor punggung dan berdiri di garis start bersama peserta lainnya, Dito menjalani seluruh rangkaian balapan sesuai jadwal yang telah ditetapkan panitia. SCROLL TO CONTINUE WITH CONTENT Bagi Dito, dunia olahraga bukanlah sesuatu yang asing. Jauh sebelum dipercaya menjadi Menteri Pemuda dan Olahraga pada April 2023, pria kelahiran 25 September 1990 itu telah aktif di berbagai sektor ekosistem olahraga Indonesia. Dito pernah dipercaya sebagai Chef de Mission Kontingen Indonesia pada Youth Olympic 2018 di Argentina. Dia juga tercatat pernah terlibat dalam kepengurusan Ikatan Sport Sepeda Indonesia (ISSI) DKI Jakarta hingga menjabat sebagai Chairman RANS Basket. Dalam rilis yang diterimadetikSport, ajang Panglima TNI Cup ini menawarkan ruang kompetisi yang relatif jarang ditemui dalam olahraga Indonesia. Prajurit TNI, atlet, pehobi, dan pembalap dari komunitas sipil dapat bertemu dalam satu arena dengan aturan, standar pertandingan, dan penilaian yang sama. Kelas Moto 1 Amateur Runabout Racing menjadi salah satu contohnya. Kelas ini menjadi pintu masuk bagi pembalap yang sedang membangun pengalaman dan meniti jenjang kompetisi. Di level inilah proses regenerasi pembalap jetski berlangsung. Sebelum mencapai level elite dan membawa nama Indonesia di kompetisi internasional, para pembalap membutuhkan ruang untuk berkompetisi, mengasah kemampuan, sekaligus membangun mental bertanding.","['air', 'ancol', 'jakarta', 'ramai', 'deru', 'mesin', 'jetski', 'sabtu', 'ajang', 'panglima', 'tni', 'cup', 'gelar', 'mabes', 'tni', 'jetski', 'academy', 'ancol', 'titik', 'temu', 'puluh', 'balap', 'latar', 'prajurit', 'atlet', 'komunitas', 'sipil', 'salah', 'sosok', 'curi', 'perhati', 'adalahario', 'bimo', 'nandito', 'ariotedjo', 'mantan', 'menteri', 'pemuda', 'olahraga', 'dito', 'hadir', 'tamu', 'hormat', 'turun', 'langsung', 'serta', 'pacu', 'jetski', 'kelas', 'moto', 'amateur', 'runabout', 'racing', 'kena', 'nomor', 'punggung', 'diri', 'garis', 'start', 'serta', 'dito', 'jalan', 'rangkai', 'balap', 'sesuai', 'jadwal', 'tetap', 'panitia', 'scroll', 'to', 'continue', 'with', 'content', 'dito', 'dunia', 'olahraga', 'asing', 'percaya', 'menteri', 'pemuda', 'olahraga', 'april', 'pria', 'lahir', 'september', 'aktif', 'sektor', 'ekosistem', 'olahraga', 'indonesia', 'dito', 'percaya', 'chef', 'de', 'mission', 'kontingen', 'indonesia', 'youth', 'olympic', 'argentina', 'catat', 'libat', 'urus', 'ikat', 'sport', 'sepeda', 'indonesia', 'issi', 'dki', 'jakarta', 'jabat', 'chairman', 'rans', 'basket', 'rilis', 'diterimadetiksport', 'ajang', 'panglima', 'tni', 'cup', 'tawar', 'ruang', 'kompetisi', 'relatif', 'jarang', 'temu', 'olahraga', 'indonesia', 'prajurit', 'tni', 'atlet', 'hobi', 'balap', 'komunitas', 'sipil', 'temu', 'arena', 'atur', 'standar', 'tanding', 'nilai', 'kelas', 'moto', 'amateur', 'runabout', 'racing', 'salah', 'contoh', 'kelas', 'pintu', 'masuk', 'balap', 'bangun', 'alam', 'titi', 'jenjang', 'kompetisi', 'level', 'proses', 'regenerasi', 'balap', 'jetski', 'capai', 'level', 'elite', 'bawa', 'nama', 'indonesia', 'kompetisi', 'internasional', 'balap', 'butuh', 'ruang', 'kompetisi', 'asah', 'mampu', 'bangun', 'mental', 'tanding']",Sport
"KejuaraanRenangPelajar Pemula, Jakarta Selatan 2026, telah selesai dilaksanakan. Kejuaraan untuk perenang muda ini berlangsung di Kolam Renang Tirta Faletehan, Pesanggrahan, Jakarta Selatan, pada Sabtu (12/9). Ketua Panitia Pelaksana Agus Maulana mengatakan bahwa total ada 900 perenang muda putra dan putri ambil bagian di ajang ini. Kejuaraan ini menjadi panggung bagi perenang mulai tingkat anak kelahiran 2021 sampai 2009. Lanjut Agus, para peserta merupakan siswa sekolah atau anggota klub renang di seluruh Indonesia. Dari panitia memberikan ketegasan terkait status peserta, yaitu bukan juara lomba O2SN tingkat nasional atau provinsi, PON, POPNAS, Indonesia Open, KEJUARDA dan KEJURNAS, FAI atau Atlet POPB. Panitia telah membuka pendaftaran sejak 10 Juli hingga 6 September 2026. SCROLL TO CONTINUE WITH CONTENT ""Ini adalah kejuaraan renang khusus untuk pemula. Ini pelaksanaan yang ketujuh kami buat dari tahun 2024 untuk menjadi wadah anak-anak mengembangkan kemampuan berenangnya,"" jelas Agus. ""Harapan kami, melalui kegiatan ini bisa bersinergi dengan pihak-pihak terkait dan mewadahi prestasi para pelajar di Indonesia,"" ungkapnya. Sebagai bagian dari pembinaan, kata Agus, nomor khusus dipertandingkan di ajang ini. Nomor Short Course menjadi pilihan karena untuk meningkatkan kepercayaan diri para perenang muda. ""Kami fokuskan untuk mempertandingkan nomor short coures karena untuk mengukur kepercayaan diri dan kemampuan perenang pemula tingkat pelajar,"" jelas Agus. Sebagai bagian dari apresiasi kerja keras dan perjuangan perenang muda di lintasan renang, lanjut Agus, panitia menyediakan hadiah untuk para pemenang. Ada dua kategori ketentuan pemenang, yaitu juara 1, 2, dan 3 untuk setiap seri dan juara acara 1, 2, 3. ""Juara 1,2,3 setiap seri mendapatkan medali. Juara Acara 1,2,3 mendapat piala dan sertifikat eksklusif yang akan kami kurasikan. Apresiasi ini bagian dari motivasi kami dalam meningkatkan kebanggaan para perenang muda atas kerja kerasnya dalam latihan dan bertanding,"" terang Agus. ""Kami juga sediakan hadiah uang pembinaan untuk para pemenang dengan nilai total hadiah sebesar Rp 10 juta,"" ungkapnya. Agus berharap, kejuaraan ini bisa terus dilaksanakan berkelanjutan karena perenang muda membutuhkan wadah untuk menunjukkan hasil berlatih. Dengan adanya banyak kejuaraan, perenang pemula akan terasah mental dan kemampuannya sejak dini. ""Kami berharap ada perenang andal di masa depan yang lahir dari kejuaraan ini dan menjadi penyumbang medali untuk Indonesia di ajang internasional,"" ujarnya.","['kejuaraanrenangpelajar', 'mula', 'jakarta', 'selatan', 'selesai', 'laksana', 'juara', 'renang', 'muda', 'kolam', 'renang', 'tirta', 'faletehan', 'pesanggrahan', 'jakarta', 'selatan', 'sabtu', 'ketua', 'panitia', 'laksana', 'agus', 'maulana', 'total', 'renang', 'muda', 'putra', 'putri', 'ambil', 'ajang', 'juara', 'panggung', 'renang', 'tingkat', 'anak', 'lahir', 'agus', 'serta', 'siswa', 'sekolah', 'anggota', 'klub', 'renang', 'indonesia', 'panitia', 'tegas', 'kait', 'status', 'serta', 'juara', 'lomba', 'osn', 'tingkat', 'nasional', 'provinsi', 'pon', 'popnas', 'indonesia', 'open', 'kejuarda', 'kejurnas', 'fai', 'atlet', 'popb', 'panitia', 'buka', 'daftar', 'juli', 'september', 'scroll', 'to', 'continue', 'with', 'content', 'juara', 'renang', 'khusus', 'mula', 'laksana', 'tujuh', 'wadah', 'anakanak', 'kembang', 'mampu', 'renang', 'agus', 'harap', 'giat', 'sinergi', 'pihakpihak', 'kait', 'wadah', 'prestasi', 'ajar', 'indonesia', 'bina', 'agus', 'nomor', 'khusus', 'tanding', 'ajang', 'nomor', 'short', 'course', 'pilih', 'tingkat', 'percaya', 'renang', 'muda', 'fokus', 'tanding', 'nomor', 'short', 'coures', 'ukur', 'percaya', 'mampu', 'renang', 'mula', 'tingkat', 'ajar', 'agus', 'apresiasi', 'kerja', 'keras', 'juang', 'renang', 'muda', 'lintas', 'renang', 'agus', 'panitia', 'sedia', 'hadiah', 'menang', 'kategori', 'tentu', 'menang', 'juara', 'seri', 'juara', 'acara', 'juara', 'seri', 'medali', 'juara', 'acara', 'piala', 'sertifikat', 'eksklusif', 'rasi', 'apresiasi', 'motivasi', 'tingkat', 'bangga', 'renang', 'muda', 'kerja', 'keras', 'latih', 'tanding', 'terang', 'agus', 'sedia', 'hadiah', 'uang', 'bina', 'menang', 'nilai', 'total', 'hadiah', 'rp', 'juta', 'agus', 'harap', 'juara', 'laksana', 'lanjut', 'renang', 'muda', 'butuh', 'wadah', 'hasil', 'latih', 'juara', 'renang', 'mula', 'asah', 'mental', 'mampu', 'harap', 'renang', 'andal', 'lahir', 'juara', 'sumbang', 'medali', 'indonesia', 'ajang', 'internasional']",Sport
"Pihak penyelenggara menargetkan jumlah penontonMotoGP Mandalika 2026lebih banyak ketimbang tahun lalu. AdanyaVeda Ega Pratamajadi alasan utama. Menurut informasidetikSporttahun lalu, MotoGP Mandalika 2025 memecahkan rekor penonton yakni 67.905 orang saat race day. Total penonton selama tiga hari perhelatan ajang itu mencapai 140.324 penonton. Dalam tiga tahun terakhir sejak diselenggarakan, MotoGP Mandalika mencatat pertumbuhan penonton sekitar 37.395 penonton atau sekitar 15,73 persen. SCROLL TO CONTINUE WITH CONTENT Itulah mengapa Direktur Operasi InJourney Tourism Development Corporation (ITDC), Troy Warokka, yakin jumlah penontonnya akan semakin banyak tahun. Sebab, Indonesia punya dua pebalap, yakni Veda Ega Pratama di Moto3 dan Mario Aji di Moto2. Terlebih untuk Veda di mana performanya sejak awal musim ini membetot perhatian publik, sekalipun belakangan lagi menurun. Sejauh ini Troy menyebut penjualan tiket MotoGP Mandalika sudah mencapai 50 persen dari total kapasitas. Selain Veda dan Mario, ada juga Marc Marquez yang punya basis pendukung besar di Indonesia. Fans tentu ingin menyaksikan Marquez meraih kemenangan pertamanya di Indonesia.  ""Yang menarik, MotoGP kali ini karena ada pebalap Indonesia, Veda Ega Pratama dan Mario Aji, di Moto3 dan Moto2. Ini juga yang membuat pergerakan pembelian tiket lebih agresif dibandingkan tahun lalu,"" ujar Troy dalam keterangan kepada media di Indonesia Sport Summit (ISS) 2026, Jumat (11/9/2026). ""Saat ini tiket sudah terjual 50 persen, bahkan 51 persen. Animo masyarakat cukup luar biasa karena selain ingin menonton Marc Marquez yang diramal menjadi juara dunia dan belum pernah naik podium di Mandalika, ada juga dua pebalap Indonesia yang tampil, Mario Aji dan Veda Ega Pratama,"" sambungnya. ""Jadi, menariklah MotoGP Mandalika tahun ini. Semua menunggu apakah Marquez mampu naik podium di Mandalika, dan juga bagaimana kiprah pebalap Indonesia, Mario Aji dan Veda Ega Pratama."" MotoGP Mandalika 2026 akan digelar 9-11 Oktober mendatang. Troy berharap dukungan seluruh pihak terutama pemerintah agar hajatan kali ini bisa berjalan lancar dan sukses. ""Kita lihat. Jadi, saat ini memang persiapan MotoGP-nya sudah semakin baik. MotoGP-nya juga saya rasa makin positif. Dan yang paling penting, dukungan pemerintah, baik pusat maupun daerah, itu luar biasa pada kegiatan ini,"" paparnya."" ""Jadi, buat kita, ini merupakan dukungan yang luar biasa. Dan yang paling penting adalah doa dari seluruh masyarakat supaya acaranya sukses, lancar, dan aman."" ","['selenggara', 'target', 'penontonmotogp', 'mandalika', 'ketimbang', 'adanyaveda', 'ega', 'pratamajadi', 'alas', 'utama', 'informasidetiksporttahun', 'motogp', 'mandalika', 'pecah', 'rekor', 'tonton', 'orang', 'race', 'day', 'total', 'tonton', 'helat', 'ajang', 'capai', 'tonton', 'selenggara', 'motogp', 'mandalika', 'catat', 'tumbuh', 'tonton', 'tonton', 'persen', 'scroll', 'to', 'continue', 'with', 'content', 'direktur', 'operasi', 'injourney', 'tourism', 'development', 'corporation', 'itdc', 'troy', 'warokka', 'tonton', 'indonesia', 'balap', 'veda', 'ega', 'pratama', 'moto', 'mario', 'aji', 'moto', 'veda', 'performa', 'musim', 'betot', 'perhati', 'publik', 'turun', 'troy', 'sebut', 'jual', 'tiket', 'motogp', 'mandalika', 'capai', 'persen', 'total', 'kapasitas', 'veda', 'mario', 'marc', 'marquez', 'basis', 'dukung', 'indonesia', 'fans', 'saksi', 'marquez', 'raih', 'menang', 'pertama', 'indonesia', 'tarik', 'motogp', 'kali', 'balap', 'indonesia', 'veda', 'ega', 'pratama', 'mario', 'aji', 'moto', 'moto', 'gera', 'beli', 'tiket', 'agresif', 'banding', 'troy', 'terang', 'media', 'indonesia', 'sport', 'summit', 'iss', 'jumat', 'tiket', 'jual', 'persen', 'persen', 'animo', 'masyarakat', 'tonton', 'marc', 'marquez', 'ramal', 'juara', 'dunia', 'podium', 'mandalika', 'balap', 'indonesia', 'tampil', 'mario', 'aji', 'veda', 'ega', 'pratama', 'sambung', 'tarik', 'motogp', 'mandalika', 'tunggu', 'marquez', 'podium', 'mandalika', 'kiprah', 'balap', 'indonesia', 'mario', 'aji', 'veda', 'ega', 'pratama', 'motogp', 'mandalika', 'gelar', 'oktober', 'troy', 'harap', 'dukung', 'perintah', 'hajat', 'kali', 'jalan', 'lancar', 'sukses', 'lihat', 'siap', 'motogpnya', 'motogpnya', 'positif', 'dukung', 'perintah', 'pusat', 'daerah', 'giat', 'papar', 'dukung', 'doa', 'masyarakat', 'acara', 'sukses', 'lancar', 'aman']",Sport
"Marc Marquezbaru saja memenangiSprint Race MotoGP San Marino 2026. Bagaimana posisi pebalapDucatiitu diklasemen MotoGP 2026? Pada balapan di Misano World Circuit Marco Simoncelli, Sabtu (12/9/2026) malam WIB, Marc yang start kedua langsung mengambil alih pimpinan balapan selepas tikungan pertama. Posisi itu dipertahankan Marc sampai akhir balapan sekalipunMarco Bezzecchiselaku pole sitter terus memburunya sepanjang 13 lap, terutama di pertengahan balapan saat jarak mencapai 0,5 detik. SCROLL TO CONTINUE WITH CONTENT Bezzecchi harus puas di posisi kedua disusulJorge Martinyang merupakan rekan setimnya di Aprilia. Fabio Di Giannantonio dan Alex Marquez melengkapi lima besar.  Dengan tambahan 10 poin, Marc tetap memangkas jarak dengan Martin di puncak klasemen MotoGP 2026 menjadi 14 poin. Marc punya 249 poin, sementara Martin dengan 263 poin. Bezzecchi mengintai dari posisi ketiga dengan 241 poin sehingga posisi tiga besar cuma berjarak 22 poin! Di Giannantonio di posisi keempat punya 214 poin, lalu Ai Ogura di posisi kelima dengan 203 poin. Klasemen MotoGP 2026  ","['marc', 'marquezbaru', 'memenangisprint', 'race', 'motogp', 'san', 'marino', 'posisi', 'pebalapducatiitu', 'klasemen', 'motogp', 'balap', 'misano', 'world', 'circuit', 'marco', 'simoncelli', 'sabtu', 'malam', 'wib', 'marc', 'start', 'langsung', 'ambil', 'alih', 'pimpin', 'balap', 'lepas', 'tikung', 'posisi', 'tahan', 'marc', 'balap', 'sekalipunmarco', 'bezzecchiselaku', 'pole', 'sitter', 'buru', 'lap', 'tengah', 'balap', 'jarak', 'capai', 'detik', 'scroll', 'to', 'continue', 'with', 'content', 'bezzecchi', 'puas', 'posisi', 'disusuljorge', 'martinyang', 'rekan', 'tim', 'aprilia', 'fabio', 'giannantonio', 'alex', 'marquez', 'lengkap', 'tambah', 'poin', 'marc', 'mangkas', 'jarak', 'martin', 'puncak', 'klasemen', 'motogp', 'poin', 'marc', 'poin', 'martin', 'poin', 'bezzecchi', 'intai', 'posisi', 'tiga', 'poin', 'posisi', 'jarak', 'poin', 'giannantonio', 'posisi', 'empat', 'poin', 'ai', 'ogura', 'posisi', 'poin', 'klasemen', 'motogp']",Sport
"Marc Marqueztampil dominan untuk memenangiSprint Race MotoGP San Marino 2026. PebalapDucatiitu mengasapi duoAprilia,Marco BezzecchidanJorge Martin. Jalannya balapan Pada balapan di Misano World Circuit Marco Simoncelli, Sabtu (12/9/2026) malam WIB, Marc yang start dari posisi kedua langsung menyalip Marco Bezzecchi di tikungan pertama untuk berada di posisi terdepan. Jorge Martin yang start kelima berupaya menyelak ke posisi terdepan, tapi cuma bisa naik satu strip ke posisi keempat. SCROLL TO CONTINUE WITH CONTENT Fabio Di Giannantonio sukses mempertahankan posisi ketiga selepas start. Fermin Aldeguer yang harus turun ke posisi keenam di akhir lap pertama setelah disalip Pedro Acosta. Masuk di lap ketiga, persaingan mulai panas saat Alex Marquez tiba-tiba melesat ke posisi kelima melewati Acosta dan Aldeguer. Marc masih dikuntit Bezzecchi di posisi kedua dan Di Giannantonio di posisi ketiga. Hampir setengah balapan berjalan, Marc masih memimpin balapan disusul Bezzecchi. Sementara Martin terus memburu Di Giannantonio untuk posisi ketiga. Menjelang ujung lap ketujuh, Martin akhirnya bisa menyalip Di Giannantonio dari sisi kiri luar untuk merebut posisi ketiga. Marc masih memimpin dengan selisih satu detik dari Bezzecchi.  Pada lap kesembilan, Bezzecchi sukses memangkas jarak dengan Marc menjadi 0,7 detik sehingga balapan menjadi lebih sengit. Martin, Di Giannantonio, dan Alex masih berada di posisi ketiga sampai kelima untuk berebut podium terakhir. Menyadari Bezzecchi mengintainya, Marc melajukan motornya lebih kencang di sisa tiga lap untuk melebarkan jarak yang sudah mencapai 0,592 detik. Bezzecchi sendiri berjarak lebih dari satu detik atas Martin di posisi ketiga. Di lap ke-12, Marc membuat jarak sedikit menjauh menjadi 0,812 detik atas Bezzecchi sebelum di atas satu detik pada lap terakhir. Marc akhirnya jadi pebalap pertama yang melintasi garis finis disusul Bezzecchi dan Martin. Di Giannantonio dan Alex Marquez melengkapi posisi lima besar. Acosta, Fernandez, Aldeguer, Luca Marini, dan Johann Zarco di posisi keenam hingga kesepuluh. HasilSprint Race MotoGP San Marino 2026 ","['marc', 'marqueztampil', 'dominan', 'memenangisprint', 'race', 'motogp', 'san', 'marino', 'pebalapducatiitu', 'asap', 'duoapriliamarco', 'bezzecchidanjorge', 'martin', 'jalan', 'balap', 'balap', 'misano', 'world', 'circuit', 'marco', 'simoncelli', 'sabtu', 'malam', 'wib', 'marc', 'start', 'posisi', 'langsung', 'salip', 'marco', 'bezzecchi', 'tikung', 'posisi', 'depan', 'jorge', 'martin', 'start', 'upaya', 'selak', 'posisi', 'depan', 'strip', 'posisi', 'empat', 'scroll', 'to', 'continue', 'with', 'content', 'fabio', 'giannantonio', 'sukses', 'tahan', 'posisi', 'tiga', 'lepas', 'start', 'fermin', 'aldeguer', 'turun', 'posisi', 'enam', 'lap', 'salip', 'pedro', 'acosta', 'masuk', 'lap', 'tiga', 'saing', 'panas', 'alex', 'marquez', 'tibatiba', 'lesat', 'posisi', 'lewat', 'acosta', 'aldeguer', 'marc', 'kuntit', 'bezzecchi', 'posisi', 'giannantonio', 'posisi', 'tiga', 'balap', 'jalan', 'marc', 'pimpin', 'balap', 'susul', 'bezzecchi', 'martin', 'buru', 'giannantonio', 'posisi', 'tiga', 'jelang', 'ujung', 'lap', 'tujuh', 'martin', 'salip', 'giannantonio', 'sisi', 'kiri', 'rebut', 'posisi', 'tiga', 'marc', 'pimpin', 'selisih', 'detik', 'bezzecchi', 'lap', 'sembilan', 'bezzecchi', 'sukses', 'mangkas', 'jarak', 'marc', 'detik', 'balap', 'sengit', 'martin', 'giannantonio', 'alex', 'posisi', 'tiga', 'rebut', 'podium', 'sadar', 'bezzecchi', 'intai', 'marc', 'laju', 'motor', 'kencang', 'sisa', 'lap', 'lebar', 'jarak', 'capai', 'detik', 'bezzecchi', 'jarak', 'detik', 'martin', 'posisi', 'tiga', 'lap', 'marc', 'jarak', 'jauh', 'detik', 'bezzecchi', 'detik', 'lap', 'marc', 'balap', 'lintas', 'garis', 'finis', 'susul', 'bezzecchi', 'martin', 'giannantonio', 'alex', 'marquez', 'lengkap', 'posisi', 'acosta', 'fernandez', 'aldeguer', 'luca', 'marini', 'johann', 'zarco', 'posisi', 'enam', 'puluh', 'hasilsprint', 'race', 'motogp', 'san', 'marino']",Sport
"Hasil kualifikasiMoto3 San Marinosudah bisa dilihat. Rider Indonesia,Veda Ega Pratama, menempati posisi start ke-16. Dalam sesi kualifikasi Moto3 San Marino, Sabtu (12/9/2026) malam WIB, David Almansa yang menjadi rider tercepat. Pebalap tim Intact GP itu mencatatkan waktu satu menit 40,612 detik. Melengkapi front row ada Brian Uriarte dan Joel Kelso. Baris kedua posisi start diisi oleh Valentin Perrone, Maximo Quiles, dan Matteo Bertelle. SCROLL TO CONTINUE WITH CONTENT  Veda Egamencatatkan waktu terbaik satu menit 42,041 detik. Pebalap Honda Team Asia itu mencatatkan waktu 1,429 detik lebih lambat dari Almansa. Di sesi kualifikasi ini, Veda Ega cuma melahap sebanyak enam lap. Rider asal Gunungkidul, Yogyakarta, itu mencatatkan top speed 210,9 kilometer/jam.  1. David Almansa - 1 Menit 40,612 detik2. Brian Uriarte3. Joel Kelso4. Valentin Perrone5. Maximo Quiles6. Matteo Bertelle7. Casey O'Gorman8. Rico Salmela9. Alvaro Cape10. Scott Ogden11. Adrian Fernandez12. Ryusei Yamanaka13. Joel Esteban14. Marco Moelli15. Eddie O'Shea16.Veda Ega Pratama17. Jesus Rios18. Hakim Hanish19. Marcos Uriarte20. Adrian Cruces21. Guido Lini22. Zen Mitani23. Leo Rammerstofer24. Nicola Carraro25. Ruche Moodley26. David Gonzalez ","['hasil', 'kualifikasimoto', 'san', 'marinosudah', 'rider', 'indonesiaveda', 'ega', 'pratama', 'tempat', 'posisi', 'start', 'sesi', 'kualifikasi', 'moto', 'san', 'marino', 'sabtu', 'malam', 'wib', 'david', 'almansa', 'rider', 'cepat', 'balap', 'tim', 'intact', 'gp', 'catat', 'menit', 'detik', 'lengkap', 'front', 'row', 'brian', 'uriarte', 'joel', 'kelso', 'baris', 'posisi', 'start', 'isi', 'valentin', 'perrone', 'maximo', 'quiles', 'matteo', 'bertelle', 'scroll', 'to', 'continue', 'with', 'content', 'veda', 'egamencatatkan', 'baik', 'menit', 'detik', 'balap', 'honda', 'team', 'asia', 'catat', 'detik', 'lambat', 'almansa', 'sesi', 'kualifikasi', 'veda', 'ega', 'lahap', 'enam', 'lap', 'rider', 'gunungkidul', 'yogyakarta', 'catat', 'top', 'speed', 'kilometerjam', 'david', 'almansa', 'menit', 'detik', 'brian', 'uriarte', 'joel', 'kelso', 'valentin', 'perrone', 'maximo', 'quiles', 'matteo', 'bertelle', 'casey', 'ogorman', 'rico', 'salmela', 'alvaro', 'cape', 'scott', 'ogden', 'adrian', 'fernandez', 'ryusei', 'yamanaka', 'joel', 'esteban', 'marco', 'moelli', 'eddie', 'osheaveda', 'ega', 'pratama', 'jesus', 'rios', 'hakim', 'hanish', 'marcos', 'uriarte', 'adrian', 'cruces', 'guido', 'lini', 'zen', 'mitani', 'leo', 'rammerstofer', 'nicola', 'carraro', 'ruche', 'moodley', 'david', 'gonzalez']",Sport
"Selesai sudahKualifikasi MotoGP San Marino 2026. PebalapApriliaMarco Bezzecchimeraih pole, mengungguli riderDucatiMarc Marquez. Pada sesi yang digelar di Misano World Circuit Marco Simoncelli, Sabtu (12/9/2026) sore WIB, Francesco Bagnaia gagal lolos dari Q1, sementara Raul Fernandez dan Fermin Aldeguer jadi peserta terakhir di Q2. Sempat terjadi crash di awal Q2 ketika Alex Marquez tergelincir. Marc berada di posisi terdepan di awal, sementara Bezzecchi sempat jatuh ke posisi ke-12. SCROLL TO CONTINUE WITH CONTENT Mendekati empat menit waktu tersisa, Marc masih memimpin dan yellow flag keluar karena Fabio Di Giannantonio terjatuh di tikungan keempat.  Bezzecchi kemudian melesat pada percobaan keduanya di kualifikasi ini untuk berada di posisi terdepan. Marc yang coba memperbaiki catatan waktu harus puas di posisi kedua dengan jarak 0,918 detik. Aldeguer melengkapi barisan terdepan karena start dari posisi ketiga. Di Giannantonio dan Jorge Martin di posisi keempat serta kelima. Luca Marini, Pedro Acosta, Franco Morbidelli, Alex, dan Fernandez di posisi keenam sampai ke-10. Alex sempat tergelincir lagi di tikungan keempat pada kesempatan kedua. Hasil Kualifikasi MotoGP San Marino 2026 ","['selesai', 'sudahkualifikasi', 'motogp', 'san', 'marino', 'pebalapapriliamarco', 'bezzecchimeraih', 'pole', 'unggul', 'riderducatimarc', 'marquez', 'sesi', 'gelar', 'misano', 'world', 'circuit', 'marco', 'simoncelli', 'sabtu', 'sore', 'wib', 'francesco', 'bagnaia', 'gagal', 'lolos', 'q', 'raul', 'fernandez', 'fermin', 'aldeguer', 'serta', 'q', 'crash', 'q', 'alex', 'marquez', 'gelincir', 'marc', 'posisi', 'depan', 'bezzecchi', 'jatuh', 'posisi', 'scroll', 'to', 'continue', 'with', 'content', 'dekat', 'menit', 'sisa', 'marc', 'pimpin', 'yellow', 'flag', 'fabio', 'giannantonio', 'jatuh', 'tikung', 'empat', 'bezzecchi', 'lesat', 'coba', 'kualifikasi', 'posisi', 'depan', 'marc', 'coba', 'baik', 'catat', 'puas', 'posisi', 'jarak', 'detik', 'aldeguer', 'lengkap', 'baris', 'depan', 'start', 'posisi', 'tiga', 'giannantonio', 'jorge', 'martin', 'posisi', 'empat', 'luca', 'marini', 'pedro', 'acosta', 'franco', 'morbidelli', 'alex', 'fernandez', 'posisi', 'enam', 'alex', 'gelincir', 'tikung', 'empat', 'sempat', 'hasil', 'kualifikasi', 'motogp', 'san', 'marino']",Sport
"Simak jadwal MotoGP San Marino 2026 Misano untuk hari Sabtu (12/9/2026). Persaingan Marc Marquez dan Marco Bezzecchi menjadi perhatian utama setelah keduanya bergantian memimpin sesi latihan pada Jumat. Rangkaian MotoGP San Marino hari ini akan dimulai dengan FP2 pada sore WIB. Setelah itu, para rider kelas utama akan menjalani kualifikasi untuk menentukan posisi start, sebelum ditutup dengan Sprint Race pada malam hari. Duel Bezzecchi dan Marc sudah panas sejak hari pertama. Marc Marquez menjadi yang tercepat pada FP1 Jumat pagi dengan catatan waktu 1 menit 31,468 detik. Rider Ducati Lenovo itu mengungguli Bezzecchi dengan selisih hanya 0,060 detik. Bezzecchi lantas membalas pada sesi Practice Jumat malam. Rider Aprilia Racing tersebut mencatat waktu 1 menit 30,144 detik untuk menempati posisi pertama. Hasil Practice tersebut juga memastikan Bezzecchi, Marc Marquez, dan pebalap lain yang masuk 10 besar mendapat tiket langsung ke Q2 dalam sesi kualifikasi pada hari Sabtu (12/9) ini.  Hari kedua MotoGP San Marino dimulai sejak siang. Moto3 lebih dulu menjalani FP2, kemudian Moto2. Untuk kelas utama, FP2 MotoGP digelar pukul 15.10 WIB. Sesi ini menjadi kesempatan terakhir para pembalap untuk mempersiapkan motor sebelum memasuki kualifikasi. Kualifikasi MotoGP kemudian berlangsung mulai 15.50 WIB, terbagi ke dalam Q1 dan Q2. Sesi ini akan menentukan posisi start untuk Sprint dan balapan utama. Puncaknya, Sprint MotoGP San Marino digelar pukul 20.00 WIB. Balapan tersebut berlangsung selama 13 lap. ","['simak', 'jadwal', 'motogp', 'san', 'marino', 'misano', 'sabtu', 'saing', 'marc', 'marquez', 'marco', 'bezzecchi', 'perhati', 'utama', 'ganti', 'pimpin', 'sesi', 'latih', 'jumat', 'rangkai', 'motogp', 'san', 'marino', 'fp', 'sore', 'wib', 'rider', 'kelas', 'utama', 'jalan', 'kualifikasi', 'tentu', 'posisi', 'start', 'tutup', 'sprint', 'race', 'malam', 'duel', 'bezzecchi', 'marc', 'panas', 'marc', 'marquez', 'cepat', 'fp', 'jumat', 'pagi', 'catat', 'menit', 'detik', 'rider', 'ducati', 'lenovo', 'unggul', 'bezzecchi', 'selisih', 'detik', 'bezzecchi', 'lantas', 'balas', 'sesi', 'practice', 'jumat', 'malam', 'rider', 'aprilia', 'racing', 'catat', 'menit', 'detik', 'tempat', 'posisi', 'hasil', 'practice', 'bezzecchi', 'marc', 'marquez', 'balap', 'masuk', 'tiket', 'langsung', 'q', 'sesi', 'kualifikasi', 'sabtu', 'motogp', 'san', 'marino', 'siang', 'moto', 'jalan', 'fp', 'moto', 'kelas', 'utama', 'fp', 'motogp', 'gelar', 'wib', 'sesi', 'sempat', 'balap', 'motor', 'pasuk', 'kualifikasi', 'kualifikasi', 'motogp', 'wib', 'bagi', 'q', 'q', 'sesi', 'tentu', 'posisi', 'start', 'sprint', 'balap', 'utama', 'puncak', 'sprint', 'motogp', 'san', 'marino', 'gelar', 'wib', 'balap', 'lap']",Sport
"Gresini Racingakan menggunakan livery khusus untuk mengenang mendiangMarco Simoncellidalam balapanMotoGP San Marino 2026akhir pekan ini. Simoncelli memulai debut MotoGP bersama Gresini pada 2010 dan terus di sana sampai wafat pada usia 24 tahun akibat kecelakaan di MotoGP Malaysia pada 2011. Ia sukses mencatat dua podium dan dua pole position. Selama periode itu, citra Simoncelli lekat dengan motor dengan livery putih bercorak merah. Kombinasi warna tersebut menyesuaikan dengan sponsor saat itu, San Carlo. SCROLL TO CONTINUE WITH CONTENT  Livery tersebut akan kembali dipakai oleh Gresini saat berlaga di MotoGP San Marino akhir pekan ini, yang digelar di Misano World Circuit Marco Simoncelli. Sejak 2012, nama trek ini diubah untuk menghormati sang rider yang juga lahir dan besar di Rimini. Penggunaan livery ini juga menjadi bagian dari perayaan 30 tahun Gresini Racing berkiprah di ajang balap motor prototipe ini, yang pertama kali terjun di kelas 500cc pada musim 1997. ""Hari Minggu nanti, fairing motor Alex Marquez dan Fermin Aldeguer akan memberikan penghormatan penuh kepada mesin yang menemani Marco Simoncelli selama kariernya yang begitu singkat di MotoGP,"" bunyi pernyataan Gresini Racing, dikutipCrash.  Dalam perilisan livery ini, Paolo Simoncelli yang merupakan ayah Marco juga turut hadir. Sesuai pengumuman tim, livery ini belum tampak pada sesi latihan pada Jumat (11/9). Alex dan Aldeguer masih mengendarai motor dengan livery biru muda yang menjadi ciri khas Gresini Racing di beberapa musim terakhir.  ","['gresini', 'racingakan', 'livery', 'khusus', 'kenang', 'mendiangmarco', 'simoncellidalam', 'balapanmotogp', 'san', 'marino', 'pekan', 'simoncelli', 'debut', 'motogp', 'gresini', 'wafat', 'usia', 'akibat', 'celaka', 'motogp', 'malaysia', 'sukses', 'catat', 'podium', 'pole', 'position', 'periode', 'citra', 'simoncelli', 'lekat', 'motor', 'livery', 'putih', 'corak', 'merah', 'kombinasi', 'warna', 'sesuai', 'sponsor', 'san', 'carlo', 'scroll', 'to', 'continue', 'with', 'content', 'livery', 'pakai', 'gresini', 'laga', 'motogp', 'san', 'marino', 'pekan', 'gelar', 'misano', 'world', 'circuit', 'marco', 'simoncelli', 'nama', 'trek', 'ubah', 'hormat', 'sang', 'rider', 'lahir', 'rimini', 'guna', 'livery', 'raya', 'gresini', 'racing', 'kiprah', 'ajang', 'balap', 'motor', 'prototipe', 'kali', 'terjun', 'kelas', 'cc', 'musim', 'minggu', 'fairing', 'motor', 'alex', 'marquez', 'fermin', 'aldeguer', 'hormat', 'penuh', 'mesin', 'tani', 'marco', 'simoncelli', 'karier', 'singkat', 'motogp', 'bunyi', 'nyata', 'gresini', 'racing', 'dikutipcrash', 'rilis', 'livery', 'paolo', 'simoncelli', 'ayah', 'marco', 'hadir', 'sesuai', 'umum', 'tim', 'livery', 'sesi', 'latih', 'jumat', 'alex', 'aldeguer', 'kendara', 'motor', 'livery', 'biru', 'muda', 'ciri', 'khas', 'gresini', 'racing', 'musim']",Sport
"Marc Marquezmengaku sedikit kesulitan saat menjalani latihan di hari pertamaMotoGP San Marino 2026. Padahal ia hanya kalah dari Marco Bezzecchi dan sukses lolos langsung ke sesi kualifikasi kedua (Q2). Pada latihan bebas di Sirkuit Misano pada Jumat (11/9), Marquez berhasil menjadi yang tercepat. Pada sesi practice beberapa jam berselang, ia finis kedua dengan selisih 0,103 detik saja di belakang Bezzecchi. Meski begitu, ia belum merasa nyaman seperti saat membalap di Aragon pekan lalu. Saat itu, ia berhasil meraih kemenangan ganda di sprint race dan balapan utama. SCROLL TO CONTINUE WITH CONTENT ""Memang benar pada akhirnya saya finis di posisi kedua (saat practice), tapi situasinya tak seperti di Aragon, saat saya selalu berada di tiga besar sepanjang sesi latihan,"" ujar Marc Marquez, dikutip Crash. ""Memang benar saya mencatatkan waktu yang kompetitif dalam putaran cepat. Namun, seperti yang kita lihat, persaingan sangat ketat dan sesi kualifikasi besok akan menjadi sangat krusial."" ""Sebab, jika melakukan sedikit saja kesalahan, Anda bisa saja harus memulai balapan dari baris kedua atau bahkan ketiga, dan inilah masalah terbesar di MotoGP saat ini."" ""Misano adalah salah satu sirkuit tempat kekuatan antar-tim lebih seimbang. Seperti yang terlihat dari catatan waktu, Aprilia tampil kuat di tikungan cepat, sedangkan Ducati unggul di tikungan tipe stop-and-go,"" tegasnya.  ","['marc', 'marquezmengaku', 'sulit', 'jalan', 'latih', 'pertamamotogp', 'san', 'marino', 'kalah', 'marco', 'bezzecchi', 'sukses', 'lolos', 'langsung', 'sesi', 'kualifikasi', 'q', 'latih', 'bebas', 'sirkuit', 'misano', 'jumat', 'marquez', 'hasil', 'cepat', 'sesi', 'practice', 'jam', 'selang', 'finis', 'selisih', 'detik', 'bezzecchi', 'nyaman', 'balap', 'aragon', 'pekan', 'hasil', 'raih', 'menang', 'ganda', 'sprint', 'race', 'balap', 'utama', 'scroll', 'to', 'continue', 'with', 'content', 'finis', 'posisi', 'practice', 'situasi', 'aragon', 'sesi', 'latih', 'marc', 'marquez', 'kutip', 'crash', 'catat', 'kompetitif', 'putar', 'cepat', 'lihat', 'saing', 'ketat', 'sesi', 'kualifikasi', 'besok', 'krusial', 'salah', 'balap', 'baris', 'tiga', 'besar', 'motogp', 'misano', 'salah', 'sirkuit', 'kuat', 'antartim', 'imbang', 'catat', 'aprilia', 'tampil', 'kuat', 'tikung', 'cepat', 'ducati', 'unggul', 'tikung', 'tipe', 'stopandgo']",Sport
"Ducatimenegaskan akan terus memberikan dukungan optimal kepadaFrancesco Bagnaiahingga akhir musimMotoGP 2026di tengah performa labil pebalap asal Italia itu. Sudah hampir setahun berlalu sejak terakhir kali Bagnaia meraih kemenangan di balapan utama MotoGP, tepatnya di Sirkuit Motegi. Musim ini, capaian terbaiknya hanyalah finis ketiga sebanyak empat kali. Bagnaia juga tercatat retired sebanyak enam kali, termasuk crash dalam dua seri terakhir di Silverstone dan Aragon. Kondisi tersebut turut berdampak kepada kepercayaan dirinya saat mengendarai Desmosedici GP26. SCROLL TO CONTINUE WITH CONTENT  Hal itu diperparah dengan hasil latihan di MotoGP San Marino 2026. Ia hanya berada di urutan 19 dari 21 rider dan harus menjalani Q1 untuk kali keempat secara beruntun, tepatnya sejak MotoGP Jerman pada Juli lalu. Pencapaiannya sejauh ini di musim 2026 amat kontras dengan rekan setimnya, Marc Marquez. Juara bertahan MotoGP itu sudah menang empat kali musim ini meski masih memiliki masalah di bahunya. Dalam jumpa pers pada Kamis (10/9), Bagnaia menilai Ducati akan lebih dominan seandainya turun dengan GP24 musim ini. Motor tersebut memberinya 10 kemenangan dalam semusim di tahun 2024, yang merupakan torehan terbaiknya.  Menanggapi komentar itu, bos Ducati Davide Tardozzi menegaskan komitmen pihaknya untuk terus memperbaiki kondisi Bagnaia, sekalipun ia akan pindah ke Aprilia tahun depan. ""Saya pikir Pecco (panggilan Bagnaia) punya opininya sendiri, namun setelah musim 2024 kami berhasil menjadi juara pada 2025,"" ujar Tardozzi pada Jumat (11/9), dikutip Crash. ""Namun, maksud saya, Pecco masih menginginkan rasa percaya diri yang dulu diberikan oleh motor lamanya, dan sayangnya dia belum menemukannya pada motor baru ini.""   ""Bagaimanapun, kami berusaha keras untuk mengembalikan sensasi tersebut kepadanya, terutama terkait bagian depan motor dan kecepatan saat menikung."" ""Tapi sejauh ini, tampaknya kami belum berhasil mewujudkannya. Kami sedang berupaya mengembalikan rasa itu untuknya, khususnya di Misano, tempat kami tahu dia sangat cepat."" ""Yang pasti, tidak ada masalah kepercayaan antara Ducati dan Pecco, baik dari sisi kami maupun dirinya. Saya mengetahuinya karena saya berbicara dengannya setiap hari, dan saya tahu tidak ada masalah di antara kami."" ""Dia sangat paham bahwa kami berusaha keras untuk membantunya, dan dia juga sangat paham bahwa kami akan terus berjuang bersamanya hingga lap terakhir di balapan terakhir,"" tegas Tardozzi. ","['ducatimenegaskan', 'dukung', 'optimal', 'kepadafrancesco', 'bagnaiahingga', 'musimmotogp', 'performa', 'labil', 'balap', 'italia', 'tahun', 'kali', 'bagnaia', 'raih', 'menang', 'balap', 'utama', 'motogp', 'tepat', 'sirkuit', 'motegi', 'musim', 'capai', 'baik', 'finis', 'tiga', 'kali', 'bagnaia', 'catat', 'retired', 'enam', 'kali', 'crash', 'seri', 'silverstone', 'aragon', 'kondisi', 'dampak', 'percaya', 'kendara', 'desmosedici', 'gp', 'scroll', 'to', 'continue', 'with', 'content', 'parah', 'hasil', 'latih', 'motogp', 'san', 'marino', 'urut', 'rider', 'jalan', 'q', 'kali', 'empat', 'untun', 'tepat', 'motogp', 'jerman', 'juli', 'capai', 'musim', 'kontras', 'rekan', 'tim', 'marc', 'marquez', 'juara', 'tahan', 'motogp', 'menang', 'kali', 'musim', 'milik', 'bahu', 'jumpa', 'pers', 'kamis', 'bagnaia', 'nilai', 'ducati', 'dominan', 'anda', 'turun', 'gp', 'musim', 'motor', 'beri', 'menang', 'musim', 'toreh', 'baik', 'tanggap', 'komentar', 'bos', 'ducati', 'davide', 'tardozzi', 'komitmen', 'baik', 'kondisi', 'bagnaia', 'pindah', 'aprilia', 'pikir', 'pecco', 'panggil', 'bagnaia', 'opini', 'musim', 'hasil', 'juara', 'tardozzi', 'jumat', 'kutip', 'crash', 'maksud', 'pecco', 'percaya', 'motor', 'sayang', 'temu', 'motor', 'usaha', 'keras', 'kembali', 'sensasi', 'kait', 'motor', 'cepat', 'tikung', 'hasil', 'wujud', 'upaya', 'kembali', 'untuk', 'misano', 'cepat', 'percaya', 'ducati', 'pecco', 'sisi', 'tahu', 'bicara', 'dengan', 'paham', 'usaha', 'keras', 'bantu', 'paham', 'juang', 'sama', 'lap', 'balap', 'tardozzi']",Sport
"Antasyafi Robby Al Hilmimeraih medali emas speed perorangan putra dalamWorld Climbing Series Guiyang. Robby untuk pertama kali dapat emas di World Climbing Series. Final perebutan emas pada nomor speed perorangan putra World Climbing Series di Guiyang, China, berlangsung Jumat (11/9/2026). Atlet panjang tebing Indonesia, Antasyafi Robby Al Hilmi bersaing dengan dua wakil tuan rumah Yongzhi Ling dan Shouhong Chu serta atlet Jepang Ryo Omasa. Robby mampu jadi yang tercepat di final dengan catatan waktu 4,65 detik. Peringkat kedua diduduki Yongzhi Ling dengan catatan waktu 4,75 detik. SCROLL TO CONTINUE WITH CONTENT Shouhong Chu menduduki peringkat ketiga dengan catatan waktu 4,80 detik, sedangkan Ryo Omasa harus puas di posisi keempat dengan torehan waktu 4,99 detik.  Medali emas ini merupakan medali emas pertama Robby dalam World Climbing Series. Selain itu, torehan di Guiyang juga membuat Robby memecahkan catatan waktu pribadi terbaiknya di babak final. Robby sangat senang bisa meraih medali emas pertamanya di World Climbing Series. Ia mengaku prestasi ini berkat dukungan dari banyak pihak. ""Saya senang karena ini emas pertama saya di World Climbing Series. Ini berkat dukungan semuanya dan latihan bersama teman-teman atlet di Indonesia,"" ujar Robby dalam rilis yang diterima detikSport. Ia pun mempersembahkan kemenangan ini untuk seluruh rakyat Indonesia dan ibunda tercinta. ""Ibu, akhirnya aku emas!"" Ungkapnya. Head Coach Galar Pandu Asmoro berharap keberhasilan Robby di nomor speed perorangan menular ke nomor speed relay. Ia ingin Indonesia menambah emas di ajang ini. ""Kami berharap akan ada medali lagi yang didapat dari nomor relay,"" ujar Pandu Asmoro. Wakil Indonesia lainnya di nomor putra Raharjati Nursamsa harus terhenti di babak semifinal. Di sektor putri, Rajiah Sallsabillah terhenti di semifinal. Sementara, Adi Asih dan Berthdigna Devi Surya mentok di perempatfinal. ","['antasyafi', 'robby', 'al', 'hilmimeraih', 'medali', 'emas', 'speed', 'orang', 'putra', 'dalamworld', 'climbing', 'series', 'guiyang', 'robby', 'kali', 'emas', 'world', 'climbing', 'series', 'final', 'rebut', 'emas', 'nomor', 'speed', 'orang', 'putra', 'world', 'climbing', 'series', 'guiyang', 'china', 'jumat', 'atlet', 'tebing', 'indonesia', 'antasyafi', 'robby', 'al', 'hilmi', 'saing', 'wakil', 'tuan', 'rumah', 'yongzhi', 'ling', 'shouhong', 'chu', 'atlet', 'jepang', 'ryo', 'omasa', 'robby', 'cepat', 'final', 'catat', 'detik', 'peringkat', 'duduk', 'yongzhi', 'ling', 'catat', 'detik', 'scroll', 'to', 'continue', 'with', 'content', 'shouhong', 'chu', 'duduk', 'peringkat', 'tiga', 'catat', 'detik', 'ryo', 'omasa', 'puas', 'posisi', 'empat', 'toreh', 'detik', 'medali', 'emas', 'medali', 'emas', 'robby', 'world', 'climbing', 'series', 'toreh', 'guiyang', 'robby', 'pecah', 'catat', 'pribadi', 'baik', 'babak', 'final', 'robby', 'senang', 'raih', 'medali', 'emas', 'pertama', 'world', 'climbing', 'series', 'aku', 'prestasi', 'berkat', 'dukung', 'senang', 'emas', 'world', 'climbing', 'series', 'berkat', 'dukung', 'latih', 'temanteman', 'atlet', 'indonesia', 'robby', 'rilis', 'terima', 'detiksport', 'sembah', 'menang', 'rakyat', 'indonesia', 'ibunda', 'cinta', 'emas', 'head', 'coach', 'galar', 'pandu', 'asmoro', 'harap', 'hasil', 'robby', 'nomor', 'speed', 'orang', 'tular', 'nomor', 'speed', 'relay', 'indonesia', 'tambah', 'emas', 'ajang', 'harap', 'medali', 'nomor', 'relay', 'pandu', 'asmoro', 'wakil', 'indonesia', 'nomor', 'putra', 'raharjati', 'nursamsa', 'henti', 'babak', 'semifinal', 'sektor', 'putri', 'rajiah', 'sallsabillah', 'henti', 'semifinal', 'adi', 'asih', 'berthdigna', 'devi', 'surya', 'mentok', 'perempatfinal']",Sport
"PebalapVR46 Racing Team Franco Morbidelliharus menjalani hukuman long lap penalty dalam balapanMotoGP San Marino 2026akhir pekan ini menyusul pelanggaran yang ia lakukan dalam sesi practice. Dilaporkan oleh Crash, Morbidelli dinyatakan bersalah karena telah berkendara terlalu lambat hingga menggangguEnea Bastianinidi tikungan 13 pada awal sesi yang berlangsung di Sirkuit Misano, Jumat (11/9). Stewards MotoGP menegaskan aksi Morbidelli masuk kategori ""dangerous slow riding."" Mengingat ia telah beberapa kali melakukan pelanggaran pada musim 2026, maka long lap penalty adalah ""hukuman yang tepat."" SCROLL TO CONTINUE WITH CONTENT  Penalti ini akan diterapkan dalam balapan utama pada hari Minggu (13/9) nanti. Ia sendiri mengakhiri sesi practice di posisi lima dan berhak lolos langsung ke sesi kualifikasi kedua (Q2). MotoGP San Marino 2026 akan menjadi balapan kandang terakhir Morbidelli di kelas primer. Musim depan, ia akan pindah ke ajang World Superbike karena untuk bertukar posisi dengan Nicolo Bulega yang saat ini berlaga di ajang balap motor produksi massal itu. Sebelum penalti ini diumumkan, Morbidelli sempat mengungkapkan optimismenya menatap balapan akhir pekan ini. ""Sensasi saya saat mengendarai motor terasa seperti biasanya,"" ujar murid Valentino Rossi itu.  ""Ini adalah sirkuit kandang, jadi saya sangat mengenal Misano dengan baik; karena itu, saya berusaha memberikan usaha lebih,"" tegasnya.","['pebalapvr', 'racing', 'team', 'franco', 'morbidelliharus', 'jalan', 'hukum', 'long', 'lap', 'penalty', 'balapanmotogp', 'san', 'marino', 'pekan', 'susul', 'langgar', 'laku', 'sesi', 'practice', 'lapor', 'crash', 'morbidelli', 'nyata', 'salah', 'kendara', 'lambat', 'menggangguenea', 'bastianinidi', 'tikung', 'sesi', 'sirkuit', 'misano', 'jumat', 'stewards', 'motogp', 'aksi', 'morbidelli', 'masuk', 'kategori', 'dangerous', 'slow', 'riding', 'kali', 'langgar', 'musim', 'long', 'lap', 'penalty', 'hukum', 'scroll', 'to', 'continue', 'with', 'content', 'penalti', 'terap', 'balap', 'utama', 'minggu', 'sesi', 'practice', 'posisi', 'hak', 'lolos', 'langsung', 'sesi', 'kualifikasi', 'q', 'motogp', 'san', 'marino', 'balap', 'kandang', 'morbidelli', 'kelas', 'primer', 'musim', 'pindah', 'ajang', 'world', 'superbike', 'tukar', 'posisi', 'nicolo', 'bulega', 'laga', 'ajang', 'balap', 'motor', 'produksi', 'massal', 'penalti', 'umum', 'morbidelli', 'optimisme', 'tatap', 'balap', 'pekan', 'sensasi', 'kendara', 'motor', 'murid', 'valentino', 'rossi', 'sirkuit', 'kandang', 'kenal', 'misano', 'usaha', 'usaha']",Sport
"Indonesia punya wakil di kejuaraan dunia karting bulan depan. Mari berkenalan dengan sosokAbraham Benedict. Abraham memang terbilang baru di pentas gokart nasional. Remaja kelahiran Jakarta, 28 Desember 2011 ini, mulai mengenal gokart nasional sejak Januari 2025 bersama TKM Racing Team. Sebelumnya Abrahham hanya bermain gokart di Gokart Avenue, di kawasan Lebak Bulus, Jakarta Selatan. SCROLL TO CONTINUE WITH CONTENT Dilatih mantan pembalap Formula 4 Asia, Keanon Santoso, Abraham terus melangkah di pentas kejuaraan gokart nasional 2025. Tampil setahun pada persaingan nasaional, Abraham ternyata dilirik tim Dewa United Motosport dan bergabung dengan tim itu mulai Januari 2026. Performanya pun terbilang menjanjikan. Sepanjang enam Round yang dijalani sejak awal musim 2026 hingga seri penutup Eshark Rok Cup pada 6 September, Abraham konsisten naik podium di kelas Junior newbie maupun non-seeded. Puncaknya ketika dia meraih posisi keempat di balapan final A. Tapi, konsistensinya mengumpul poin demi poin lewat podium kelas Junior yang ia raih sejak putaran awal membuat nama pelajar kelas 9 Sekolah Pelita Harapan Kemang Village finis runner-up klasemen akhir National Championship Eshark Rok Cup 2026. Ketetapan di Eshark Rok Cup adalah memberangkatkan pebalap juara dan runner-up National Championship untuk kelas Junior dan Senior membuat Abraham sontak bergirang bukan main. Sebab dia akan tampil diRok Cup Superfinal 2026, 13-17 Oktober di Sirkuit South Garda, Lonato, Italia. Ini kali petama Abraham tampil di ajang kelas dunia. Oleh karenanya putra pertama dari Asyma Sianipar-Novri Rozzak ini langsung melakukan persiapan dengan rutin fitness untuk menjaga fisik dan dua kali sepekan berlatih di Sirkuit Karting International Sentul.  Abraham sudah melihat beberapa video pertandingan gokart superfinal sejak tahun-tahun lalu dan tahu persis persaingan nantinya sangat ketat. Pasalnya di ajang Rok Cup Superfinal nanti akan mempertemukan juara-juara nasional dari puluhan negara di dunia. ""Seru kalau melihat persaingannya. Saya terus berlatih tapi tidak mau terlalu tinggi berharap. Terpenting bisa masuk final sudah sangat bersyukur. Selanjutnya, mohon didoakan saja,"" ucap Abraham kepada media, Jumat 11 September 2026. Rencananya Abraham dan seluruh tim Indonesia akan terbang ke Italia awal Oktober agar lebih punya banyak waktu untuk beradaptasi. Ibunda Abraham, Azyma, mengaku kagum dengan prestasi putra sulungnya. Terlebih, gokart benar-benar merubah karakter putranya. ""Abraham itu sangat pemalu. Tapi, syukur ya gokart dan lingkungannya merubah karakternya. Ia mau berbicara banyak dengan orang lain dan dia juga bisa me-manage emosinya dengan baik. Saya bersyukur sekali dengan itu semua, apalagi dia malah berprestasi, berkat banget buat kami,"" tutur Asyma. ","['indonesia', 'wakil', 'juara', 'dunia', 'karting', 'mari', 'nal', 'sosokabraham', 'benedict', 'abraham', 'bilang', 'pentas', 'gokart', 'nasional', 'remaja', 'lahir', 'jakarta', 'desember', 'kenal', 'gokart', 'nasional', 'januari', 'tkm', 'racing', 'team', 'abrahham', 'main', 'gokart', 'gokart', 'avenue', 'kawasan', 'lebak', 'bulus', 'jakarta', 'selatan', 'scroll', 'to', 'continue', 'with', 'content', 'latih', 'mantan', 'balap', 'formula', 'asia', 'keanon', 'santoso', 'abraham', 'lang', 'pentas', 'juara', 'gokart', 'nasional', 'tampil', 'tahun', 'saing', 'nasaional', 'abraham', 'lirik', 'tim', 'dewa', 'united', 'motosport', 'gabung', 'tim', 'januari', 'performa', 'bilang', 'janji', 'enam', 'round', 'jalan', 'musim', 'seri', 'tutup', 'eshark', 'rok', 'cup', 'september', 'abraham', 'konsisten', 'podium', 'kelas', 'junior', 'newbie', 'nonseeded', 'puncak', 'raih', 'posisi', 'empat', 'balap', 'final', 'a', 'konsistensi', 'kumpul', 'poin', 'poin', 'podium', 'kelas', 'junior', 'raih', 'putar', 'nama', 'ajar', 'kelas', 'sekolah', 'pelita', 'harap', 'kemang', 'village', 'finis', 'runnerup', 'klasemen', 'national', 'championship', 'eshark', 'rok', 'cup', 'tetap', 'eshark', 'rok', 'cup', 'berangkat', 'balap', 'juara', 'runnerup', 'national', 'championship', 'kelas', 'junior', 'senior', 'abraham', 'sontak', 'girang', 'main', 'tampil', 'rok', 'cup', 'superfinal', 'oktober', 'sirkuit', 'south', 'garda', 'lonato', 'italia', 'kali', 'petama', 'abraham', 'tampil', 'ajang', 'kelas', 'dunia', 'putra', 'asyma', 'sianiparnovri', 'rozzak', 'langsung', 'siap', 'rutin', 'fitness', 'jaga', 'fisik', 'kali', 'pek', 'latih', 'sirkuit', 'karting', 'international', 'sentul', 'abraham', 'video', 'tanding', 'gokart', 'superfinal', 'tahuntahun', 'persis', 'saing', 'ketat', 'pasal', 'ajang', 'rok', 'cup', 'superfinal', 'temu', 'juarajuara', 'nasional', 'puluh', 'negara', 'dunia', 'seru', 'saing', 'latih', 'harap', 'penting', 'masuk', 'final', 'syukur', 'mohon', 'doa', 'abraham', 'media', 'jumat', 'september', 'rencana', 'abraham', 'tim', 'indonesia', 'terbang', 'italia', 'oktober', 'adaptasi', 'ibunda', 'abraham', 'azyma', 'aku', 'kagum', 'prestasi', 'putra', 'sulung', 'gokart', 'benarbenar', 'rubah', 'karakter', 'putra', 'abraham', 'malu', 'syukur', 'ya', 'gokart', 'lingkung', 'rubah', 'karakter', 'bicara', 'orang', 'memanage', 'emosi', 'syukur', 'prestasi', 'berkat', 'banget', 'asyma']",Sport
"Kemenpora RImemberi penghargaan kepada 3 perusahaan dalamIndonesia Sports Awards. Ketiganya dinilai berkontribusi dalam perkembangan olahraga nasional. AcaraIndonesia Sports Summit 2026diselenggarakan di Jakarta International Convention Centre (JICC), Jumat (11/9). Kemenpora memberi penghargaan Indonesia Sports Awards kategori Sports Industry of the Year 2026 kepadaDjarum Foundation,PT Bank Rakyat IndonesiadanPT Indofood Sukses Makmur Tbk. Penghargaan diberikan langsung oleh Menpora RIErick Thohir.Pemberian penghargaan dari Kemenpora ini dilakukan melalui proses yang panjang dan ketat bersama dewan juri yang kompeten dari lintas disiplin. SCROLL TO CONTINUE WITH CONTENT  ""Tidak mungkin dunia olahraga berkembang tanpa dukungan stakeholder yang bersatu membangun olahraga di Indonesia. Di tahun kedua Indonesia Sports Summit perspektifnya kita mendorong industri olahraga dan memasyarakatkan olahraga agar prestasi bisa terus meningkat,"" kata Erick Thohir dalam rilis yang diterimadetikSport. ""Kita tidak mungkin bekerja sendiri. Karena olahraga adalah pemersatu bangsa. Apa yang dilakukan penerima penghargaan ini menunjukkan bahwa kontribusi berkelanjutan dapat memberikan dampak luas bagi perkembangan olahraga Indonesia,"" ujarnya. Djarum Foundation sebagai salah satu penerima penghargaan Indonesia Sports Awards berterima kasih kepada Kemenpora RI atas apresiasi yang diberikan. Djarum Foundation merupakan salah satu stakeholder yang memiliki program berkelanjutan dan berdampak terhadap perkembangan industri olahraga nasional, utamanya di bidang bulutangkis dan sepakbola putri. ""Djarum Foundation memulai ini (kontribusi di bidang olahraga) dari hobi yang tidak sengaja yaitu bulutangkis, sampai sekarang sudah 57 tahun. Support dari kami juga membangun Supersoccer Arena untuk mengembangkan sepakbola putri Indonesia, yang menjadi tantangan baru buat kami. Kami harap di kemudian hari Timnas Putri Indonesia mampu berkompetisi di Piala Dunia,"" kata Direktur Djarum Foundation Roberto Hartono.   [Gambas:Instagram]   Kontribusi Djarum Foundation telah berlangsung panjang di cabang bulutangkis. Mulai dari pembinaan talenta secara berjenjang melalui Audisi Umum PB Djarum, serta penyelenggaraan kompetisi seperti Sirkuit Nasional, Kejuaraan Nasional, Indonesia Masters dan Indonesia Open. Di cabang sepakbola putri komitmen tersebut diwujudkan melalui MilkLife Soccer Challenge yang sejak pertama kali digelar di Kudus pada 2023 terus berkembang dan kini menjangkau 15 kota di Indonesia. Program ini tidak hanya menghadirkan kompetisi, tetapi juga dilengkapi rangkaian pembinaan seperti Skill Challenge, MilkLife Soccer Extra Training, hingga MilkLife Soccer Challenge All-Stars. Komitmen terhadap pembinaan olahraga usia dini juga dikembangkan melalui MilkLife Archery Challenge, MilkLife Athletics Challenge, serta MilkLife Festival SenengMinton yang memberikan ruang bagi anak-anak untuk mengenal, mencintai, sekaligus mengembangkan potensi mereka di bidang olahraga. Sementara pada jenjang kompetisi yang lebih tinggi, Djarum Foundation turut mendukung dan menghadirkan berbagai kompetisi sepakbola, di antaranya HYDROPLUS Soccer League dan turnamen level internasional, Srikandi Merdeka Cup. Rangkaian tersebut membentuk jalur pembinaan yang lebih berkelanjutan, sehingga talenta yang ditemukan sejak usia dini memiliki kesempatan berkembang melalui jenjang kompetisi berikutnya.","['kemenpora', 'rimemberi', 'harga', 'usaha', 'dalamindonesia', 'sports', 'awards', 'tiga', 'nilai', 'kontribusi', 'kembang', 'olahraga', 'nasional', 'acaraindonesia', 'sports', 'summit', 'selenggara', 'jakarta', 'international', 'convention', 'centre', 'jicc', 'jumat', 'kemenpora', 'harga', 'indonesia', 'sports', 'awards', 'kategori', 'sports', 'industry', 'of', 'the', 'year', 'kepadadjarum', 'foundationpt', 'bank', 'rakyat', 'indonesiadanpt', 'indofood', 'sukses', 'makmur', 'tbk', 'harga', 'langsung', 'menpora', 'rierick', 'thohirpemberian', 'harga', 'kemenpora', 'proses', 'ketat', 'dewan', 'juri', 'kompeten', 'lintas', 'disiplin', 'scroll', 'to', 'continue', 'with', 'content', 'dunia', 'olahraga', 'kembang', 'dukung', 'stakeholder', 'satu', 'bangun', 'olahraga', 'indonesia', 'indonesia', 'sports', 'summit', 'perspektif', 'dorong', 'industri', 'olahraga', 'masyarakat', 'olahraga', 'prestasi', 'tingkat', 'erick', 'thohir', 'rilis', 'diterimadetiksport', 'olahraga', 'satu', 'bangsa', 'terima', 'harga', 'kontribusi', 'lanjut', 'dampak', 'luas', 'kembang', 'olahraga', 'indonesia', 'djarum', 'foundation', 'salah', 'terima', 'harga', 'indonesia', 'sports', 'awards', 'terima', 'kasih', 'kemenpora', 'ri', 'apresiasi', 'djarum', 'foundation', 'salah', 'stakeholder', 'milik', 'program', 'lanjut', 'dampak', 'kembang', 'industri', 'olahraga', 'nasional', 'utama', 'bidang', 'bulutangkis', 'sepakbola', 'putri', 'djarum', 'foundation', 'kontribusi', 'bidang', 'olahraga', 'hobi', 'sengaja', 'bulutangkis', 'support', 'bangun', 'supersoccer', 'arena', 'kembang', 'sepakbola', 'putri', 'indonesia', 'tantang', 'harap', 'timnas', 'putri', 'indonesia', 'kompetisi', 'piala', 'dunia', 'direktur', 'djarum', 'foundation', 'roberto', 'hartono', 'gambasinstagram', 'kontribusi', 'djarum', 'foundation', 'cabang', 'bulutangkis', 'bina', 'talenta', 'jenjang', 'audisi', 'pb', 'djarum', 'selenggara', 'kompetisi', 'sirkuit', 'nasional', 'juara', 'nasional', 'indonesia', 'masters', 'indonesia', 'open', 'cabang', 'sepakbola', 'putri', 'komitmen', 'wujud', 'milklife', 'soccer', 'challenge', 'kali', 'gelar', 'kudus', 'kembang', 'jangkau', 'kota', 'indonesia', 'program', 'hadir', 'kompetisi', 'lengkap', 'rangkai', 'bina', 'skill', 'challenge', 'milklife', 'soccer', 'extra', 'training', 'milklife', 'soccer', 'challenge', 'allstars', 'komitmen', 'bina', 'olahraga', 'usia', 'kembang', 'milklife', 'archery', 'challenge', 'milklife', 'athletics', 'challenge', 'milklife', 'festival', 'senengminton', 'ruang', 'anakanak', 'kenal', 'cinta', 'kembang', 'potensi', 'bidang', 'olahraga', 'jenjang', 'kompetisi', 'djarum', 'foundation', 'dukung', 'hadir', 'kompetisi', 'sepakbola', 'hydroplus', 'soccer', 'league', 'turnamen', 'level', 'internasional', 'srikandi', 'merdeka', 'cup', 'rangkai', 'bentuk', 'jalur', 'bina', 'lanjut', 'talenta', 'temu', 'usia', 'milik', 'sempat', 'kembang', 'jenjang', 'kompetisi']",Sport
"Audisi Umum PB Djarum 2026di Kudus berlanjut ke Tahap Turnamen. Pada babak ini, sebanyak 576 atlet yang telah lolos fase screening bersaing sengit guna memperebutkan Super Tiket. Momen ini berlangsung di GOR Djarum, Jumat ((11/9/2026). Pebultangkis muda di sektor putra mengalami peningkatan kualitas sehingga persaingan semakin ketat. ""Dari segi kualitas ada beberapa yang bagus. Selain dari Pulau Jawa, saya juga melihat ada yang dari Kalimantan itu juga bagus. Bagaimana cara dia merespon permainan, misal posisi jatuhnya bola di tengah atau di samping, pengembalian bolanya apakah tetap taktis atau seenaknya,"" kata Tim Pencari Bakat Audisi Umum PB Djarum 2026, Aryono Miranat, dalam keterangan persnya. SCROLL TO CONTINUE WITH CONTENT ""Selain itu, attitude juga penting seperti bagaimana menyikapi hasil misalnya banting raket atau meledek lawan, dan lainnya. Semoga kami bisa memantau bibit dan talenta terbaik,"" ucap pria yang dijuluki Coach Naga Air tersebut.  Salah satu peserta yang mencuri perhatian adalah Keanu Al Fathir Rahadi. Pebulutangkis KU-12 asal Balikpapan, Kalimantan Timur, tersebut mengawali Tahap Turnamen dengan kemenangan meyakinkan atas Nidan Mauludi Fathan dari Kuningan, Jawa Barat, 21-10, 21-13. ""Saya ingin bergabung dengan PB Djarum karena banyak atletnya yang menjadi juara dunia. Sama pelatih saya bukan cuma dilatih soal teknik tapi saya juga soal kemandirian,"" kata Keanu. Koordinator Atlet Putra Tim Pencari Bakat Audisi Umum PB Djarum 2026, Leonard Holvy de Pauw, berharap para peserta yang menang di Tahap Turnamen pada Jumat (11/9) tidak berpuas diri. Perjuangan bergabung dengan PB Djarum masih sangat panjang. ""Penilaian sebenarnya ada pada saat karantina. Di sana kami bisa melihat kebiasaan mereka yang sebenarnya. Bagaimana mereka hidup di asrama, disiplin, makan dan mengatur waktu istirahat,"" kata Holvy.","['audisi', 'pb', 'djarum', 'kudus', 'lanjut', 'tahap', 'turnamen', 'babak', 'atlet', 'lolos', 'fase', 'screening', 'saing', 'sengit', 'rebut', 'super', 'tiket', 'momen', 'gor', 'djarum', 'jumat', 'pebultangkis', 'muda', 'sektor', 'putra', 'alami', 'tingkat', 'kualitas', 'saing', 'ketat', 'segi', 'kualitas', 'bagus', 'pulau', 'jawa', 'kalimantan', 'bagus', 'merespon', 'main', 'posisi', 'jatuh', 'bola', 'samping', 'kembali', 'bola', 'taktis', 'tim', 'cari', 'bakat', 'audisi', 'pb', 'djarum', 'aryono', 'miranat', 'terang', 'pers', 'scroll', 'to', 'continue', 'with', 'content', 'attitude', 'sikap', 'hasil', 'banting', 'raket', 'ledek', 'lawan', 'moga', 'pantau', 'bibit', 'talenta', 'baik', 'pria', 'juluk', 'coach', 'naga', 'air', 'salah', 'serta', 'curi', 'perhati', 'anu', 'al', 'fathir', 'rahadi', 'pebulutangkis', 'ku', 'balikpapan', 'kalimantan', 'timur', 'awal', 'tahap', 'turnamen', 'menang', 'nidan', 'maulud', 'fathan', 'kuningan', 'jawa', 'barat', 'gabung', 'pb', 'djarum', 'atlet', 'juara', 'dunia', 'latih', 'latih', 'teknik', 'mandiri', 'anu', 'koordinator', 'atlet', 'putra', 'tim', 'cari', 'bakat', 'audisi', 'pb', 'djarum', 'leonard', 'holvy', 'de', 'pauw', 'harap', 'serta', 'menang', 'tahap', 'turnamen', 'jumat', 'puas', 'juang', 'gabung', 'pb', 'djarum', 'nilai', 'karantina', 'biasa', 'hidup', 'asrama', 'disiplin', 'makan', 'atur', 'istirahat', 'holvy']",Sport
"Indonesia masih menjaga asa meraih gelar di Seri VAmman Mineral Men's World Tennis Championship 2026. Sebab,Nathan Barkitembus semifinal. Pada laga perempatfinal seri V ITF World Tennis Tour M-15, lapangan D, Bali Beach Country Club, Nusa Dua, Jumat (11/9/2026), Nathan (21 tahun) menghadapi unggulan keenam Isaac Becroft asal Selandia Baru. Bermodal kemenangan atas unggulan teratas, Anthon Sheep, Nathan tancap gas di set pertama untuk memimpin 6-4. Meski demikian, Nathan kehilangan set kedua karena kalah 2-6. SCROLL TO CONTINUE WITH CONTENT Memasuki set penutup, Nathan mengajak Anthon bermain reli-reli panjang yang menguras tenaga. Sebab, Nathan tahu lawannya baru saja mengalahkan Anthony Susanto tiga set sehari sebelumnya. Meski duel berlangsung ketat dan dalam tensi tinggi, strategi Nathan berjalan efektif di mana dengan kondisi lebih bugar serta mental bertanding yang kuat, dia berhasil menyudahi perlawanan Becroft yang berperingkat 679 ATP, dengan skor akhir 7-6 tiebreak 4.  ""Kemenangan yang tidak mudah mengingat lawannya adalah petenis tangguh dan merupakan juara seri 4 M-15 pekan lalu. Namun dengan motivasi yang tinggi, fokus di setiap game serta tekad kuat untuk menang, hasilnya pun menggembirakan,"" ujar Nathan dalam rilis kepadadetikSport. Pada laga semifinal, Nathan akan bertemu juara tunggal UTR PTT 2026 yaitu Alexander Chang. Petenis kidal Amerika Serikat mengalahkan partnernya di nomor ganda, Pablo Perez Ramos, 6-1 dan 6-0 di laga perempatfinal. Sementara itu di semifinal sektor ganda putra, unggulan kedua sekaligus juara seri 4 M-15, Alexander/Pablo lolos lagi ke final usai menaklukkan Ashwin Ryan Sharma/Ha Minh Duc Vu. Kemenangan dua set langsung 6-1 dan 6-2 dalam tempo relatif singkat 46 menit. Mereka bertemu Isaac Becroft/Reece Flack dari Selandia Baru di laga final besok. Isaac/Reece sendiri lolos ke final usai melewati duel rubber set melawan rekan senegaranya, Nick Beamish/Matthew Shearer 6-4, 3-6 dan super tiebreak 10-4 dalam tempo 1 jam 24 menit. ","['indonesia', 'jaga', 'asa', 'raih', 'gelar', 'seri', 'vamman', 'mineral', 'mens', 'world', 'tennis', 'championship', 'sebabnathan', 'barkitembus', 'semifinal', 'laga', 'perempatfinal', 'seri', 'v', 'itf', 'world', 'tennis', 'tour', 'm', 'lapang', 'd', 'bal', 'beach', 'country', 'club', 'nusa', 'jumat', 'nathan', 'hadap', 'unggul', 'enam', 'isaac', 'becroft', 'selandia', 'modal', 'menang', 'unggul', 'atas', 'anthon', 'sheep', 'nathan', 'tancap', 'gas', 'set', 'pimpin', 'nathan', 'hilang', 'set', 'kalah', 'scroll', 'to', 'continue', 'with', 'content', 'pasuk', 'set', 'tutup', 'nathan', 'ajak', 'anthon', 'main', 'relireli', 'uras', 'tenaga', 'nathan', 'lawan', 'kalah', 'anthony', 'susanto', 'set', 'hari', 'duel', 'ketat', 'tensi', 'strategi', 'nathan', 'jalan', 'efektif', 'kondisi', 'bugar', 'mental', 'tanding', 'kuat', 'hasil', 'sudah', 'lawan', 'becroft', 'peringkat', 'atp', 'skor', 'tiebreak', 'menang', 'mudah', 'lawan', 'tenis', 'tangguh', 'juara', 'seri', 'm', 'pekan', 'motivasi', 'fokus', 'game', 'tekad', 'kuat', 'menang', 'hasil', 'gembira', 'nathan', 'rilis', 'kepadadetiksport', 'laga', 'semifinal', 'nathan', 'temu', 'juara', 'tunggal', 'utr', 'ptt', 'alexander', 'chang', 'tenis', 'kidal', 'amerika', 'serikat', 'kalah', 'partner', 'nomor', 'ganda', 'pablo', 'perez', 'ramos', 'laga', 'perempatfinal', 'semifinal', 'sektor', 'ganda', 'putra', 'unggul', 'juara', 'seri', 'm', 'alexanderpablo', 'lolos', 'final', 'takluk', 'ashwin', 'ryan', 'sharmaha', 'minh', 'duc', 'vu', 'menang', 'set', 'langsung', 'tempo', 'relatif', 'singkat', 'menit', 'temu', 'isaac', 'becroftreece', 'flack', 'selandia', 'laga', 'final', 'besok', 'isaacreece', 'lolos', 'final', 'lewat', 'duel', 'rubber', 'set', 'lawan', 'rekan', 'negara', 'nick', 'beamishmatthew', 'shearer', 'super', 'tiebreak', 'tempo', 'jam', 'menit']",Sport
"Marco Bezzecchitampil sebagai pebalap tercepat pada sesi practiceMotoGP San Marino 2026. Ia menggeserMarc Marquezpada detik-detik terakhir. Sesi Practice MotoGP San Marino 2026 berlangsung di Misano World Circuit Marco Simoncelli, Jumat (11/9/2026) malam WIB. Marco Bezzecchi sejak awal berkutat di posisi atas, bersaing dengan Alex Marquez. Franco Morbidelli sempat merangsek ke dua besar. Mendekati 15 menit terakhir sesi, Fabio Di Giannantonio meluncur dan melintasi garis sebagai pebalap tercepat. SCROLL TO CONTINUE WITH CONTENT  Menuju 10 menit terakhir, para pebalap mulai melakukan time attack. Pedro Acosta sempat memimpin, lalu Luca Marini dan Raul Fernandez di posisi 2-3. Marc Marquez yang di sebagian besar sesi di luar lima besar berhasil merebut posisi teratas. Ia mengungguli Bezzecchi saat waktu tersisa delapan menit. Alex Marquez merangsek ke posisi dua menggeser Bezzecchi di menit-menit akhir. Tapi Bezzecchi merespons dan merebut kembali posisi pertama saat sesi tersisa 10 detik! Alhasil Marc Marquez turun ke posisi dua dan Alex di tempat ketiga. Di Giannantonio, Morbidelli, dan Acosta menempati posisi 4-6. Luca Marini, Johann Zarco, Pol Espargaro, dan Jorge Martin melengkapi 10 besar.","['marco', 'bezzecchitampil', 'balap', 'cepat', 'sesi', 'practicemotogp', 'san', 'marino', 'menggesermarc', 'marquezpada', 'detikdetik', 'sesi', 'practice', 'motogp', 'san', 'marino', 'misano', 'world', 'circuit', 'marco', 'simoncelli', 'jumat', 'malam', 'wib', 'marco', 'bezzecchi', 'kutat', 'posisi', 'saing', 'alex', 'marquez', 'franco', 'morbidelli', 'merangsek', 'dekat', 'menit', 'sesi', 'fabio', 'giannantonio', 'luncur', 'lintas', 'garis', 'balap', 'cepat', 'scroll', 'to', 'continue', 'with', 'content', 'menit', 'balap', 'time', 'attack', 'pedro', 'acosta', 'pimpin', 'luca', 'marini', 'raul', 'fernandez', 'posisi', 'marc', 'marquez', 'sesi', 'hasil', 'rebut', 'posisi', 'atas', 'unggul', 'bezzecchi', 'sisa', 'delapan', 'menit', 'alex', 'marquez', 'merangsek', 'posisi', 'geser', 'bezzecchi', 'menitmenit', 'bezzecchi', 'respons', 'rebut', 'posisi', 'sesi', 'sisa', 'detik', 'alhasil', 'marc', 'marquez', 'turun', 'posisi', 'alex', 'tiga', 'giannantonio', 'morbidelli', 'acosta', 'tempat', 'posisi', 'luca', 'marini', 'johann', 'zarco', 'pol', 'espargaro', 'jorge', 'martin', 'lengkap']",Sport
"Timnas basket putra Indonesia kembali menelan kekalahan di Pool A Asian Games Aichi-Nagoya 2026. Setelah takluk dari Jepang pada laga perdana, Yudha Saputera dkk kini kembali kalah telak, kali ini dari Korea Selatan dengan skor 48-102. Bertanding di Aichi International Arena, Jumat (11/9/2026), Indonesia sejatinya mengawali pertandingan dengan cukup baik. Yudha Saputera dkk sempat memimpin lima angka pada awal kuarter pertama melalui tembakan tiga angka Ali Alhadar dan dua poin dari Lester Prosper. Korea Selatan kemudian mengejar melalui aksi Lee Hyunjung hingga menyamakan kedudukan menjadi 5-5. Setelah itu, permainan berangsur dikuasai Korea Selatan. SCROLL TO CONTINUE WITH CONTENT Korea Selatan menutup kuarter pertama dengan keunggulan 18-10. Memasuki kuarter kedua, Hendrick Yonga membuka perolehan poin Indonesia melalui tembakan dua angka. Korea Selatan membalas lewat tembakan tiga angka Lee Woosuk. Indonesia terus berupaya membangun serangan dan mengejar ketertinggalan. Tapi Korea Selatan mampu mempertahankan keunggulannya hingga akhir kuarter kedua. Indonesia menambah 20 poin pada kuarter kedua, sedangkan Korea Selatan menghasilkan 21 poin. Alhasil, Korea Selatan masih unggul sembilan angka saat memasuki jeda dengan skor 39-30.  Indonesia kesulitan mempertahankan momentum pada kuarter ketiga. Perolehan poin skuad Garuda kembali seret, sementara Korea Selatan semakin leluasa mencetak angka. Korea Selatan menghasilkan 31 poin pada kuarter ketiga. Indonesia hanya mampu menambah 11 poin. Jarak kedua tim pun semakin lebar. Korea Selatan menutup kuarter ketiga dengan keunggulan 70-41. Pada kuarter terakhir, Indonesia masih berusaha mengejar. Namun, selisih poin yang terlalu jauh membuat upaya tersebut belum mampu mengubah jalannya pertandingan. Indonesia hanya menambah tujuh poin pada kuarter keempat. Sebaliknya, Korea Selatan mencetak 32 poin, sekaligus menjadi perolehan tertinggi mereka dalam satu kuarter pada pertandingan ini. Korea Selatan akhirnya mengunci kemenangan telak 102-48. Yudha Saputera menjadi salah satu pemain Indonesia yang mencatatkan kontribusi dengan 17 poin dan satu assist. Derrick Michael Xzavierro juga membukukan double-double setelah mencatatkan 12 poin dan 11 rebound.  Kekalahan dari Korea Selatan menjadi kekalahan kedua Indonesia di Pool A Asian Games 2026. Pada laga perdana, Indonesia lebih dulu takluk dari tuan rumah Jepang. Yudha Saputera dkk harus mengakui keunggulan Jepang dengan skor 53-98. Dengan demikian, Indonesia belum meraih kemenangan dari dua pertandingan yang sudah dimainkan. Indonesia masih memiliki satu pertandingan tersisa di penyisihan Pool A. Skuad asuhan David Singleton akan menghadapi Arab Saudi pada 13 September 2026. Timnas basket putra Indonesia memiliki waktu rehat sehari untuk memulihkan kondisi sebelum menjalani pertandingan terakhir fase grup. Laga melawan Arab Saudi menjadi kesempatan Indonesia untuk menutup perjalanan di Pool A Asian Games Aichi-Nagoya 2026 dengan hasil positif.","['timnas', 'basket', 'putra', 'indonesia', 'tel', 'kalah', 'pool', 'a', 'asi', 'games', 'aichinagoya', 'takluk', 'jepang', 'laga', 'perdana', 'yudha', 'saputera', 'dkk', 'kalah', 'telak', 'kali', 'korea', 'selatan', 'skor', 'tanding', 'aichi', 'international', 'arena', 'jumat', 'indonesia', 'sejati', 'awal', 'tanding', 'yudha', 'saputera', 'dkk', 'pimpin', 'angka', 'kuarter', 'tembak', 'angka', 'ali', 'alhadar', 'poin', 'lester', 'prosper', 'korea', 'selatan', 'kejar', 'aksi', 'lee', 'hyunjung', 'sama', 'duduk', 'main', 'angsur', 'asai', 'korea', 'selatan', 'scroll', 'to', 'continue', 'with', 'content', 'korea', 'selatan', 'tutup', 'kuarter', 'unggul', 'pasuk', 'kuarter', 'hendrick', 'yonga', 'buka', 'oleh', 'poin', 'indonesia', 'tembak', 'angka', 'korea', 'selatan', 'balas', 'tembak', 'angka', 'lee', 'woosuk', 'indonesia', 'upaya', 'bangun', 'serang', 'kejar', 'tinggal', 'korea', 'selatan', 'tahan', 'unggul', 'kuarter', 'indonesia', 'tambah', 'poin', 'kuarter', 'korea', 'selatan', 'hasil', 'poin', 'alhasil', 'korea', 'selatan', 'unggul', 'sembilan', 'angka', 'pasuk', 'jeda', 'skor', 'indonesia', 'sulit', 'tahan', 'momentum', 'kuarter', 'tiga', 'oleh', 'poin', 'skuad', 'garuda', 'seret', 'korea', 'selatan', 'leluasa', 'cetak', 'angka', 'korea', 'selatan', 'hasil', 'poin', 'kuarter', 'tiga', 'indonesia', 'tambah', 'poin', 'jarak', 'tim', 'lebar', 'korea', 'selatan', 'tutup', 'kuarter', 'tiga', 'unggul', 'kuarter', 'indonesia', 'usaha', 'kejar', 'selisih', 'poin', 'upaya', 'ubah', 'jalan', 'tanding', 'indonesia', 'tambah', 'tujuh', 'poin', 'kuarter', 'empat', 'korea', 'selatan', 'cetak', 'poin', 'oleh', 'tinggi', 'kuarter', 'tanding', 'korea', 'selatan', 'kunci', 'menang', 'telak', 'yudha', 'saputera', 'salah', 'main', 'indonesia', 'catat', 'kontribusi', 'poin', 'assist', 'derrick', 'michael', 'xzavierro', 'buku', 'doubledouble', 'catat', 'poin', 'rebound', 'kalah', 'korea', 'selatan', 'kalah', 'indonesia', 'pool', 'a', 'asi', 'games', 'laga', 'perdana', 'indonesia', 'takluk', 'tuan', 'rumah', 'jepang', 'yudha', 'saputera', 'dkk', 'aku', 'unggul', 'jepang', 'skor', 'indonesia', 'raih', 'menang', 'tanding', 'main', 'indonesia', 'milik', 'tanding', 'sisa', 'sisih', 'pool', 'a', 'skuad', 'asuh', 'david', 'singleton', 'hadap', 'arab', 'saudi', 'september', 'timnas', 'basket', 'putra', 'indonesia', 'milik', 'rehat', 'hari', 'pulih', 'kondisi', 'jalan', 'tanding', 'fase', 'grup', 'laga', 'lawan', 'arab', 'saudi', 'sempat', 'indonesia', 'tutup', 'jalan', 'pool', 'a', 'asi', 'games', 'aichinagoya', 'hasil', 'positif']",Sport
"Marc Marquez langsung unjuk kecepatan pada sesi latihan bebas pertama (Free Practice 1) MotoGP San Marino 2026. Marquez menjadi yang tercepat di FP1 Misano, dibuntuti Marco Bezzecchi dengan selisih hanya 0,060 detik. Marquez mencatatkan waktu 1 menit 31,468 detik pada sesi yang berlangsung di Misano World Circuit Marco Simoncelli, Jumat (11/9/2026) sore WIB. Catatan tersebut dibuat pada lap terakhirnya menggunakan ban depan soft bekas dan ban belakang medium. Bezzecchi menempel ketat di posisi kedua. Rider tuan rumah itu mencatat waktu 1 menit 31,528 detik atau hanya 0,060 detik lebih lambat dari Marquez. Ia menggunakan ban medium baik di bagian depan maupun belakang. SCROLL TO CONTINUE WITH CONTENT  Posisi ketiga ditempati Raul Fernandez dari Trackhouse Aprilia. Ia terpaut 0,133 detik dari Marquez dan juga menggunakan kombinasi ban medium depan-belakang. Jack Miller mengalami awal akhir pekan dengan buruk. Rider Pramac Yamaha itu terjatuh setelah menyentuh rem depan di Tikungan 4 ketika baru menjalani lap keluar. Pedro Acosta juga mengalami insiden. Rider KTM tersebut terjatuh di Tikungan 1, tetapi tetap mampu menempati posisi keenam pada akhir sesi.  ","['marc', 'marquez', 'langsung', 'unjuk', 'cepat', 'sesi', 'latih', 'bebas', 'free', 'practice', 'motogp', 'san', 'marino', 'marquez', 'cepat', 'fp', 'misano', 'buntut', 'marco', 'bezzecchi', 'selisih', 'detik', 'marquez', 'catat', 'menit', 'detik', 'sesi', 'misano', 'world', 'circuit', 'marco', 'simoncelli', 'jumat', 'sore', 'wib', 'catat', 'lap', 'akhir', 'ban', 'soft', 'bekas', 'ban', 'medium', 'bezzecchi', 'tempel', 'ketat', 'posisi', 'rider', 'tuan', 'rumah', 'catat', 'menit', 'detik', 'detik', 'lambat', 'marquez', 'ban', 'medium', 'scroll', 'to', 'continue', 'with', 'content', 'posisi', 'tiga', 'tempat', 'raul', 'fernandez', 'trackhouse', 'aprilia', 'paut', 'detik', 'marquez', 'kombinasi', 'ban', 'medium', 'depanbelakang', 'jack', 'miller', 'alami', 'pekan', 'buruk', 'rider', 'pramac', 'yamaha', 'jatuh', 'sentuh', 'rem', 'tikung', 'jalan', 'lap', 'pedro', 'acosta', 'alami', 'insiden', 'rider', 'ktm', 'jatuh', 'tikung', 'tempat', 'posisi', 'enam', 'sesi']",Sport
"Amri Syahnawi/Nita Violina Marwahjadi ujung tombak ganda campuran diAsian Games 2026. Meski demikian, Amri/Nita tak merasa terbebani. Amri/Nita menjadi satu-satunya ganda campuran murni yang akan diturunkan di cabang bulutangkis Asian Games Aichi-Nagoya pada 19 September hingga 4 Oktober mendatang.Pasangan lainnya, Nikolaus Joaquin/Siti Fadia Silva Ramadhanti, merupakan pemain 'cabutan' dari ganda putra dan ganda putri. Selain itu, Amri/Nita juga merupakan wakil Indonesia dengan hasil terbaik di Kejuaraan Dunia Bulutangkis 2026 lalu. Mereka finis sebagai semifinalis dan meraih medali perunggu. SCROLL TO CONTINUE WITH CONTENT ""Kalau saya pribadi beban tak ada. Saya lebih menikmati karena sejauh ini jadi andalan atau tak jadi andalan, kami latihan tetap sama, persiapan juga sama. Mungkin lebih ke ujung tombaknya jadi ke kita, kalau saya lebih menikmati lah,"" kata Amri saat ditemui di Pelatnas PBSI, Cipayung.  ""Maksudnya, itu kan satu kebanggaan juga buat kami. Tapi enggak mau yang terlalu berpikir jauh. Kami mau fokus di persiapan, menikmati pertandingannya, dan jalani harinya semaksimal mungkin,"" tambahnya. ""Tentunya (hasil di Kejuaraan Dunia) besar banget karena itu modal utama kami untuk Asian Games. Ya menambah percaya diri lah, jadi merasa bisa bersaing, dan kami tak cukup segitu saja. Kami mau naik untuk ke level berikutnya,"" ujar Nita menimpali. Amri/Nita memang mengaku jauh lebih intens dalam menjalani latihan. Mereka merasa ada banyak perubahan signifikandi bawah asuhan Nova Widianto. ""Dia banyak detail-detailnya dan memaksa kami untuk naikin speed, fokusnya. Saya pribadi, kami, masuk dengan program Coach Nova,"" ujar Nita. ""Latihannya jadi berasa latihan. Kami juga jadi lebih mengerti mainnya bagaimana. Polanya harus seperti apa, Kak Amri harus mukul begini, aku gimana. Jadi sekarang kami berdua take and give-nya lebih dapat,"" dia melanjutkan.  Amri menyebut kembalinya Coach Nova juga mengubah pola latihan ganda campuran menjadi lebih murni. ""Mudah-mudahan ini kesempatan juga dengan sudah baliknya Coach Nova ke sini, kan mixed murni ya. Jadi polanya agak berubah dari yang sebelumnya sama sekarang. Jadi murni di latihan mixed itu pemain putra seperti ini, putrinya seperti ini. Sebagai pasangan juga harus saling mengisi dan komunikasinya harus bagus lah,"" ujar Amri. Tak hanya itu, Amri/Nita juga ingin memanfaatkan momen ini untuk kebangkitan ganda campuran Indonesia. ""Ini kesempatan bagi kami, karena tak semua kesempatan dapat ini. Apalagi mixed double yang murni cuma kami, yang lain dari ganda putri dan ganda putra. Ya kesempatan ini coba kami maksimalkan,"" tegas Amri.  ","['amri', 'syahnawinita', 'violina', 'marwahjadi', 'ujung', 'tombak', 'ganda', 'campur', 'asi', 'games', 'amrinita', 'beban', 'amrinita', 'satusatunya', 'ganda', 'campur', 'murni', 'turun', 'cabang', 'bulutangkis', 'asi', 'games', 'aichinagoya', 'september', 'oktober', 'mendatangpasangan', 'nikolaus', 'joaquinsiti', 'fadia', 'silva', 'ramadhanti', 'main', 'cabut', 'ganda', 'putra', 'ganda', 'putri', 'amrinita', 'wakil', 'indonesia', 'hasil', 'baik', 'juara', 'dunia', 'bulutangkis', 'finis', 'semifinalis', 'raih', 'medali', 'perunggu', 'scroll', 'to', 'continue', 'with', 'content', 'pribadi', 'beban', 'nikmat', 'andal', 'andal', 'latih', 'siap', 'ujung', 'tombak', 'nikmat', 'amri', 'temu', 'pelatnas', 'pbsi', 'cipayung', 'maksud', 'bangga', 'pikir', 'fokus', 'siap', 'nikmat', 'tanding', 'jalan', 'hari', 'maksimal', 'hasil', 'juara', 'dunia', 'banget', 'modal', 'utama', 'asi', 'games', 'ya', 'tambah', 'percaya', 'saing', 'segitu', 'level', 'nita', 'timpal', 'amrinita', 'aku', 'intens', 'jalan', 'latih', 'ubah', 'signifikandi', 'asuh', 'nova', 'widianto', 'detaildetailnya', 'paksa', 'naikin', 'speed', 'fokus', 'pribadi', 'masuk', 'program', 'coach', 'nova', 'nita', 'latih', 'asa', 'latih', 'erti', 'main', 'pola', 'kak', 'amri', 'mukul', 'gimana', 'dua', 'take', 'and', 'givenya', 'lanjut', 'amri', 'sebut', 'kembali', 'coach', 'nova', 'ubah', 'pola', 'latih', 'ganda', 'campur', 'murni', 'mudahmudahan', 'sempat', 'balik', 'coach', 'nova', 'mixed', 'murni', 'ya', 'pola', 'ubah', 'murni', 'latih', 'mixed', 'main', 'putra', 'putri', 'pasang', 'isi', 'komunikasi', 'bagus', 'amri', 'amrinita', 'manfaat', 'momen', 'bangkit', 'ganda', 'campur', 'indonesia', 'sempat', 'sempat', 'mixed', 'double', 'murni', 'ganda', 'putri', 'ganda', 'putra', 'ya', 'sempat', 'coba', 'maksimal', 'amri']",Sport
"Presiden RI Prabowo Subianto mengugkap bonus emasAsian Games 2026sebesar Rp 3 miliar. Amri Syahnawi/Nita Violina Marwah menganggapnya sebagai suntikan motivasi. Asian Games berlangsung di Aichi-Nagoya, 19 September hingga 4 Oktober 2026. Menatap ajang itu, kontingen Indonesia yang berjumlah 430 atlet dari 35 cabang olahraga telah resmi dilepas oleh Presiden Prabowo di Istana Negara pada Kamis (9/9). Tak hanya melepas dan memberi pengarahan, pada momen tersebut, Presiden juga menjanjikan bonus besar bagia peraih medali emas. Rp3 miliar bagi yang berhasil menjadi juara. SCROLL TO CONTINUE WITH CONTENT Jumlah ini naik dua kali lipat dari bonus edisi sebelumnya di Hangzhou 2023. Peraih emas perorangan mendapatkan bonus Rp1.575.000.000. Amri menanggapi kenaikan angka penghargaan yang diberikan kepada atlet peraih emasAsian Games 2026.  ""Kalau rasanya pasti senang lah, termotivasi lah (mendengar soal bonus itu),"" kata Amri saat ditemui di Pelatnas PBSI, Cipayung. ""Tapi tujuan utamanya bukan itu. Itu kan sesuatu yang didapat setelah hasil. Ya kami fokusnya pasti main bagus, prestasi kami bisa dapat medali di Asian Games ini,"" lanjutnya. Alih-alih memikirkan bonus, Amri/Nita ingin memaksimalkan kesempatan yang diberikan oleh pelatih dan pengurus di Asian Games pertama mereka ini. Multievent ini juga jadi pembuktian mereka untuk terus naik level. ""Ini kesempatan bagi kami, karena tak semua kesempatan dapat ini. Apalagi mix double yang murni cuma kami, yang lain dari ganda putri dan ganda putra. Ya kesempatan ini coba kami maksimalkan,"" kata Amri. ""Saya rasa latihannya sudah luar biasa, dari program, intensitas latihan, dan kami berdua juga saling, serta suasana di latihan pengaruh banget. Mudah-mudahan bisa bawa pulang medali."" ""Balik lagi kalau bonus biar nanti. Menyusul lah,"" pungkasnya. ","['presiden', 'ri', 'prabowo', 'subianto', 'mengugkap', 'bonus', 'emasasian', 'games', 'rp', 'miliar', 'amri', 'syahnawinita', 'violina', 'marwah', 'anggap', 'sunti', 'motivasi', 'asi', 'games', 'aichinagoya', 'september', 'oktober', 'tatap', 'ajang', 'kontingen', 'indonesia', 'atlet', 'cabang', 'olahraga', 'resmi', 'lepas', 'presiden', 'prabowo', 'istana', 'negara', 'kamis', 'lepas', 'arah', 'momen', 'presiden', 'janji', 'bonus', 'bagia', 'raih', 'medali', 'emas', 'rp', 'miliar', 'hasil', 'juara', 'scroll', 'to', 'continue', 'with', 'content', 'kali', 'lipat', 'bonus', 'edisi', 'hangzhou', 'raih', 'emas', 'orang', 'bonus', 'rp', 'amri', 'tanggap', 'naik', 'angka', 'harga', 'atlet', 'raih', 'emasasian', 'games', 'senang', 'motivasi', 'dengar', 'bonus', 'amri', 'temu', 'pelatnas', 'pbsi', 'cipayung', 'tuju', 'utama', 'hasil', 'ya', 'fokus', 'main', 'bagus', 'prestasi', 'medali', 'asi', 'games', 'alihalih', 'pikir', 'bonus', 'amrinita', 'maksimal', 'sempat', 'latih', 'urus', 'asi', 'games', 'multievent', 'bukti', 'level', 'sempat', 'sempat', 'mix', 'double', 'murni', 'ganda', 'putri', 'ganda', 'putra', 'ya', 'sempat', 'coba', 'maksimal', 'amri', 'latih', 'program', 'intensitas', 'latih', 'dua', 'suasana', 'latih', 'pengaruh', 'banget', 'mudahmudahan', 'bawa', 'pulang', 'medali', 'bonus', 'biar', 'susul', 'pungkas']",Sport
"Persaingan MotoGP 2026 kembali berlanjut ke GP San Marino. Selain menyaksikan aksi para rider di lintasan, detikers juga bisa ikut menguji ketepatan prediksi lewat Bold Riders Podium Picks. Bold Riders Podium Picks merupakan kompetisi kolaborasi Bold Rider dengan detikcom yang mengajak para pencinta MotoGP menebak tiga rider yang akan finis di posisi 1, 2, dan 3 pada setiap race. Menariknya, keseruan Bold Riders Podium Picks tak hanya berlangsung di satu seri balapan. Setiap prediksi yang dikirim peserta akan dihitung sebagai poin dan diakumulasikan sepanjang musim MotoGP 2026. Dengan begitu, konsistensi dan ketepatan prediksi di setiap seri menjadi kunci untuk memperbesar peluang bersaing di posisi teratas hingga akhir musim. SCROLL TO CONTINUE WITH CONTENT Kompetisi ini dibuka mulai tanggal 11 hingga 13 September 2026, bertepatan dengan rangkaian GP San Marino. Seluruh peserta dapat menyalurkan prediksinya melalui microsite khusus yang tersedia di detikcom. Cara Mengikuti Bold Riders Podium Picks Cara mengikutinya cukup mudah. Berikut langkah-langkah yang perlu dilakukan: Login menggunakan akun Connect detikcom. Masuk ke micrositedetik.com/boldriderspodiumpicks. Pilih tiga rider yang diprediksi finis di posisi pertama, kedua, dan ketiga. Kirim prediksi sebelum race dimulai. Setiap seri akan menghasilkan poin yang terus diakumulasikan hingga akhir musim MotoGP 2026. Semakin akurat prediksimu, semakin besar peluang menjadi pemuncak klasemen. Hadiah Tiap Race dan Grand Price Dua peserta dengan poin tertinggi dan waktu submit tercepat akan mendapatkan voucher masing-masing senilai Rp250.000. Sementara di akhir musim, peserta dengan akumulasi poin tertinggi berhak membawa pulang grand prize, yaitu: Juara 1: Yamaha Aerox 155. Juara 2: Samsung Galaxy A26 5G. Juara 3: Samsung Galaxy A17. Jadi, jangan lewatkan keseruan GP San Marino dan buktikan seberapa jitu prediksimu. Segera ikuti Bold Riders Podium Picks, kumpulkan poin di setiap seri, dan jadilah yang teratas untuk membawa pulang hadiah menarik di akhir musim MotoGP 2026. ","['saing', 'motogp', 'lanjut', 'gp', 'san', 'marino', 'saksi', 'aksi', 'rider', 'lintas', 'detikers', 'uji', 'tepat', 'prediksi', 'bold', 'riders', 'podium', 'picks', 'bold', 'riders', 'podium', 'picks', 'kompetisi', 'kolaborasi', 'bold', 'rider', 'detikcom', 'ajak', 'cinta', 'motogp', 'tebak', 'rider', 'finis', 'posisi', 'race', 'tarik', 'seru', 'bold', 'riders', 'podium', 'picks', 'seri', 'balap', 'prediksi', 'kirim', 'serta', 'hitung', 'poin', 'akumulasi', 'musim', 'motogp', 'konsistensi', 'tepat', 'prediksi', 'seri', 'kunci', 'besar', 'peluang', 'saing', 'posisi', 'atas', 'musim', 'scroll', 'to', 'continue', 'with', 'content', 'kompetisi', 'buka', 'tanggal', 'september', 'tepat', 'rangkai', 'gp', 'san', 'marino', 'serta', 'salur', 'prediksi', 'microsite', 'khusus', 'sedia', 'detikcom', 'ikut', 'bold', 'riders', 'podium', 'picks', 'ikut', 'mudah', 'langkahlangkah', 'login', 'akun', 'connect', 'detikcom', 'masuk', 'micrositedetikcomboldriderspodiumpicks', 'pilih', 'rider', 'prediksi', 'finis', 'posisi', 'tiga', 'kirim', 'prediksi', 'race', 'seri', 'hasil', 'poin', 'akumulasi', 'musim', 'motogp', 'akurat', 'prediksi', 'peluang', 'puncak', 'klasemen', 'hadiah', 'race', 'grand', 'price', 'serta', 'poin', 'tinggi', 'submit', 'cepat', 'voucher', 'masingmasing', 'nila', 'rp', 'musim', 'serta', 'akumulasi', 'poin', 'tinggi', 'hak', 'bawa', 'pulang', 'grand', 'prize', 'juara', 'yamaha', 'aerox', 'juara', 'samsung', 'galaxy', 'a', 'g', 'juara', 'samsung', 'galaxy', 'a', 'lewat', 'seru', 'gp', 'san', 'marino', 'bukti', 'jitu', 'prediksi', 'ikut', 'bold', 'riders', 'podium', 'picks', 'kumpul', 'poin', 'seri', 'atas', 'bawa', 'pulang', 'hadiah', 'tarik', 'musim', 'motogp']",Sport
"Lebih dari 100 komunitas motor dari tujuh genre roda dua berkumpul dalam penyelenggaraan perdana Throttle LAnd 2026 di The Terrace Jakarta, Gatot Subroto, Sabtu (29/8/2026). Berbagai tipe kendaraan mulai dari sport, classic, custom, adventure, supermoto, skutik, hingga motor listrik hadir di satu ruang yang sama. Lewat format cross-genre moto festival, Throttle LAnd mempertemukan komunitas dengan karakter, gaya, dan kultur berbeda yang selama ini lebih banyak bergerak dalam ekosistemnya masing-masing. ""Throttle LAnd kami buat sebagai ruang untuk mempertemukan berbagai genre dan komunitas motor tanpa menghilangkan karakter masing-masing. Yang menarik, ketika semuanya berada di satu tempat, perbedaan justru menjadi sesuatu yang bisa dinikmati bersama. Ada ruang untuk saling mengenal, berbagi passion, dan melihat kultur motor dari perspektif yang berbeda,"" ujar Project Director Throttle LAnd 2026, Adam Hadziq dalam keterangan tertulis, Kamis (10/9/2026). SCROLL TO CONTINUE WITH CONTENT Rolling Wheels Jadi Awal Pertemuan Para Riders Pertemuan lintas komunitas sudah dimulai sebelum acara berlangsung di lokasi. Lebih dari 200 motor mengikuti kegiatan Rolling Wheels, yaitu riding bersama dari Taman Mataram menuju The Terrace Jakarta. Komunitas tidak hanya hadir sebagai peserta, tetapi perwakilan komunitas ikut mengambil bagian sebagai captain dalam Rolling Wheels, mengisi The Meet-Up Island, hingga menjalankan community games yang mempertemukan para riders. Interaksi lintas genre kemudian berlanjut melalui Moto & Street Market, Live Painting Helmet, serta berbagai aktivitas yang menghubungkan kultur motor dengan fashion, seni, musik, dan gaya hidup. Motor Jadi Ekspresi Gaya dan Identitas Riders Eksplorasi kultur motor juga hadir melalui Motor Gue, Gaya Gue dan Throttles Orchestra. Lewat Motor Gue, Gaya Gue, para riders membawa karakter personal ke runway bersama motor masing-masing. Riding gear, street style, casual look, hingga gaya khas tiap rider menunjukkan hubungan antara motor dan identitas pemiliknya. Sementara itu, Throttles Orchestra mempertemukan perwakilan berbagai komunitas dalam pertunjukan yang menggunakan suara throttle motor mengikuti alunan Jingle Throttle LAnd. Deru mesin dari berbagai jenis motor dimainkan bersama menjadi satu komposisi. 52 Chapter Bold Riders Hadir dari Berbagai Daerah Sebagai salah satu pendukung acara, Bold Riders turut mengajak chapter-chapternya dari berbagai daerah untuk hadir. Sebanyak 52 chapter Bold Riders hadir dari berbagai wilayah, mulai dari Jakarta, Bekasi, Bogor, Yogyakarta, Malang, Padang, Pontianak, Samarinda, hingga Makassar. ""Responsnya luar biasa. Banyak yang datang dari luar Jakarta, bahkan menempuh perjalanan dengan motor dari kota asal mereka. Buat kami, ini menunjukkan kuatnya semangat brotherhood di antara para riders. Kami berharap Throttle LAnd tidak hanya menjadi ruang bertemunya kultur motor di Jakarta, tetapi juga dapat berkembang menjadi ruang yang mempertemukan komunitas dari berbagai daerah di Indonesia,"" ujar Brand Communications Bold Riders, Matthew Raynaldi. Dari jumlah tersebut, 27 chapter dengan total 165 riders dari luar Jakarta menempuh perjalanan menggunakan motor menuju ibu kota. Mereka datang antara lain dari Karawang, Serang, Sukabumi, Bandung, Cirebon, Garut, Tasikmalaya, Madiun, hingga Jambi. Semangat lintas genre turut diterjemahkan melalui pilihan hiburan. Panggung Throttle LAnd diramaikan oleh Teenage Death Star Full Squad with Vincent Rompies, Orkes Nunung CS, Ten Holes feat. Nuwie Fourtwnty, The Diegos, Adella Johana, Bottom Bunkk, hingga NTRL. Dua unit motor diberikan sebagai Grand Prize. Polytron EV FOX200 dibawa pulang oleh Eko Frastianto dari Bold Riders Chapter Jambi, sedangkan Scorpio Custom Scrambler dimenangkan oleh Baba Gila Gimmic dari komunitas Classic. Acara ditutup dengan Night Riding menyusuri jalan protokol ibu kota usai seluruh program di venue berakhir. Penyelenggaraan perdana Throttle LAnd 2026 ini didukung oleh Bold Riders, Polytron EV, IPONE, Dainese, Kawasaki, KYB, Aspira Premio, dan Mine Helm bersama seluruh komunitas, riders, musisi, kreator, serta tenant yang terlibat. Apa yang membuat Throttle LAnd 2026 berbeda dari festival motor lainnya? Throttle LAnd 2026 menggunakan format cross-genre moto festival yang mempertemukan lebih dari 100 komunitas motor dari tujuh genre, yaitu sport, classic, custom, adventure, supermoto, skutik, dan motor listrik. Apa saja kegiatan yang bisa diikuti komunitas di Throttle LAnd 2026? Komunitas dapat mengikuti berbagai aktivitas, mulai dari Rolling Wheels, The Meet-Up Island, community games, Moto & Street Market, Live Painting Helmet, hingga kegiatan yang memadukan kultur motor dengan fashion, seni, musik, dan gaya hidup. Apa itu Rolling Wheels di Throttle LAnd 2026? Rolling Wheels merupakan kegiatan riding bersama yang menjadi awal pertemuan para komunitas. Lebih dari 200 motor mengikuti perjalanan dari Taman Mataram menuju The Terrace Jakarta, dengan perwakilan komunitas turut menjadi captain. Apa yang menarik dari Throttles Orchestra? Throttles Orchestra mempertemukan perwakilan berbagai komunitas dalam sebuah pertunjukan yang menggunakan suara throttle motor sebagai bagian dari komposisi musik. Deru mesin dari berbagai jenis motor dimainkan mengikuti alunan Jingle Throttle LAnd. Berapa banyak chapter Bold Riders yang hadir di Throttle LAnd 2026? Sebanyak 52 chapter Bold Riders dari berbagai daerah hadir dalam Throttle LAnd 2026. Dari jumlah tersebut, 27 chapter dengan total 165 riders datang dari luar Jakarta menggunakan motor, di antaranya dari Karawang, Serang, Sukabumi, Bandung, Cirebon, Garut, Tasikmalaya, Madiun, hingga Jambi.","['komunitas', 'motor', 'tujuh', 'genre', 'roda', 'kumpul', 'selenggara', 'perdana', 'throttle', 'land', 'the', 'terrace', 'jakarta', 'gatot', 'subroto', 'sabtu', 'tipe', 'kendara', 'sport', 'classic', 'custom', 'adventure', 'supermoto', 'skutik', 'motor', 'listrik', 'hadir', 'ruang', 'format', 'crossgenre', 'moto', 'festival', 'throttle', 'land', 'temu', 'komunitas', 'karakter', 'gaya', 'kultur', 'beda', 'gerak', 'ekosistem', 'masingmasing', 'throttle', 'land', 'ruang', 'temu', 'genre', 'komunitas', 'motor', 'hilang', 'karakter', 'masingmasing', 'tarik', 'beda', 'nikmat', 'ruang', 'kenal', 'bagi', 'passion', 'kultur', 'motor', 'perspektif', 'beda', 'project', 'director', 'throttle', 'land', 'adam', 'hadziq', 'terang', 'tulis', 'kamis', 'scroll', 'to', 'continue', 'with', 'content', 'rolling', 'wheels', 'temu', 'riders', 'temu', 'lintas', 'komunitas', 'acara', 'lokasi', 'motor', 'ikut', 'giat', 'rolling', 'wheels', 'riding', 'taman', 'mataram', 'the', 'terrace', 'jakarta', 'komunitas', 'hadir', 'serta', 'wakil', 'komunitas', 'ambil', 'captain', 'rolling', 'wheels', 'isi', 'the', 'meetup', 'island', 'jalan', 'community', 'games', 'temu', 'riders', 'interaksi', 'lintas', 'genre', 'lanjut', 'moto', 'street', 'market', 'live', 'painting', 'helmet', 'aktivitas', 'hubung', 'kultur', 'motor', 'fashion', 'seni', 'musik', 'gaya', 'hidup', 'motor', 'ekspresi', 'gaya', 'identitas', 'riders', 'eksplorasi', 'kultur', 'motor', 'hadir', 'motor', 'gue', 'gaya', 'gue', 'throttles', 'orchestra', 'motor', 'gue', 'gaya', 'gue', 'riders', 'bawa', 'karakter', 'personal', 'runway', 'motor', 'masingmasing', 'riding', 'gear', 'street', 'style', 'casual', 'look', 'gaya', 'khas', 'rider', 'hubung', 'motor', 'identitas', 'milik', 'throttles', 'orchestra', 'temu', 'wakil', 'komunitas', 'tunjuk', 'suara', 'throttle', 'motor', 'ikut', 'alun', 'jingle', 'throttle', 'land', 'deru', 'mesin', 'jenis', 'motor', 'main', 'komposisi', 'chapter', 'bold', 'riders', 'hadir', 'daerah', 'salah', 'dukung', 'acara', 'bold', 'riders', 'ajak', 'chapterchapternya', 'daerah', 'hadir', 'chapter', 'bold', 'riders', 'hadir', 'wilayah', 'jakarta', 'bekas', 'bogor', 'yogyakarta', 'malang', 'padang', 'pontianak', 'samarinda', 'makassar', 'respons', 'jakarta', 'tempuh', 'jalan', 'motor', 'kota', 'kuat', 'semangat', 'brotherhood', 'riders', 'harap', 'throttle', 'land', 'ruang', 'temu', 'kultur', 'motor', 'jakarta', 'kembang', 'ruang', 'temu', 'komunitas', 'daerah', 'indonesia', 'brand', 'communications', 'bold', 'riders', 'matthew', 'raynaldi', 'chapter', 'total', 'riders', 'jakarta', 'tempuh', 'jalan', 'motor', 'kota', 'karawang', 'serang', 'sukabumi', 'bandung', 'cirebon', 'garut', 'tasikmalaya', 'madiun', 'jambi', 'semangat', 'lintas', 'genre', 'terjemah', 'pilih', 'hibur', 'panggung', 'throttle', 'land', 'ramai', 'teenage', 'death', 'star', 'full', 'squad', 'with', 'vincent', 'rompies', 'orkes', 'nunung', 'cs', 'ten', 'holes', 'feat', 'nuwie', 'fourtwnty', 'the', 'egos', 'adella', 'johana', 'bottom', 'bunkk', 'ntrl', 'unit', 'motor', 'grand', 'prize', 'polytron', 'ev', 'fox', 'bawa', 'pulang', 'eko', 'frastianto', 'bold', 'riders', 'chapter', 'jambi', 'scorpio', 'custom', 'scrambler', 'menang', 'baba', 'gila', 'gimmic', 'komunitas', 'classic', 'acara', 'tutup', 'night', 'riding', 'susur', 'jalan', 'protokol', 'kota', 'program', 'venue', 'selenggara', 'perdana', 'throttle', 'land', 'dukung', 'bold', 'riders', 'polytron', 'ev', 'ipone', 'dainese', 'kawasaki', 'kyb', 'aspira', 'premio', 'mine', 'helm', 'komunitas', 'riders', 'musisi', 'kreator', 'tenant', 'libat', 'throttle', 'land', 'beda', 'festival', 'motor', 'throttle', 'land', 'format', 'crossgenre', 'moto', 'festival', 'temu', 'komunitas', 'motor', 'tujuh', 'genre', 'sport', 'classic', 'custom', 'adventure', 'supermoto', 'skutik', 'motor', 'listrik', 'giat', 'ikut', 'komunitas', 'throttle', 'land', 'komunitas', 'ikut', 'aktivitas', 'rolling', 'wheels', 'the', 'meetup', 'island', 'community', 'games', 'moto', 'street', 'market', 'live', 'painting', 'helmet', 'giat', 'madu', 'kultur', 'motor', 'fashion', 'seni', 'musik', 'gaya', 'hidup', 'rolling', 'wheels', 'throttle', 'land', 'rolling', 'wheels', 'giat', 'riding', 'temu', 'komunitas', 'motor', 'ikut', 'jalan', 'taman', 'mataram', 'the', 'terrace', 'jakarta', 'wakil', 'komunitas', 'captain', 'tarik', 'throttles', 'orchestra', 'throttles', 'orchestra', 'temu', 'wakil', 'komunitas', 'tunjuk', 'suara', 'throttle', 'motor', 'komposisi', 'musik', 'deru', 'mesin', 'jenis', 'motor', 'main', 'ikut', 'alun', 'jingle', 'throttle', 'land', 'chapter', 'bold', 'riders', 'hadir', 'throttle', 'land', 'chapter', 'bold', 'riders', 'daerah', 'hadir', 'throttle', 'land', 'chapter', 'total', 'riders', 'jakarta', 'motor', 'karawang', 'serang', 'sukabumi', 'bandung', 'cirebon', 'garut', 'tasikmalaya', 'madiun', 'jambi']",Sport
"Rider KTMPedro Acostayakin betulMarc Marquezakan merebut titel juara duniaMotoGP 2026. Marquez punya beberapa keunggulan dibandingkan rival-rivalnya. Marquez kembali dalam persaingan titel juara melawan duo Aprilia:Marco BezzecchidanJorge Martin. Sempat tercecer 90 poin, pebalap Ducati itu kini hanya tertinggal 19 poin dari Martin dan mengungguli Bezzecchi lima poin diklasemen. Kejuaraan kini tinggal sembilan seri, yang dimulai dariMotoGP San Marino 2026pada akhir pekan ini. Marquez diprediksi akan tangguh di Misano, mengingat dia adalah pemenang terbanyak termasuk dua edisi terakhir. SCROLL TO CONTINUE WITH CONTENT  Acosta memprediksiMarc Marquezakan merengkuh titel juara dunia kesepuluh. Pasalnya, Marquez tangguh di sebagian besar seri yang tersisa, dan unggul pengalaman daripada duo Aprilia. ""Masalahnya adalah, Marc telah memperoleh banyak sekali angka sehingga dia sudah membangun banyak momentum di musim ini,"" kata pebalap berusia 22 tahun itu dilansirMotorsport.""Ada sirkuit-sirkuit di depan yang sangat cocok dengan dia.""  ""Terlepas dari Indonesia, kurasa tidak ada satu sirkuit pun yang tidak dia menangi. Dari seluruh balapan yang tersisa, hanya itu dan Portimao yang bisa berjalan buruk buat dia: kurasa dia belum pernah finis di sana."" ""Dan bahkan seandainya mereka tidak menghapus Qatar dari kalender, dia telah membangun banyak sekali momentum dan di hari yang buruk, dia masih mendapatkan angka di manapun,"" sambungEl Tiburron. ""Di saat Marc harus mendesak, dia akan melakukannya seperti yang dia lakukan di tikungan pertama di Aragon. Jadi, kurasa ini akan jadi persaingan ketat sampai balapan terakhir, tapi Marc itu kan pebalap yang punya pengalaman terbanyak. Dia seharusnya memenangi kejuaraa dunia ini,""Acostamenyimpulkan.","['rider', 'ktmpedro', 'acostayakin', 'betulmarc', 'marquezakan', 'rebut', 'titel', 'juara', 'duniamotogp', 'marquez', 'unggul', 'banding', 'rivalrivalnya', 'marquez', 'saing', 'titel', 'juara', 'lawan', 'duo', 'apriliamarco', 'bezzecchidanjorge', 'martin', 'cecer', 'poin', 'balap', 'ducati', 'tinggal', 'poin', 'martin', 'unggul', 'bezzecchi', 'poin', 'klasemen', 'juara', 'tinggal', 'sembilan', 'seri', 'darimotogp', 'san', 'marino', 'pekan', 'marquez', 'prediksi', 'tangguh', 'misano', 'menang', 'edisi', 'scroll', 'to', 'continue', 'with', 'content', 'acosta', 'memprediksimarc', 'marquezakan', 'rengkuh', 'titel', 'juara', 'dunia', 'puluh', 'pasal', 'marquez', 'tangguh', 'seri', 'sisa', 'unggul', 'alam', 'duo', 'aprilia', 'marc', 'oleh', 'angka', 'bangun', 'momentum', 'musim', 'balap', 'usia', 'dilansirmotorsportada', 'sirkuitsirkuit', 'cocok', 'lepas', 'indonesia', 'rasa', 'sirkuit', 'tang', 'balap', 'sisa', 'portimao', 'jalan', 'buruk', 'rasa', 'finis', 'anda', 'hapus', 'qatar', 'kalender', 'bangun', 'momentum', 'buruk', 'angka', 'mana', 'sambungel', 'tiburron', 'marc', 'desak', 'laku', 'laku', 'tikung', 'aragon', 'rasa', 'saing', 'ketat', 'balap', 'marc', 'balap', 'alam', 'tang', 'kejuaraa', 'dunia', 'iniacostamenyimpulkan']",Sport
"Golfmemang merupakan salah satu cabang olahraga top dunia. Tapi, golf bukan sekadar ajang mencari prestasi, tapi juga mendapatkan cuan lewat bisnis. Dengan tujuan membangun solidaritas dan keakraban dalam suasana kompetitif turnamen golf, Yayasan Global CEO Indonesia menyelenggarakan10th Anniversary Global CEO Indonesia Golf Tournament 2026di Royale Jakarta Golf Club pada 10 Oktober. CEO Indonesia Golf tournament 2026 mengusung semangat A Decade of Leadership, Connection, and Collaborations demi memperkuat jejaring strategis antar pemimpin lintas industri melalui semangat sportivitas & Integritas. SCROLL TO CONTINUE WITH CONTENT Turnamen ini menjadi sebuah momentum untuk mengapresiasi perjalanan Global CEO Indonesia dalam membangun ekosistem kepemimpinan yang kolaboratif, sekaligus mempererat hubungan di antara para petinggi asosiasi dari berbagai sektor industri. Lebih dari sekedar sebuah kompetisi olahraga, kegiatan ini juga dirancang sebagai ruang pertemuan yang eksklusif dan konstruktif untuk bertukar wawasan, memperluas jejaring profesional, serta membuka peluang sinergi dan kerjasama yang berkelanjutan. Pemilihan Golf sebagai bagian dari perayaan Satu Dekade Global CEO Indonesia selaras dengan nilai- nilai kepemimpinan, seperti integritas, disiplin, fokus, sportivitas, serta ketepatan dalam mengambil keputusan. Melalui pendekatan tersebut, turnamen ini diharapkan dapat menghadirkan interaksi yang ebih personal dan bermakna di antara pemimpin agar dapat mewujudkan visi dan tujuan utama untuk Indonesia yang lebih baik.  ""Sepuluh tahun perjalanan Global CEO Indonesia merupakan pencapaian yang lahir dari kepercayaan, kebersamaan, dan semangat kolaborasi seluruh anggota serta mitra kami. Melalui perayaan ini, kami ingin memperkuat posisi Global CEO Indonesia sebagai ekosistem yang mempertemukan para pemimpin kebijakan dan Pelaku usaha untuk saling terhubung, bertumbuh, dan memberikan kontribusi nyata bagi kemajuan dunia usaha serta perekonomian Indonesia,"" ujar Ketua Umum Global CEO Indonesia, Trisya Suherman, dalam rilis kepadadetikSport. Turnamen akan diikuti oleh para CEO, direktur, komisaris, pemilik usaha, serta pemimpin dari berbagai sektor industri. Rangkaian kegiatan dimulai dengan registrasi dan makan siang, dilanjutkan dengan pengarahan peraturan pertandingan, sesi pelepasan peserta, serta shotgun start pada pukul 13.00 WIB. Lalu, ditutup awarding night dan rangkaian perayaan 10 tahun Global CEO Indonesia. Ada total 240 peserta direncanakan akan ikut Global CEO Indonesia Golf Tournament bulan depan. ""Kami mempersiapkan turnamen ini bukan sekadar sebagai ajang olahraga, tetapi sebagai momentum yang menghadirkan pengalaman, manfaat, dan nilai strategis bagi seluruh pihak yang terlibat,"" ujar Kepala Divisi CEO Golf Indonesia Ben Ezra. ""Golf memiliki nilai yang selaras dengan kepemimpinan, yaitu integritas, disiplin, strategi, dan kemampuan mengambil keputusan. Karena itu, kami berharap turnamen ini tidak hanya menghadirkan ajang laga sportifitas yang berkualitas, tetapi juga menjadi medium yang efektif untuk mempererathubungan antar pemimpin dan membuka peluang kolaborasi baru."" ","['golfmemang', 'salah', 'cabang', 'olahraga', 'top', 'dunia', 'golf', 'ajang', 'cari', 'prestasi', 'cuan', 'bisnis', 'tuju', 'bangun', 'solidaritas', 'akrab', 'suasana', 'kompetitif', 'turnamen', 'golf', 'yayasan', 'global', 'ceo', 'indonesia', 'menyelenggarakanth', 'anniversary', 'global', 'ceo', 'indonesia', 'golf', 'tournament', 'royale', 'jakarta', 'golf', 'club', 'oktober', 'ceo', 'indonesia', 'golf', 'tournament', 'usung', 'semangat', 'a', 'decade', 'of', 'leadership', 'connection', 'and', 'collaborations', 'kuat', 'jejaring', 'strategis', 'pimpin', 'lintas', 'industri', 'semangat', 'sportivitas', 'integritas', 'scroll', 'to', 'continue', 'with', 'content', 'turnamen', 'momentum', 'apresiasi', 'jalan', 'global', 'ceo', 'indonesia', 'bangun', 'ekosistem', 'pimpin', 'kolaboratif', 'erat', 'hubung', 'petinggi', 'asosiasi', 'sektor', 'industri', 'dar', 'kompetisi', 'olahraga', 'giat', 'rancang', 'ruang', 'temu', 'eksklusif', 'konstruktif', 'tukar', 'wawas', 'luas', 'jejaring', 'profesional', 'buka', 'peluang', 'sinergi', 'kerjasama', 'lanjut', 'pilih', 'golf', 'raya', 'dekade', 'global', 'ceo', 'indonesia', 'selaras', 'nilai', 'nilai', 'pimpin', 'integritas', 'disiplin', 'fokus', 'sportivitas', 'tepat', 'ambil', 'putus', 'dekat', 'turnamen', 'harap', 'hadir', 'interaksi', 'ebih', 'personal', 'makna', 'pimpin', 'wujud', 'visi', 'tuju', 'utama', 'indonesia', 'puluh', 'jalan', 'global', 'ceo', 'indonesia', 'capai', 'lahir', 'percaya', 'sama', 'semangat', 'kolaborasi', 'anggota', 'mitra', 'raya', 'kuat', 'posisi', 'global', 'ceo', 'indonesia', 'ekosistem', 'temu', 'pimpin', 'bijak', 'laku', 'usaha', 'hubung', 'tumbuh', 'kontribusi', 'nyata', 'maju', 'dunia', 'usaha', 'ekonomi', 'indonesia', 'ketua', 'global', 'ceo', 'indonesia', 'trisya', 'suherman', 'rilis', 'kepadadetiksport', 'turnamen', 'ikut', 'ceo', 'direktur', 'komisaris', 'milik', 'usaha', 'pimpin', 'sektor', 'industri', 'rangkai', 'giat', 'registrasi', 'makan', 'siang', 'lanjut', 'arah', 'atur', 'tanding', 'sesi', 'lepas', 'serta', 'shotgun', 'start', 'wib', 'tutup', 'awarding', 'night', 'rangkai', 'raya', 'global', 'ceo', 'indonesia', 'total', 'serta', 'rencana', 'global', 'ceo', 'indonesia', 'golf', 'tournament', 'turnamen', 'ajang', 'olahraga', 'momentum', 'hadir', 'alam', 'manfaat', 'nilai', 'strategis', 'libat', 'kepala', 'divisi', 'ceo', 'golf', 'indonesia', 'ben', 'ezra', 'golf', 'milik', 'nilai', 'selaras', 'pimpin', 'integritas', 'disiplin', 'strategi', 'mampu', 'ambil', 'putus', 'harap', 'turnamen', 'hadir', 'ajang', 'laga', 'sportifitas', 'kualitas', 'medium', 'efektif', 'mempererathubungan', 'pimpin', 'buka', 'peluang', 'kolaborasi']",Sport
"Audisi UmumPB DjarumKudus 2026 sedang berlangsung. Para pebulutangkis muda putri dari berbagai daerah di Indonesia menunjukkan tekad kuat demi meraih Super Tiket. Audisi Umum PB Djarum 2026 Kudus dihelat di GOR Djarum, Jati, pada Rabu (9/9) hingga Minggu (13/9). Tak kurang, sebanyak 1.601 peserta yang berasal dari berbagai penjuru Indonesia mulai dari Sumatera hingga Papua. Persaingan di sektor putri menjadi salah satu perhatian Tim Pencari Bakat. Meski jumlah peserta putri tidak sebanyak sektor putra, kualitas permainan yang ditampilkan dinilai cukup menjanjikan. SCROLL TO CONTINUE WITH CONTENT Legenda PB Djarum sekaligus anggota Tim Pencari Bakat Audisi Umum Bulutangkis 2026, Yuni Kartika, mengatakan timnya harus lebih jeli dalam mengidentifikasi pemain yang memiliki potensi untuk dikembangkan.  ""Secara jumlah, atlet putri memang lebih sedikit dibandingkan peserta audisi putra. Maka kami benar-benar harus pintar memperhatikan para atlet yang memiliki potensi. Tapi walaupun jumlahnya sedikit, bukan berarti kualitasnya juga tidak baik,"" ujar Yuni. Menurut Yuni, salah satu hal positif yang terlihat dalam audisi tahun ini adalah kemampuan teknik dasar para peserta yang cukup baik. Selain itu, peserta juga datang dari berbagai daerah sehingga penyebaran bakat di sektor putri terbilang merata. ""Kami melihat satu hal, untuk teknik dasar rata-rata relatif banyak yang sudah baik. Kemudian, penyebaran asal peserta juga cukup merata dan kalau melihat potensi, cukup menggembirakan karena untuk usia paling bawahnya itu (U-11), banyak yang menjanjikan,"" jelasnya. Meski demikian, kemampuan teknis di lapangan bukan menjadi satu-satunya faktor yang akan menentukan masa depan para peserta. Tim Pencari Bakat juga akan melihat berbagai aspek lain dalam proses seleksi berikutnya. Yuni menjelaskan bahwa aspek fisik dan mental akan menjadi bagian penting dalam penilaian ketika para peserta memasuki fase karantina. Hal tersebut diperlukan untuk memastikan atlet yang terpilih memiliki modal lengkap untuk berkembang menjadi pebulutangkis berprestasi. ""Selain permainan di atas lapangan, nantinya akan ada faktor-faktor lain yang akan bisa dinilai saat fase karantina seperti fisik maupun mental,"" tutur Yuni.","['audisi', 'umumpb', 'djarumkudus', 'pebulutangkis', 'muda', 'putri', 'daerah', 'indonesia', 'tekad', 'kuat', 'raih', 'super', 'tiket', 'audisi', 'pb', 'djarum', 'kudus', 'helat', 'gor', 'djarum', 'jati', 'rabu', 'minggu', 'serta', 'asal', 'penjuru', 'indonesia', 'sumatera', 'papua', 'saing', 'sektor', 'putri', 'salah', 'perhati', 'tim', 'cari', 'bakat', 'serta', 'putri', 'sektor', 'putra', 'kualitas', 'main', 'tampil', 'nilai', 'janji', 'scroll', 'to', 'continue', 'with', 'content', 'legenda', 'pb', 'djarum', 'anggota', 'tim', 'cari', 'bakat', 'audisi', 'bulutangkis', 'yuni', 'kartika', 'tim', 'jeli', 'identifikasi', 'main', 'milik', 'potensi', 'kembang', 'atlet', 'putri', 'banding', 'serta', 'audisi', 'putra', 'benarbenar', 'pintar', 'perhati', 'atlet', 'milik', 'potensi', 'kualitas', 'yuni', 'yuni', 'salah', 'positif', 'audisi', 'mampu', 'teknik', 'dasar', 'serta', 'serta', 'daerah', 'sebar', 'bakat', 'sektor', 'putri', 'bilang', 'rata', 'teknik', 'dasar', 'ratarata', 'relatif', 'sebar', 'serta', 'rata', 'potensi', 'gembira', 'usia', 'bawah', 'u', 'janji', 'mampu', 'teknis', 'lapang', 'satusatunya', 'faktor', 'tentu', 'serta', 'tim', 'cari', 'bakat', 'aspek', 'proses', 'seleksi', 'yuni', 'aspek', 'fisik', 'mental', 'nilai', 'serta', 'pasuk', 'fase', 'karantina', 'atlet', 'pilih', 'milik', 'modal', 'lengkap', 'kembang', 'pebulutangkis', 'prestasi', 'main', 'lapang', 'faktorfaktor', 'nilai', 'fase', 'karantina', 'fisik', 'mental', 'yuni']",Sport
"Rider SpanyolAlex Rinsmenolak tawaran berlaga di WSBK setelah kehilangan kursinya diMotoGP.Rins mengungkapkan, dirinya tidak akan balapan motor lagi. Rins dipastikan meninggalkan Yamaha pada akhir musim ini. Pabrikan Jepang itu telah mengumumkan akan menduetkan Jorge Martin dan Ai Ogura, line-up pebalap yang sepenuhnya baru untuk era mesin 850cc mulai 2027. WSBK semula digadang-gadang akan jadi tujuan berikutnya pebalap berusia 30 tahun itu. Namun, Rins menolak sejumlah tawaran dari sana demi mengejar karier barunya yang diyakini balap mobil. SCROLL TO CONTINUE WITH CONTENT  ""Aku tidak akan ke Superbike tahun depan,"" ucapRinsdilansirMotorsport.""Seperti yang sudah kukatakan kepada kalian [media-red] di beberapa balapan lalu, aku memiliki sebuah proyek yang sangat bagus, sangat menarik di dalam benakku yang belum bisa kuungkapkan karena belum 100 persen rampung."" ""Jadi, aku sangat senang. Tadinya sulit untuk memilih karena aku menghabiskan seluruh hidupku di MotoGP, di kejuaraan ini, dengan banyak duel-duel, balapan, dan kemenangan. Kurang lebih selama 14 tahun [di semua kelas]. Jadi, aku akan berhenti dengan roda dua,"" cetus dia.  ""Aku tadinya memiliki dua kemungkinan di sana [WSBK]. Aku sangat ingin berterima kasih kepada mereka karena mereka cukup tertarik denganku. Namun, aku menemukan hal yang benar-benar lebih memotivasiku,"" dia menambahkan. Alex Rinsmemulai kariernya di kejuaraan balap motor pada 2012 di usia 17 tahun. Setelah tiga musim, Rins promosi ke kelas menengah lalu menembus kelas premier pada 2017. Sampai kini, Rins sudah melakoni 157 balapan grand prix MotoGP dengan enam kemenangan dan 18 kali naik podium. Prestasi terbaik Rins adalah sekali finis ketiga pada 2020 bersama Suzuki.","['rider', 'spanyolalex', 'rinsmenolak', 'tawar', 'laga', 'wsbk', 'hilang', 'kursi', 'dimotogprins', 'balap', 'motor', 'rins', 'tinggal', 'yamaha', 'musim', 'pabrikan', 'jepang', 'umum', 'duet', 'jorge', 'martin', 'ai', 'ogura', 'lineup', 'balap', 'sepenuh', 'era', 'mesin', 'cc', 'wsbk', 'digadanggadang', 'tuju', 'balap', 'usia', 'rins', 'tolak', 'tawar', 'kejar', 'karier', 'baru', 'yakin', 'balap', 'mobil', 'scroll', 'to', 'continue', 'with', 'content', 'superbike', 'ucaprinsdilansirmotorsportseperti', 'kata', 'mediared', 'balap', 'milik', 'proyek', 'bagus', 'tarik', 'benak', 'ungkap', 'persen', 'rampung', 'senang', 'sulit', 'pilih', 'habis', 'hidup', 'motogp', 'juara', 'duelduel', 'balap', 'menang', 'kelas', 'henti', 'roda', 'cetus', 'milik', 'wsbk', 'terima', 'kasih', 'tarik', 'dengan', 'temu', 'benarbenar', 'motivasi', 'alex', 'rinsmemulai', 'karier', 'juara', 'balap', 'motor', 'usia', 'musim', 'rins', 'promosi', 'kelas', 'tengah', 'tembus', 'kelas', 'premier', 'rins', 'lakon', 'balap', 'grand', 'prix', 'motogp', 'enam', 'menang', 'kali', 'podium', 'prestasi', 'baik', 'rins', 'finis', 'tiga', 'suzuki']",Sport
"Indonesia cuma meloloskan satu wakil di Perempatfinal Seri VAmman Mineral Men's World Tennis Championship 2026. Dia adalahNathan Barki. Pada ajang ITF World Tennis Tour M-15 yang dogelar di Bali Beach Country Club, Nusa Dua, Kamis (10/9/2026), ada empat wakil Indonesia yang tampil di babak kedua, tiga di nomor tunggal dan satu di ganda putra. Hanya Nathan Barki yang menang saat menghadapi unggulan pertama asal Selandia Baru Anthon Sheep. Nathan bermain cerdik menghadapi peringkat 499 ATP tersebut dan selalu sabar serta cermat dalam penempatan bola untuk meredam serangan Anthon. SCROLL TO CONTINUE WITH CONTENT Nathan menang 6-4 di set pertama dan performa itu dilanjutkan di set kedua. Permainan efektif Nathan bikin Anthon frustrasi dan melakukan kesalahan sehingga kalah 3-6 pada laga berdurasi 1 jam 10 menit.  ""Laga yang tidak mudah menghadapi lawan seperti Anthon Shepp yang memiliki servis keras dan permainannya yang agresif. Namun dengan ketenangan dan ketepatan strategi, saya bisa mengalahkan dia,"" ujar Nathan dalam rilis kepadadetikSport. Sayangnya, kelolosan Nathan tidak diikuti dua kompatriotnya di nomor tunggal, Muhammad Rifqi Fitriadi dan Rafalentino Ali Da Costa, yang tumbang dari lawan-lawannya. Rifqi yang merupakan unggulan kedua malah menyerah dari Hayden Jones asal Australia dalam duel berdurasi dua jam. Jones, 20 tahun, menang 7-5, 6-7, dan tiebreak 10-8 dalam waktu dua jam. Rafalentino lagi-lagi harus kandas dari petenis India Karan Singh seperti di Seri Keempat pekan lalu. Dia takluk 0-6 dan 3-6 sehingga harus terhenti. Pada nomor ganda putra, Rafalentino bernasib sama saat berpasangan dengan Ethan David Zapp usai kalah dari juara seri lalu, Alexander Chang/Pablo Perez Ramos, dengan skor 3-6 dan 4-6. Alhasil wakil Indonesia di nomor ganda putra sudah habis. ","['indonesia', 'lolos', 'wakil', 'perempatfinal', 'seri', 'vamman', 'mineral', 'mens', 'world', 'tennis', 'championship', 'adalahnathan', 'barki', 'ajang', 'itf', 'world', 'tennis', 'tour', 'm', 'dogelar', 'bal', 'beach', 'country', 'club', 'nusa', 'kamis', 'wakil', 'indonesia', 'tampil', 'babak', 'nomor', 'tunggal', 'ganda', 'putra', 'nathan', 'barki', 'menang', 'hadap', 'unggul', 'selandia', 'anthon', 'sheep', 'nathan', 'main', 'cerdik', 'hadap', 'peringkat', 'atp', 'sabar', 'cermat', 'tempat', 'bola', 'redam', 'serang', 'anthon', 'scroll', 'to', 'continue', 'with', 'content', 'nathan', 'menang', 'set', 'performa', 'lanjut', 'set', 'main', 'efektif', 'nathan', 'bikin', 'anthon', 'frustrasi', 'salah', 'kalah', 'laga', 'durasi', 'jam', 'menit', 'laga', 'mudah', 'hadap', 'lawan', 'anthon', 'shepp', 'milik', 'servis', 'keras', 'main', 'agresif', 'tenang', 'tepat', 'strategi', 'kalah', 'nathan', 'rilis', 'kepadadetiksport', 'sayang', 'lolos', 'nathan', 'ikut', 'kompatriot', 'nomor', 'tunggal', 'muhammad', 'rifqi', 'fitriadi', 'rafalentino', 'ali', 'da', 'costa', 'tumbang', 'lawanlawannya', 'rifqi', 'unggul', 'serah', 'hayden', 'jones', 'australia', 'duel', 'durasi', 'jam', 'jones', 'menang', 'tiebreak', 'jam', 'rafalentino', 'lagilagi', 'kandas', 'tenis', 'india', 'karan', 'singh', 'seri', 'empat', 'pekan', 'takluk', 'henti', 'nomor', 'ganda', 'putra', 'rafalentino', 'nasib', 'pasang', 'ethan', 'david', 'zapp', 'kalah', 'juara', 'seri', 'alexander', 'changpablo', 'perez', 'ramos', 'skor', 'alhasil', 'wakil', 'indonesia', 'nomor', 'ganda', 'putra', 'habis']",Sport
"Komando Operasi Udara Nasional (Koopsudnas) TNI Angkatan Udara (TNI AU) berkolaborasi denganPengurus Besar Persatuan Panahan Indonesia (PB Perpani)akan menggelar Kejuaraan Panahan Piala Panglima TNI 2026. Turnamen tersebut dijadwalkan berlangsung di Lapangan Panahan Arjuna, Halim Perdanakusuma, Jakarta Timur, pada 23-25 Oktober 2026. Kejuaraan ini digelar dalam rangka memperingati Hari Ulang Tahun (HUT) ke-81 TNI. Selain menjadi bagian dari rangkaian peringatan HUT TNI, kejuaraan tersebut juga diharapkan kembali mengingatkan masyarakat terhadap sejarah panjang olahraga panahan Indonesia di pentas dunia. SCROLL TO CONTINUE WITH CONTENT Panahan menjadi cabang olahraga yang membuka keran medali pertama bagi Kontingen Indonesia di Olimpiade. Pada Olimpiade Seoul 1988, trio Srikandi Indonesia yang terdiri dari Lilies Handayani, Kusuma Wardhani, dan Nurfitriyana berhasil mempersembahkan medali perak.  Kepastian penyelenggaraan Kejuaraan Panahan Piala Panglima TNI 2026 disampaikan Asisten Komunikasi dan Elektronika (Askomlek) Kaskoopsudnas, Marsekal Pertama (Marsma) TNI I.B. Ngurah Mardika Putra, yang juga bertindak sebagai penanggung jawab kejuaraan. ""Kita siap menyukseskan Kejuaraan Panahan Piala Panglima TNI 2026. Kita berharap muncul atlet-atlet potensial yang mampu mengulang prestasi trio Srikandi Indonesia terdahulu,"" ujar I.B. Ngurah Mardika Putra saat mendampingi Panglima Koopsudnas (Pangkoopsudnas) Marsekal Madya (Marsdya) TNI Minggit Tribowo dalam jumpa pers di Ruang Leo Watimena, Koopsudnas, Lanud Halim Perdanakusuma, Jakarta Timur, Selasa (8/9/2026). Menurut I.B. Ngurah Mardika Putra, kejuaraan ini tidak hanya menjadi ajang kompetisi, tetapi juga panggung pembuktian bagi para pemanah dari berbagai kelompok usia dan latar belakang. ""Melalui kompetisi ini, TNI AU berharap dapat membentuk generasi muda yang disiplin, bermental tangguh, dan memiliki daya juang tinggi bagi bangsa. Kita juga ingin muncul talenta-talenta yang dapat memperkuat Timnas Panahan Indonesia di masa depan,"" imbuhnya. Kejuaraan Panahan Piala Panglima TNI 2026 akan mempertandingkan sejumlah kategori, di antaranya Junior dan Senior Open. Kategori tersebut menjadi wadah bagi atlet dari berbagai daerah untuk meningkatkan kemampuan, mengasah mental bertanding, sekaligus membuka peluang bagi lahirnya calon atlet yang dapat menjadi bagian dari kekuatan Timnas Panahan Indonesia. Selain itu, terdapat kategori Eksekutif yang dirancang sebagai sarana silaturahmi untuk mempererat persatuan dan kesatuan antarinstitusi serta para pemangku kepentingan. Panitia pun mengimbau atlet dan klub panahan dari berbagai daerah di Indonesia untuk memanfaatkan kesempatan tersebut dengan mengikuti Kejuaraan Panahan Piala Panglima TNI 2026.","['komando', 'operasi', 'udara', 'nasional', 'koopsudnas', 'tni', 'angkat', 'udara', 'tni', 'au', 'kolaborasi', 'denganpengurus', 'satu', 'panah', 'indonesia', 'pb', 'perpaniakan', 'gelar', 'juara', 'panah', 'piala', 'panglima', 'tni', 'turnamen', 'jadwal', 'lapang', 'panah', 'arjuna', 'halim', 'perdanakusuma', 'jakarta', 'timur', 'oktober', 'juara', 'gelar', 'rangka', 'ingat', 'ulang', 'hut', 'tni', 'rangkai', 'ingat', 'hut', 'tni', 'juara', 'harap', 'masyarakat', 'sejarah', 'olahraga', 'panah', 'indonesia', 'pentas', 'dunia', 'scroll', 'to', 'continue', 'with', 'content', 'panah', 'cabang', 'olahraga', 'buka', 'keran', 'medali', 'kontingen', 'indonesia', 'olimpiade', 'olimpiade', 'seoul', 'trio', 'srikandi', 'indonesia', 'lilies', 'handayani', 'kusuma', 'wardhani', 'nurfitriyana', 'hasil', 'sembah', 'medali', 'perak', 'pasti', 'selenggara', 'juara', 'panah', 'piala', 'panglima', 'tni', 'asisten', 'komunikasi', 'elektronika', 'askomlek', 'kaskoopsudnas', 'marsekal', 'marsma', 'tni', 'ib', 'ngurah', 'mardika', 'putra', 'tindak', 'tanggung', 'juara', 'sukses', 'juara', 'panah', 'piala', 'panglima', 'tni', 'harap', 'muncul', 'atletatlet', 'potensial', 'ulang', 'prestasi', 'trio', 'srikandi', 'indonesia', 'ib', 'ngurah', 'mardika', 'putra', 'damping', 'panglima', 'koopsudnas', 'pangkoopsudnas', 'marsekal', 'madya', 'marsdya', 'tni', 'minggit', 'tribowo', 'jumpa', 'pers', 'ruang', 'leo', 'watimena', 'koopsudnas', 'lanud', 'halim', 'perdanakusuma', 'jakarta', 'timur', 'selasa', 'ib', 'ngurah', 'mardika', 'putra', 'juara', 'ajang', 'kompetisi', 'panggung', 'bukti', 'manah', 'kelompok', 'usia', 'latar', 'kompetisi', 'tni', 'au', 'harap', 'bentuk', 'generasi', 'muda', 'disiplin', 'mental', 'tangguh', 'milik', 'daya', 'juang', 'bangsa', 'muncul', 'talentatalenta', 'kuat', 'timnas', 'panah', 'indonesia', 'imbuh', 'juara', 'panah', 'piala', 'panglima', 'tni', 'tanding', 'kategori', 'junior', 'senior', 'open', 'kategori', 'wadah', 'atlet', 'daerah', 'tingkat', 'mampu', 'asah', 'mental', 'tanding', 'buka', 'peluang', 'lahir', 'calon', 'atlet', 'kuat', 'timnas', 'panah', 'indonesia', 'kategori', 'eksekutif', 'rancang', 'sarana', 'silaturahmi', 'erat', 'satu', 'satu', 'antarinstitusi', 'mang', 'penting', 'panitia', 'imbau', 'atlet', 'klub', 'panah', 'daerah', 'indonesia', 'manfaat', 'sempat', 'ikut', 'juara', 'panah', 'piala', 'panglima', 'tni']",Sport
"Pelatih Kepala Ganda Campuran IndonesiaNova WidiantomeyakiniAmri Syahnawi/Nita Violina Marwahmampu menunjukkan kualitasnya diAsian Games 2026. Mereka ditargetkan membawa pulang medali. Di Asian Games, ganda campuran menurunkan dua wakil. Selain pasangan dadakan Nikolaus Joaquin/Siti Fadia Silva Ramadhanti, Amri/Nita menjadi tulang punggung mix double saat ini. Nova mengatakan sudah mempersiapkan Amri/Nita sejak dua pekan terakhir. Ia pun berharap pasangan itu dapat menunjukkan kemampuannya seperti saat di Kejuaraan Dunia terakhir. SCROLL TO CONTINUE WITH CONTENT ""Kalau bisa, bisa lebih, gitu loh. Karena saya lihat pun mereka punya kemampuan. Game plan mereka juga bagus,"" kata Nova saat ditemui di Pelatnas PBSI, Cipayung, Kamis (10/9/2026). ""Mungkin kendalanya satu kan, jangan memikirkan hasil bagus kemarin (medali perunggu World Championships) yang jadinya membuat nervous. Bermain lah nothing to lose. Karena saya rasa mereka bisa,"" tutur peraih medali perak Olimpiade Beijing 2008.  Kesempatan Amri/Nita juga besar di Asian Games ini karena peta persaingan ganda campuran dunia tidak lagi didominasi pasangan tertentu. ""Persaingan sekarang di mix double sudah enggak menentu. Banyak pasangan China yang agak menurun nih. Jadi kita harus manfaatkan itu. Berapa kali pasangan China sudah lepas. World Championships saja sudah dua kali lepas. Kemarin di China Masters juga cuma satu, biasanya minimal dua di semifinal,"" dia mengungkapkan. ""Jadi kita harus manfaatkan lah karena mulai rata dan enggak ada yang terlalu dominan lagi setelah pensiunnya Zheng Siwei/Huang Yaqiong. Makanya, kans lebih dari medali pun saya rasa ada."" ""Tinggal dari kitanya saja. Kadang-kadang kan multi-event juga enggak gampang. Jika mereka punya mental kuat dan kemauan keras, saya rasa bisa medali,"" tegas eks pelatih gamda campuran Malaysia ini. Asian Games 2026 akan berlangsung di Aichi-Nagoya, mulai 19 September hingga 4 Oktober. Ganda campuran Indonesia terakhir kali merebut medali emas pada Asian Games 1982 melalui Christian Hadinata/Ivana Lie. ","['latih', 'kepala', 'ganda', 'campur', 'indonesianova', 'widiantomeyakiniamri', 'syahnawinita', 'violina', 'marwahmampu', 'kualitas', 'asi', 'games', 'target', 'bawa', 'pulang', 'medali', 'asi', 'games', 'ganda', 'campur', 'turun', 'wakil', 'pasang', 'dada', 'nikolaus', 'joaquinsiti', 'fadia', 'silva', 'ramadhanti', 'amrinita', 'tulang', 'punggung', 'mix', 'double', 'nova', 'amrinita', 'pekan', 'harap', 'pasang', 'mampu', 'juara', 'dunia', 'scroll', 'to', 'continue', 'with', 'content', 'gitu', 'loh', 'lihat', 'mampu', 'game', 'plan', 'bagus', 'nova', 'temu', 'pelatnas', 'pbsi', 'cipayung', 'kamis', 'kendala', 'pikir', 'hasil', 'bagus', 'kemarin', 'medali', 'perunggu', 'world', 'championships', 'nervous', 'main', 'nothing', 'to', 'lose', 'raih', 'medali', 'perak', 'olimpiade', 'beijing', 'sempat', 'amrinita', 'asi', 'games', 'peta', 'saing', 'ganda', 'campur', 'dunia', 'dominasi', 'pasang', 'saing', 'mix', 'double', 'tentu', 'pasang', 'china', 'turun', 'nih', 'manfaat', 'kali', 'pasang', 'china', 'lepas', 'world', 'championships', 'kali', 'lepas', 'kemarin', 'china', 'masters', 'minimal', 'semifinal', 'manfaat', 'dominan', 'pensiun', 'zheng', 'siweihuang', 'yaqiong', 'kans', 'medali', 'tinggal', 'kita', 'kadangkadang', 'multievent', 'gampang', 'mental', 'kuat', 'mau', 'keras', 'medali', 'eks', 'latih', 'gamda', 'campur', 'malaysia', 'asi', 'games', 'aichinagoya', 'september', 'oktober', 'ganda', 'campur', 'indonesia', 'kali', 'rebut', 'medali', 'emas', 'asi', 'games', 'christian', 'hadinataivana', 'lie']",Sport
"Timnas Basket Putrakalah dariJepangpada laga perdana Pool AAsian Games Aichi-Nagoya 2026. Yudha Saputera dkk harus mengakui keunggulan tuan rumah usai takluk 53-98. Berlangsung di Aichi International Arena, Kamis (10/9/2026), Indonesia memang sudah langsung tertinggal sejak kuarter pertama dengan kedudukan 9-29. Kondisi itu terus berlanjut hingga kuarter kedua sampai di kuarter penentuan. Meskipun sudah berusaha memangkas ketertinggalan, namun upaya itu belum bisa menghindarkan Indonesia dari kekalahan karena Jepang. Laga ditutup dengan keunggulan tuan rumah 98-53. SCROLL TO CONTINUE WITH CONTENT Adapun, Lester Prosper menjadi pencetak poin terbanyak untuk Indonesia dengan 13 poin, 4 rebound, dan 1 asis. Disusul kemudian oleh Yudha Saputera dengan catatan 12 poin, 2 rebound, dan 3 asis. Adapun dari Jepang, Tsuya K menjadi pencetak poin terbanyak dengan 23 poin dan 2 rebound serta 1 asis. Kemudian Kanechika Ren dengan 15 poin, 1 rebound, dan 1 asis. Dengan kekalahan ini, Indonesia kini posisi keempat klasemen Grup A dengan 1 angka. Sementara Jepang kuasai klasemen dengan 2 poin. Pada laga berikutnya, Indonesia akan menghadapi Korea Selatan pada Jumat (11/9). Pertandingan berlangsung di Aichi International Arena, pukul 14.00 WIB.  Sempat Terkendala Jemputan Bus Terlepas dari hasil, Timnas basket putra Indonesia sejatinya sempat mengalami kejadian kurang menyenangkan menjelang pertandingan melawan Jepang. Bus yang akan ditumpangi atlet-atlet Indonesia sempat mengalami keterlambatan selama 41 menit. Managing Director Badan Tim Nasional (BTN) Perbasi Jeremy Imanuel Santoso menyayangkan kondisi yang terjadi pada timnya. ""Kami sangat menyayangkan kejadian ini bisa terjadi di hari pertandingan dan di saat kita menuju venue melawan tuan rumah,"" kata Jeremy dalam keterangan tertulisnya, Kamis (10/9/2026). ""Setelah kita berkomunikasi dengan panitia lokal di athlete village, tampak tidak ada satupun panitia lokal yang dapat memberikan jawaban pasti kenapa bus menjemput kontingen Indonesia alami keterlambatan selama 41 menit,"" lanjutnya. ""Seperti kita ketahui, menunggu di bawah halte dengan fasilitas yang seadanya, kursi yang seadanya, tenda di luar hujan gerimis, atlet kita harus menunggu 41 menit."" ""Kita sangat menyayangkan dan kita sudah komunikasikan ini ke pihak CdM dan NOC dan akan memberikan laporan resmi untuk dibahas di CdM meeting di kemudian hari,"" ujar Jeremy. ""Kami juga ucapkan berterima kasih atas koordinasi dengan tim CdM dan NOC yang melakukan respons dan solusi yang diberikan atas hambatan yang dialami Timnas,"" terang Jeremy. ""Fokus kami saat ini bertanding dan kami sangat sayangkan bahwa tuan rumah Jepang tidak bisa persiapkan hal-hal mendasar yang seharusnya sudah tidak menjadi masalah. Apalagi kita tahu, bagaimana sifat dasar atau kebiasaan orang Jepang terkait waktu, ketepatan waktu dan bagaimana mereka anti telat seperti yang kita mungkin pernah alami atau baca di sosial media,"" pungkasnya. ","['timnas', 'basket', 'putrakalah', 'darijepangpada', 'laga', 'perdana', 'pool', 'aasian', 'games', 'aichinagoya', 'yudha', 'saputera', 'dkk', 'aku', 'unggul', 'tuan', 'rumah', 'takluk', 'aichi', 'international', 'arena', 'kamis', 'indonesia', 'langsung', 'tinggal', 'kuarter', 'duduk', 'kondisi', 'lanjut', 'kuarter', 'kuarter', 'tentu', 'usaha', 'mangkas', 'tinggal', 'upaya', 'hindar', 'indonesia', 'kalah', 'jepang', 'laga', 'tutup', 'unggul', 'tuan', 'rumah', 'scroll', 'to', 'continue', 'with', 'content', 'lester', 'prosper', 'cetak', 'poin', 'indonesia', 'poin', 'rebound', 'asis', 'susul', 'yudha', 'saputera', 'catat', 'poin', 'rebound', 'asis', 'jepang', 'tsuya', 'k', 'cetak', 'poin', 'poin', 'rebound', 'asis', 'kanechika', 'ren', 'poin', 'rebound', 'asis', 'kalah', 'indonesia', 'posisi', 'empat', 'klasemen', 'grup', 'a', 'angka', 'jepang', 'kuasa', 'klasemen', 'poin', 'laga', 'indonesia', 'hadap', 'korea', 'selatan', 'jumat', 'tanding', 'aichi', 'international', 'arena', 'wib', 'kendala', 'jemput', 'bus', 'lepas', 'hasil', 'timnas', 'basket', 'putra', 'indonesia', 'sejati', 'alami', 'jadi', 'senang', 'jelang', 'tanding', 'lawan', 'jepang', 'bus', 'tumpang', 'atletatlet', 'indonesia', 'alami', 'lambat', 'menit', 'managing', 'director', 'badan', 'tim', 'nasional', 'btn', 'basi', 'jeremy', 'imanuel', 'santoso', 'sayang', 'kondisi', 'tim', 'sayang', 'jadi', 'tanding', 'venue', 'lawan', 'tuan', 'rumah', 'jeremy', 'terang', 'tulis', 'kamis', 'komunikasi', 'panitia', 'lokal', 'athlete', 'village', 'satu', 'panitia', 'lokal', 'bus', 'jemput', 'kontingen', 'indonesia', 'alami', 'lambat', 'menit', 'tahu', 'tunggu', 'halte', 'fasilitas', 'ada', 'kursi', 'ada', 'tenda', 'hujan', 'gerimis', 'atlet', 'tunggu', 'menit', 'sayang', 'komunikasi', 'cdm', 'noc', 'lapor', 'resmi', 'bahas', 'cdm', 'meeting', 'jeremy', 'ucap', 'terima', 'kasih', 'koordinasi', 'tim', 'cdm', 'noc', 'respons', 'solusi', 'hambat', 'alami', 'timnas', 'terang', 'jeremy', 'fokus', 'tanding', 'sayang', 'tuan', 'rumah', 'jepang', 'siap', 'halhal', 'dasar', 'sifat', 'dasar', 'biasa', 'orang', 'jepang', 'kait', 'tepat', 'anti', 'telat', 'alami', 'baca', 'sosial', 'media', 'pungkas']",Sport
Jakarta- Pebulu tangkis Indonesia mematangkan persiapan menuju Asian Games 2026. Target emas dibidik dari nomor beregu putra.,"['jakarta', 'bulu', 'tangkis', 'indonesia', 'matang', 'siap', 'asi', 'games', 'target', 'emas', 'bidik', 'nomor', 'regu', 'putra']",Sport
"Indonesiabersiap menujuAsian Games 2026.Di multiajang olahraga terbesar se-Asia itu, Merah Putih menargetkan empatmedali emas.Dari mana saja? Indonesia mengirimkan 430 atlet dari 35 cabang olahraga.Menpora Erick Thohirmengatakan target Indonesia diAsian Games 2026di Nagoya, Jepang lebih realistis dibanding edisi sebelumnya. ""Dari hasil pantauan, dan diskusi dengan Ketua KOI dan Chief de Mission, ya tentu kita ingin mendapatkan emas sebanyak-banyaknya. Kemarin di Hangzhou, di China, itu kita mendapat 7 medali emas,"" ujar Erick. SCROLL TO CONTINUE WITH CONTENT  Namun, ia menyadari ada hal yang membuat sejumlah nomor andalan Indonesia tidak lagi dipertandingkan, sehingga memengaruhi target yang diharapkan. ""Ya tentu biasa, politik olahraga. Ada beberapa nomor yang hilang seperti dragonboat itu ada dua hilang, ada juga dari menembak yang memang tidak dipertandingkan lagi,"" jelasnya. ""Nah, realitas kalau melihat kondisi hari ini, ya kita 4 emas itu menjadi target hari ini. Dari cabang-cabang yang mungkin kita semua paham lah, tidak berbeda dengan Olimpiade, yaitu seperti bulutangkis, panjat tebing, dan tentu angkat besi*,"" kata Erick. Dari bulutangkis, PBSI menargetkan satu medali emas. Adapun nomor yang diandalkan ialah beregu putra. PBSI meyakini dengan komposisi gabungan pemain Pelatnas dan non-Pelatnas, selain faktor pengalaman, menjadi kekuatan tim bulutangkis Indonesia. Indonesia punya Jonatan Christie, pemain peringkat 1 dunia dengan pengalaman segudang. Baik single event maupun multievent. Peraih medali emas Asian Games 2018 itu akan bahu membahu dengan Alwi Farhan, Moh. Zaki Ubaidillah, dan Muhamad Yusuf. Ditambah dari nomor ganda Fajar Alfian/Muhammad Shohibul Fikri, Leo Rolly Carnando/Daniel Marthin, Nikolaus Joaquin, dan Amri Syahnawi.  Selain bulutangkis, Indonesia juga bertumpu pada cabor angkat besi. Peraih medali emas Olimpiade 2024 Rizki Juniansyah, menjadi andalan baru Merah Putih di kelas 85kg. Angkat besi juga menurunkan Rahmat Erwin Abdullah, peraih medali emas Asian Games 2023 kelas 73kg putra. Cabor lainnya yang juga bisa mendongkrak perolehan emas Indonesia yaitu panjat tebing. Ketua Umum Federasi Panjat Tebing Indonesia (FPTI) Yenny Wahid memasang target tiga medali. Dua di antaranya nomor speed putra dan speed putri. Nama Veddriq Leonardo, peraih medali emas Olimpiade Paris, dan Desak Made Rita Kusuma Dewi. Dia bukan nama baru di podium. Berbagai torehan emas berhasil dicatatkan. Mulai dari emas Kejuaraan Dunia Panjat Tebing 2026, World Climbing Series Krakow, hingga emas Asian Games 2023. Tapi tak tertutup kemungkinan nomor Lead juga bisa memberikan kejutan medali bagi Indonesia.  Sementara di edisi terakhir, Indonesia sukses merebut tujuh medali emas. Terdiri dari cabor menembak (dua emas), wushu, balap sepeda, angkat besi, panjat tebing, dan perahu naga. ","['indonesiabersiap', 'menujuasian', 'games', 'multiajang', 'olahraga', 'besar', 'seasia', 'merah', 'putih', 'target', 'empatmedali', 'emasdari', 'indonesia', 'kirim', 'atlet', 'cabang', 'olahragamenpora', 'erick', 'thohirmengatakan', 'target', 'indonesia', 'asi', 'games', 'nagoya', 'jepang', 'realistis', 'banding', 'edisi', 'hasil', 'pantau', 'diskusi', 'ketua', 'koi', 'chief', 'de', 'mission', 'ya', 'emas', 'sebanyakbanyaknya', 'kemarin', 'hangzhou', 'china', 'medali', 'emas', 'erick', 'scroll', 'to', 'continue', 'with', 'content', 'sadar', 'nomor', 'andal', 'indonesia', 'tanding', 'pengaruh', 'target', 'harap', 'ya', 'politik', 'olahraga', 'nomor', 'hilang', 'dragonboat', 'hilang', 'tembak', 'tanding', 'realitas', 'kondisi', 'ya', 'emas', 'target', 'cabangcabang', 'paham', 'beda', 'olimpiade', 'bulutangkis', 'panjat', 'tebing', 'angkat', 'besi', 'erick', 'bulutangkis', 'pbsi', 'target', 'medali', 'emas', 'nomor', 'andal', 'regu', 'putra', 'pbsi', 'komposisi', 'gabung', 'main', 'pelatnas', 'nonpelatnas', 'faktor', 'alam', 'kuat', 'tim', 'bulutangkis', 'indonesia', 'indonesia', 'jonatan', 'christie', 'main', 'peringkat', 'dunia', 'alam', 'gudang', 'single', 'event', 'multievent', 'raih', 'medali', 'emas', 'asi', 'games', 'bahu', 'bahu', 'alwi', 'farhan', 'moh', 'zaki', 'ubaidillah', 'muhamad', 'yusuf', 'tambah', 'nomor', 'ganda', 'fajar', 'alfianmuhammad', 'shohibul', 'fikri', 'leo', 'rolly', 'carnandodaniel', 'marthin', 'nikolaus', 'joaquin', 'amri', 'syahnawi', 'bulutangkis', 'indonesia', 'tumpu', 'cabor', 'angkat', 'besi', 'raih', 'medali', 'emas', 'olimpiade', 'rizki', 'juniansyah', 'andal', 'merah', 'putih', 'kelas', 'kg', 'angkat', 'besi', 'turun', 'rahmat', 'erwin', 'abdullah', 'raih', 'medali', 'emas', 'asi', 'games', 'kelas', 'kg', 'putra', 'cabor', 'dongkrak', 'oleh', 'emas', 'indonesia', 'panjat', 'tebing', 'ketua', 'federasi', 'panjat', 'tebing', 'indonesia', 'fpti', 'yenny', 'wahid', 'pasang', 'target', 'medali', 'nomor', 'speed', 'putra', 'speed', 'putri', 'nama', 'veddriq', 'leonardo', 'raih', 'medali', 'emas', 'olimpiade', 'paris', 'desak', 'made', 'rita', 'kusuma', 'dewi', 'nama', 'podium', 'toreh', 'emas', 'hasil', 'catat', 'emas', 'juara', 'dunia', 'panjat', 'tebing', 'world', 'climbing', 'series', 'krakow', 'emas', 'asi', 'games', 'tutup', 'nomor', 'lead', 'kejut', 'medali', 'indonesia', 'edisi', 'indonesia', 'sukses', 'rebut', 'tujuh', 'medali', 'emas', 'cabor', 'tembak', 'emas', 'wushu', 'balap', 'sepeda', 'angkat', 'besi', 'panjat', 'tebing', 'perahu', 'naga']",Sport
"Pelatih Kepala Tunggal Putri IndonesiaImam Toharimenyebut medali menjadi target realistis atletnya diAsian Games 2026.Baik nomor beregu maupun perorangan. Tunggal putri menurunkan empat wakil di multievent Asia yang berlangsung di Aichi-Nagoya, 19 September hingga 4 Oktober mendatang. Selain Putri Kusuma Wardani yang menjadi andalan, ada tiga pemain muda yaitu Thalita R. Wiryawan, Ni Kadek Dhinda, dan Mutiara Ayu Puspitasari. Ketiganya akan menjalani debutan di multievent empat tahunan tersebut. SCROLL TO CONTINUE WITH CONTENT Sebab masih baru, Imam memang tak memasang target muluk-muluk. Namun, ia tetap berharap ada medali yang dipersembahkan atlet-atletnya. ""Kalau di nomor beregu kami ingin dapat medali. Saya enggak ngomong medali warna apa ya. Dan jika dapat mungkin untuk tim putri sudah luar biasa. Begitu pun di perorangan juga medali. Itu target realistis,"" kata Imam saat ditemui di Pelatnas PBSI, Cipayung, Kamis (10/9/2026).  Menembus itu, Imam telah membekali atletnya dengan berbagai persiapan baik dari segi fisik maupun teknik. Secara khusus untuk Putri, dia juga melihat tak ada kendala signifikan. Imam cuma berharap agar pemain peringkat tujuh dunia tersebut bisa lebih konsisten. Serta memanfaatkan momentum Asian Games ini agar tampil lebih baik. ""Sampai detik ini pun Putri masih butuh konsistensi di pertandingannya. Contoh, di Jepang dia tampil bagus sekali, tapi di Kejuaraan Dunia apa yang kita harapkan tidak sesuai,"" Imam menjelaskan. ""Ya (mungkin) terbebani juga karena kan dia juga memang satu-satunya (andalan tunggal putri) ya. Jadi dia yang selalu diharapkan. Saya selalu ngomong juga dengan Putri. Ya mau enggak mau memang harus dilawan."" ""Nah ini menurut saya sih tinggal menunggu waktu saja. Begitu ada momennya dan ketemu, itu yang harus dipertahankan konsistensinya,"" tegas Imam. ","['latih', 'kepala', 'tunggal', 'putri', 'indonesiaimam', 'toharimenyebut', 'medali', 'target', 'realistis', 'atlet', 'asi', 'games', 'nomor', 'regu', 'orang', 'tunggal', 'putri', 'turun', 'wakil', 'multievent', 'asia', 'aichinagoya', 'september', 'oktober', 'putri', 'kusuma', 'wardani', 'andal', 'main', 'muda', 'thalita', 'r', 'wiryawan', 'ni', 'kadek', 'dhinda', 'mutiara', 'ayu', 'puspitasari', 'tiga', 'jalan', 'debut', 'multievent', 'tahun', 'scroll', 'to', 'continue', 'with', 'content', 'imam', 'pasang', 'target', 'mulukmuluk', 'harap', 'medali', 'sembah', 'atletatletnya', 'nomor', 'regu', 'medali', 'ngomong', 'medali', 'warna', 'ya', 'tim', 'putri', 'orang', 'medali', 'target', 'realistis', 'imam', 'temu', 'pelatnas', 'pbsi', 'cipayung', 'kamis', 'tembus', 'imam', 'bekal', 'atlet', 'siap', 'segi', 'fisik', 'teknik', 'khusus', 'putri', 'kendala', 'signifikan', 'imam', 'harap', 'main', 'peringkat', 'tujuh', 'dunia', 'konsisten', 'manfaat', 'momentum', 'asi', 'games', 'tampil', 'detik', 'putri', 'butuh', 'konsistensi', 'tanding', 'contoh', 'jepang', 'tampil', 'bagus', 'juara', 'dunia', 'harap', 'sesuai', 'imam', 'ya', 'beban', 'satusatunya', 'andal', 'tunggal', 'putri', 'ya', 'harap', 'ngomong', 'putri', 'ya', 'lawan', 'sih', 'tinggal', 'tunggu', 'momen', 'ketemu', 'tahan', 'konsistensi', 'imam']",Sport
"Tim bulutangkis Indonesia akan menjalani training camp (TC) di Tokyo sebelum bertolak ke Nagoya, Jepang, untuk menghadapi Asian Games 2026. Rombongan dijadwalkan terbang pada Sabtu (12/9/2026). Kepala Pelatih Tunggal Putri Indonesia Imam Tohari menilai keberangkatan lebih awal penting bagi para atlet. Mereka bisa memanfaatkan waktu tersebut untuk beradaptasi dengan kondisi dan cuaca di Jepang sebelum bertanding. ""Sebenarnya untuk (adaptasi) cuaca. Tapi TC (yang akan dilakukan) ini kan bukan yang satu atau dua minggu ke atas. Enggak. Ini hanya beberapa hari. Tapi bagi saya sebagai pelatih ini sangat bagus sekali,"" kata Imam di Pelatnas PBSI, Cipayung, Kamis (10/9/2026). SCROLL TO CONTINUE WITH CONTENT Menurut Imam, keberangkatan lebih awal bisa mengurangi risiko atlet langsung bertanding setelah tiba di Jepang. ""Daripada kita berangkat ke sana, ada cuma beberapa, mungkin ada tiga hari, tahu-tahu kita sudah harus fight di pertandingan juga. Agak riskan menurut saya. Ya contohnya ada makanan enggak cocok. Tapi kalau menurut saya sih kalau Jepang sih cocok semua ya. Cuaca, lapangan, terus keadaan suatu tempat. Itu, tujuannya itu sih,"" lanjutnya. Meski adaptasi menjadi salah satu tujuan TC, Imam menyebut tidak ada antisipasi berlebihan terkait cuaca. Menurutnya, kondisi di Jepang saat ini tidak jauh berbeda dengan Jakarta. ""Saya rasa di sana juga enggak beda jauh. Mungkin antara 20 sampai 30 derajat. Panas pun mungkin enggak yang sampai 35 derajat. Jadi di sini juga memang lagi panas, ya kebetulan hampir sama lah dengan Jepang,"" tuturnya. Dengan kondisi yang dinilai relatif mirip, Imam berharap para atlet bisa lebih cepat beradaptasi. Dengan begitu, mereka dapat langsung fokus menghadapi pertandingan di Asian Games 2026. Asian Games 2026 akan berlangsung di Aichi-Nagoya, Jepang, pada 19 September hingga 4 Oktober 2026. PBSI menurunkan 20 pemain untuk tampil di nomor beregu dan perorangan.","['tim', 'bulutangkis', 'indonesia', 'jalan', 'training', 'camp', 'tc', 'tokyo', 'tolak', 'nagoya', 'jepang', 'hadap', 'asi', 'games', 'rombong', 'jadwal', 'terbang', 'sabtu', 'kepala', 'latih', 'tunggal', 'putri', 'indonesia', 'imam', 'tohari', 'nilai', 'berangkat', 'atlet', 'manfaat', 'adaptasi', 'kondisi', 'cuaca', 'jepang', 'tanding', 'adaptasi', 'cuaca', 'tc', 'minggu', 'latih', 'bagus', 'imam', 'pelatnas', 'pbsi', 'cipayung', 'kamis', 'scroll', 'to', 'continue', 'with', 'content', 'imam', 'berangkat', 'kurang', 'risiko', 'atlet', 'langsung', 'tanding', 'jepang', 'berangkat', 'tahutahu', 'fight', 'tanding', 'riskan', 'ya', 'contoh', 'makan', 'cocok', 'sih', 'jepang', 'sih', 'cocok', 'ya', 'cuaca', 'lapang', 'tuju', 'sih', 'adaptasi', 'salah', 'tuju', 'tc', 'imam', 'sebut', 'antisipasi', 'kait', 'cuaca', 'turut', 'kondisi', 'jepang', 'beda', 'jakarta', 'beda', 'derajat', 'panas', 'derajat', 'panas', 'ya', 'jepang', 'kondisi', 'nilai', 'relatif', 'imam', 'harap', 'atlet', 'cepat', 'adaptasi', 'langsung', 'fokus', 'hadap', 'tanding', 'asi', 'games', 'asi', 'games', 'aichinagoya', 'jepang', 'september', 'oktober', 'pbsi', 'turun', 'main', 'tampil', 'nomor', 'regu', 'orang']",Sport
"Nikolaus Joaquin/Siti Fadia Silva Ramadhantijadi pasangan dadakan diAsian Games 2026.Mereka siap bikin kejutan! PBSImembuat kejutan dengan membentuk pasangan dadakan Nikolaus Joaquin/Siti Fadia Silva Ramadhanti sebagai ganda campuran. Keduanya digabungnya untuk mengisi slot yang kosong. Bagi Joaquin dan Fadia, kesempatan ini tak mau mereka sia-siakan. Mereka bakal memanfaatkan kondisi ini sebagai momentum bikin kejutan di multievent terbesar se-Asia tersebut. SCROLL TO CONTINUE WITH CONTENT ""Awalnya memang kita kan fokusnya di beregunya. Dan kebetulan slot mixednya kosong satu, ya kami mengisi,"" ujar Joaquin saat ditemui di Pelatnas PBSI, Cipayung, Kamis (10/9/2026).  Fadia juga membenarkan. Namun, mereka bakal difokuskan ke nomor beregu dulu, sebelum ke perorangan. ""Kan kita fokus di beregu dulu. Karena Joaquin dan saya dibutuhkan tim juga. Mungkin dia juga sudah dikasih tau Coach Anton, saya juga dikasih tau Kak Karel. Jadi buat berangkat fokus beregu dulu, baru setelah itu persiapan individu,"" jelas Fadia. Meski dadakan, Joaquin/Fadia mengaku sudah latihan bersama hampir tiga pekan. Kondisi itu pula yang membuat kekompakan keduanya semakin menyatu. ""Joaquin semangat banget jadi saya keikut juga,"" kata Fadia.  Menyoal peluang diAsian Games 2026,keduanya memilih tidak mau terbebani. Meskipun secara peta persaingan, mereka punya kans besar karena belum terbaca oleh lawan-lawan murni ganda campuran. ""Kalau peluang sih enggak memikirkan ke sana, yang penting saya sama Kak Fadia secara chemistry kami lebih fokus berdua dulu, baru pikirin lawannya,"" ujar Joaquin. ""Mungkin lawan akan kaget juga. Ya benar kata Joaquin memaksimalkan kesempatan yang ada. Kami siap mati-matian lawan siapapun,"" Fadia menimpali.  Kendati demikian, Joaquin dan Fadia tak ingin cuma sebagai sekadar pelengkap. Target mereka juga jelas, ingin bawa pulang medali. ""Ya ingin lah (medali). Siapa yang tidak ingin. Apalagi bonus 3M? Aduh iya makin semangat. Tapi satu-satu saja,"" ucap Joaquin kemudian tertawa. Begitu pun soal nasib ke depan. Keduanya belum mau berpikir jauh. ""Enggak ada yang tahu ya, kalau hasilnya bagus. Tahu-tahu kita juara? Amin. Siapa tahu. Tapi kami fokus di depan mata dulu,"" pungkas Fadia.","['nikolaus', 'joaquinsiti', 'fadia', 'silva', 'ramadhantijadi', 'pasang', 'dada', 'asi', 'games', 'bikin', 'kejut', 'pbsimembuat', 'kejut', 'bentuk', 'pasang', 'dada', 'nikolaus', 'joaquinsiti', 'fadia', 'silva', 'ramadhanti', 'ganda', 'campur', 'gabung', 'isi', 'slot', 'kosong', 'joaquin', 'fadia', 'sempat', 'siasiakan', 'manfaat', 'kondisi', 'momentum', 'bikin', 'kejut', 'multievent', 'besar', 'seasia', 'scroll', 'to', 'continue', 'with', 'content', 'fokus', 'regu', 'slot', 'mixednya', 'kosong', 'ya', 'isi', 'joaquin', 'temu', 'pelatnas', 'pbsi', 'cipayung', 'kamis', 'fadia', 'benar', 'fokus', 'nomor', 'regu', 'orang', 'fokus', 'regu', 'joaquin', 'butuh', 'tim', 'kasih', 'tau', 'coach', 'anton', 'kasih', 'tau', 'kak', 'karel', 'berangkat', 'fokus', 'regu', 'siap', 'individu', 'fadia', 'dada', 'joaquinfadia', 'aku', 'latih', 'pekan', 'kondisi', 'kompak', 'satu', 'joaquin', 'semangat', 'banget', 'ikut', 'fadia', 'soal', 'peluang', 'asi', 'games', 'pilih', 'beban', 'peta', 'saing', 'kans', 'baca', 'lawanlawan', 'murni', 'ganda', 'campur', 'peluang', 'sih', 'pikir', 'kak', 'fadia', 'chemistry', 'fokus', 'dua', 'pikirin', 'lawan', 'joaquin', 'lawan', 'kaget', 'ya', 'joaquin', 'maksimal', 'sempat', 'matimatian', 'lawan', 'fadia', 'timpal', 'kendati', 'joaquin', 'fadia', 'lengkap', 'target', 'bawa', 'pulang', 'medali', 'ya', 'medali', 'bonus', 'm', 'aduh', 'iya', 'semangat', 'satusatu', 'joaquin', 'tertawa', 'nasib', 'pikir', 'ya', 'hasil', 'bagus', 'tahutahu', 'juara', 'amin', 'fokus', 'mata', 'pungkas', 'fadia']",Sport
"KotaNagoyadi Jepang selaku tuan rumahAsian Games 2026sempat diterjang banjir. Namun ajang multievent itu dipastikan aman. Dilansir dari Reuters, pada hari Selasa (8/9) hujan lebat sampai banjir melanda Nagoya di Prefektur Aichi. Dilaporkan, empat orang mengalami luka ringan, sementara sekitar 2.700 orang telah mengungsi ke tempat penampungan. Air hujan juga merembes masuk ke sejumlah lokasi penyelenggaraan Asian Games di Nagoya menjelang pembukaan kompetisi pada 19 September. Sekitar 400 orang, termasuk staf dan atlet dari berbagai negara, harus dievakuasi. SCROLL TO CONTINUE WITH CONTENT  Pada Rabu (9/10) Walikota Nagoya, Ichiro Hirosawa menyebut banjir telah surut. AjangAsian Games 2026dipastikan aman berjalan, serta tidak ada atlet yang terluka. ""Situasinya tidak cukup parah untuk mengancam pembukaan ajang ini pada tanggal 19,"" Ichiro. ""Berdasarkan situasi saat ini, saya yakin tidak akan ada masalah dalam penyelenggaraan Asian Games,"" tegasnya.  Ichiro terus memantau perkembangan hujan dan potensi banjir. Sekali lagi, dirinya tegaskan Asian Games 2026 akan berjalan tepat waktu. ""Berdasarkan informasi yang kami miliki saat ini, saya yakin kami akan dapat menyelenggarakan ajang ini tanpa penundaan,"" tutupnya.  Simak juga Video Bicara Kesiapan Atlet untuk Asian Games, Mensesneg: Persiapan Sangat Baik  [Gambas:Video 20detik]  ","['kotanagoyadi', 'jepang', 'tuan', 'rumahasian', 'games', 'terjang', 'banjir', 'ajang', 'multievent', 'aman', 'lansir', 'reuters', 'selasa', 'hujan', 'lebat', 'banjir', 'landa', 'nagoya', 'prefektur', 'aichi', 'lapor', 'orang', 'alami', 'luka', 'ringan', 'orang', 'ungsi', 'tampung', 'air', 'hujan', 'rembes', 'masuk', 'lokasi', 'selenggara', 'asi', 'games', 'nagoya', 'jelang', 'buka', 'kompetisi', 'september', 'orang', 'staf', 'atlet', 'negara', 'evakuasi', 'scroll', 'to', 'continue', 'with', 'content', 'rabu', 'walikota', 'nagoya', 'ichiro', 'hirosawa', 'sebut', 'banjir', 'surut', 'ajangasian', 'games', 'aman', 'jalan', 'atlet', 'luka', 'situasi', 'parah', 'ancam', 'buka', 'ajang', 'tanggal', 'ichiro', 'dasar', 'situasi', 'selenggara', 'asi', 'games', 'ichiro', 'pantau', 'kembang', 'hujan', 'potensi', 'banjir', 'tegas', 'asi', 'games', 'jalan', 'dasar', 'informasi', 'milik', 'selenggara', 'ajang', 'tunda', 'tutup', 'simak', 'video', 'bicara', 'kesiap', 'atlet', 'asi', 'games', 'mensesneg', 'siap', 'gambasvideo', 'detik']",Sport
"Moh. Zaki Ubaidillahakan menjalani debutnya diAsian Games 2026 Aichi-Nagoya.Pemain tunggal putra andalan Indonesia itu sudah tak sabar ingin segera bertanding dan menyumbang poin untuk tim beregu putra. PBSIsendiri memasang target satu medali emas di multievent terbesar se-Asia ini. Nomor beregu putra menjadi salah satu sektor yang diandalkan, selain tunggal putra. Di beregu putra, Ubed akan bahu-membahu dengan Jonatan Christie, Alwi Farhan, dan Muhamad Yusuf. Ubed mengaku antusias menyambut Asian Games pertamanya bersama Merah Putih. SCROLL TO CONTINUE WITH CONTENT ""Saya senang bisa bermain di Asian Games untuk pertama kali. Ya, kalau dari saya pastinya enggak sabar ingin main. Apalagi di beregu enggak mau kalahnya besar juga. Ada tim juga support di belakang. Pasti mau menangnya ada,"" kata Ubed saat ditemui di Pelatnas PBSI, Cipayung, Kamis (10/9/2026).  Soal persiapan, Ubed menyebut tidak ada program latihan khusus. ""Saya hanya perlu meningkatkan daya tahan saya. Saya sudah banyak berlatih di lapangan. Kondisi fisik saya bagus,"" jelas juara Thailand Masters 2026 ini. Ubed sadar beban dan persaingan di Asian Games tidak ringan. Tapi ia memilih menjadikannya motivasi. ""Beban pasti ada. Ya semoga bisa lebih menikmati di setiap pertandingan bersama tim. Pastinya persaingannya ketat, jadi tidak mudah bagi saya. Ya jadi tantangan bagi saya,"" ujarnya.  Untuk kesiapan mental, Ubed juga banyak belajar dari pengalaman sebelumnya. Ia sudah pernah tampil di Kejuaraan Asia, dan SEA Games 2025. ""Kalau saya pasti belajar dari kekalahan-kekalahan sebelumnya. Ya banyak yang harus dievaluasi, pasti ingin kasih yang terbaik di match berikutnya. Jangan mengulang kesalahan sebelumnya,"" tegasnya. Dengan dukungan tim di belakang, Ubed bertekad memberikan yang terbaik di debutnya. ""Ya, kalau dari saya pastinya enggak sabar ingin main. Apalagi di beregu enggak mau kalahnya besar juga. Ada tim juga support di belakang. Pasti mau menangnya ada,"" pungkas runner up SEA Games 2025 ini.  Tonton juga Video Lihat Lagi Momen Selebrasi Ubed di Thomas Cup  [Gambas:Video 20detik]  ","['moh', 'zaki', 'ubaidillahakan', 'jalan', 'debut', 'asi', 'games', 'aichinagoyapemain', 'tunggal', 'putra', 'andal', 'indonesia', 'sabar', 'tanding', 'sumbang', 'poin', 'tim', 'regu', 'putra', 'pbsisendiri', 'pasang', 'target', 'medali', 'emas', 'multievent', 'besar', 'seasia', 'nomor', 'regu', 'putra', 'salah', 'sektor', 'andal', 'tunggal', 'putra', 'regu', 'putra', 'ubed', 'bahumembahu', 'jonatan', 'christie', 'alwi', 'farhan', 'muhamad', 'yusuf', 'ubed', 'aku', 'antusias', 'sambut', 'asi', 'games', 'pertama', 'merah', 'putih', 'scroll', 'to', 'continue', 'with', 'content', 'senang', 'main', 'asi', 'games', 'kali', 'ya', 'pasti', 'sabar', 'main', 'regu', 'kalah', 'tim', 'support', 'menang', 'ubed', 'temu', 'pelatnas', 'pbsi', 'cipayung', 'kamis', 'siap', 'ubed', 'sebut', 'program', 'latih', 'khusus', 'tingkat', 'daya', 'tahan', 'latih', 'lapang', 'kondisi', 'fisik', 'bagus', 'juara', 'thailand', 'masters', 'ubed', 'sadar', 'beban', 'saing', 'asi', 'games', 'ringan', 'pilih', 'jadi', 'motivasi', 'beban', 'ya', 'moga', 'nikmat', 'tanding', 'tim', 'pasti', 'saing', 'ketat', 'mudah', 'ya', 'tantang', 'kesiap', 'mental', 'ubed', 'ajar', 'alam', 'tampil', 'juara', 'asia', 'sea', 'games', 'ajar', 'kekalahankekalahan', 'ya', 'evaluasi', 'kasih', 'baik', 'match', 'ulang', 'salah', 'dukung', 'tim', 'ubed', 'tekad', 'baik', 'debut', 'ya', 'pasti', 'sabar', 'main', 'regu', 'kalah', 'tim', 'support', 'menang', 'pungkas', 'runner', 'up', 'sea', 'games', 'tonton', 'video', 'lihat', 'momen', 'selebrasi', 'ubed', 'thomas', 'cup', 'gambasvideo', 'detik']",Sport
"Dua petenis Indonesia,Muhammad Rifqi FitriadidanRafalentino Ali Da Costa, melangkah keBabak Kedua Seri V Men's World Tennis Championship 2026. Pada laga Babak pertama tunggal putra ITF World Tennis Tour M-15 di Bali Beach Country Club, Nusa Dua, Rabu (9/9/2026) Rafalentino menghadapi petenis India Shanker Heisnam. Petenis 16 tahun itu dengan mudah menang dua set langsung, 6-4 dan 6-1, dalam tempo 59 menit. Ini mengulangi kemenangan atas Shanker di seri IV pekan lalu. SCROLL TO CONTINUE WITH CONTENT ""Saya sudah mengalahkan Shanker pekan lalu sehingga termotivasi untuk mengulanginya. Saya tetap bermain tanpa beban di babak berikutnya dan fokus dengan strategi agar mendapat hasil maksimal,"" ujar Rafalentino dalam rilis kepadadetikSport.  Langkah serupa dilakoni Rifqi Fitriadi yang bermain di lapangan F menghadapi wakil Swedia Eric Ahren Moonga. Rifqi dengan karakternya menyerang dari garis belakang mendominasi permainan sebelum menang 6-2 dan 6-2 dalam tempo 1 jam 8 menit. Pada babak kedua, Rifqi bertemu petenis kualifikasi asal Australia Hayden Jones yang menang 6-1 6-1 dari Raghav Jaysinghani. Sementara itu tuan rumah harus kehilangan satu wakilnya di babak utama, setelah perjuangan Anthony Susanto selama 2 jam 53 menit saat menantang unggulan keenam asal Selandia Baru, Isaac Becroft, gagal membuahkan kemenangan. Keunggulan 7-6 tiebreak 4 di set pertama, ternyata tak mampu di pertahankan oleh petenis 29 tahun itu. Isaac yang merupakan runner-up Seri IV menang rubber rame 6-2 dan 7-5. ","['tenis', 'indonesiamuhammad', 'rifqi', 'fitriadidanrafalentino', 'ali', 'da', 'costa', 'lang', 'babak', 'seri', 'v', 'mens', 'world', 'tennis', 'championship', 'laga', 'babak', 'tunggal', 'putra', 'itf', 'world', 'tennis', 'tour', 'm', 'bal', 'beach', 'country', 'club', 'nusa', 'rabu', 'rafalentino', 'hadap', 'tenis', 'india', 'shanker', 'heisnam', 'tenis', 'mudah', 'menang', 'set', 'langsung', 'tempo', 'menit', 'ulang', 'menang', 'shanker', 'seri', 'iv', 'pekan', 'scroll', 'to', 'continue', 'with', 'content', 'kalah', 'shanker', 'pekan', 'motivasi', 'ulang', 'main', 'beban', 'babak', 'fokus', 'strategi', 'hasil', 'maksimal', 'rafalentino', 'rilis', 'kepadadetiksport', 'langkah', 'lakon', 'rifqi', 'fitriadi', 'main', 'lapang', 'f', 'hadap', 'wakil', 'swedia', 'eric', 'ahren', 'moonga', 'rifqi', 'karakter', 'serang', 'garis', 'dominasi', 'main', 'menang', 'tempo', 'jam', 'menit', 'babak', 'rifqi', 'temu', 'tenis', 'kualifikasi', 'australia', 'hayden', 'jones', 'menang', 'raghav', 'jaysinghani', 'tuan', 'rumah', 'hilang', 'wakil', 'babak', 'utama', 'juang', 'anthony', 'susanto', 'jam', 'menit', 'tantang', 'unggul', 'enam', 'selandia', 'isaac', 'becroft', 'gagal', 'buah', 'menang', 'unggul', 'tiebreak', 'set', 'tahan', 'tenis', 'isaac', 'runnerup', 'seri', 'iv', 'menang', 'rubber', 'rame']",Sport
"Audisi Umum PB Djarum 2026 sedang berlangsung di Kudus.Kevin Sanjayajadi teringat momen saat dirinya berupaya mengejar mimpi. Audisi Umum PB Djarum 2026 Kudus dihelat di GOR Djarum, Jati, pada Rabu (9/9) hingga Minggu (13/9). Tak kurang, sebanyak 1.601 peserta yang berasal dari berbagai penjuru Indonesia mulai dari Sumatera hingga Papua. Mantan atlet bulutangkis Indonesia ternama, Kevin Sanjaya, ikut terlibat dalam Tim Pencari Bakat PB Djarum. Dia juga merupakan sosok legenda di PB Djarum. SCROLL TO CONTINUE WITH CONTENT ""Hadir di GOR Jati membuat saya bernostalgia semasa pertama kali mengikuti Audisi Umum PB Djarum di tahun 2006 lalu. Saya senang melihat perjuangan adik-adik yang begitu gigih. Menurut saya, mentalitas bertanding dan siap akan hasil apapun di lapangan menjadi poin penting untuk menjadi pebulutangkis andal. Jadi antara keinginan untuk menang dan rasa takut kalah itu harus seimbang,"" kata Kevin dalam rilis yang diterima detikSport. ""Melihat antusiasme yang luar biasa dari adik-adik di audisi kali ini, saya rasa ini merupakan angin segar bagi regenerasi bulutangkis kita karena merekalah calon-calon pahlawan olahraga untuk Indonesia di masa depan,"" sambungnya. Para bibit potensial ini tersebar di tiga kategori usia yaitu U-11, KU-11, dan KU-12 baik putra maupun putri. Adapun Kudus menjadi kota ketiga pelaksanaan proses seleksi pebulutangkis muda berkualitas super setelah lebih dahulu diadakan di Pekanbaru (Juli) dan Makassar (Agustus). ""Bertepatan dengan Hari Olahraga Nasional, kami ingin terus mengambil peran dalam mendukung kemajuan olahraga Indonesia melalui pembinaan atlet sejak usia dini. Audisi Umum PB Djarum menjadi salah satu langkah untuk menemukan talenta-talenta muda potensial dari berbagai daerah,"" kata Program Director Bakti Olahraga Djarum Foundation sekaligus Ketua PB Djarum, Yoppy Rosimin.","['audisi', 'pb', 'djarum', 'kuduskevin', 'sanjayajadi', 'momen', 'upaya', 'kejar', 'mimpi', 'audisi', 'pb', 'djarum', 'kudus', 'helat', 'gor', 'djarum', 'jati', 'rabu', 'minggu', 'serta', 'asal', 'penjuru', 'indonesia', 'sumatera', 'papua', 'mantan', 'atlet', 'bulutangkis', 'indonesia', 'nama', 'kevin', 'sanjaya', 'libat', 'tim', 'cari', 'bakat', 'pb', 'djarum', 'sosok', 'legenda', 'pb', 'djarum', 'scroll', 'to', 'continue', 'with', 'content', 'hadir', 'gor', 'jati', 'nostalgia', 'kali', 'ikut', 'audisi', 'pb', 'djarum', 'senang', 'juang', 'adikadik', 'gigih', 'mentalitas', 'tanding', 'hasil', 'apa', 'lapang', 'poin', 'pebulutangkis', 'andal', 'menang', 'takut', 'kalah', 'imbang', 'kevin', 'rilis', 'terima', 'detiksport', 'antusiasme', 'adikadik', 'audisi', 'kali', 'angin', 'segar', 'regenerasi', 'bulutangkis', 'caloncalon', 'pahlawan', 'olahraga', 'indonesia', 'sambung', 'bibit', 'potensial', 'sebar', 'kategori', 'usia', 'u', 'ku', 'ku', 'putra', 'putri', 'kudus', 'kota', 'tiga', 'laksana', 'proses', 'seleksi', 'pebulutangkis', 'muda', 'kualitas', 'super', 'ada', 'pekanbaru', 'juli', 'makassar', 'agustus', 'tepat', 'olahraga', 'nasional', 'ambil', 'peran', 'dukung', 'maju', 'olahraga', 'indonesia', 'bina', 'atlet', 'usia', 'audisi', 'pb', 'djarum', 'salah', 'langkah', 'temu', 'talentatalenta', 'muda', 'potensial', 'daerah', 'program', 'director', 'bakti', 'olahraga', 'djarum', 'foundation', 'ketua', 'pb', 'djarum', 'yoppy', 'rosimin']",Sport
"Modern Pentathlonakan dipertandingkan dalam momen Hari Ulang Tahun (HUT) TNI ke-81. Ketua Umum Pengurus Pusat Modern Pentathlon Indonesia (PP MPI), Marsekal Muda (Marsda) TNI Purwoko Aji Prabowo, menyampaikan apresiasi. Modern Pentathlon adalah cabang olahraga Olimpiade yang menggabungkan lima disiplin berbeda: anggar, renang, lari, menembak, dan rintangan (obstacle) yang menggantikan disiplin berkuda mulai tahun 2025. Modern Pentathlon Indonesia Open 2026 yang memperebutkan Piala Panglima TNI ini dijadwalkan akan berlangsung di Akademi Angkatan Udara (AAU) Yogyakarta, 23-25 September 2026. SCROLL TO CONTINUE WITH CONTENT ""Merupakan suatu kehormatan modern pentathlon menjadi satu dari delapan cabang olahraga yang dipertandingkan dalam rangka memperingati HUT ke-81 TNI tahun 2026. Kami siap mensukseskan Modern Pentathlon Indonesia Open 2026 memperebutkan Piala Panglima TNI,"" kata Purwoko Aji Prabowo yang mendampingi Panglima Koopsudnas (Pangkoopsudnas) Marsekal Madya (Marsdya) TNI Minggit Tribowo. ""Keberadaan Modern Pentathlon Indonesia Open 2026 ini mewujudkan keinginan kami untuk terus menggemakan pembinaan Modern Pentathlon yang mampu membentuk karakter generasi muda yang berdisiplin tinggi, berdaya juang, dan bertalenta juara,"" sambungnya dalam wawancara dengan medai di Ruang Leo Watimena Koopsudnas, Lanud Halim Perdanakusuma, Jakarta Timur, Selasa (8/9/2026). Purwoko Aji Prabowo juga menyampaikan kabar gembira bagi para atlet muda Modern Pentathlon yang tampil dalam perebutan Piala Panglima TNI. Dia memastikan PP MPI akan mengawal serta memfasilitasi para pemenang di kategori U-19 yang memiliki minat untuk melanjutkan karier di dunia militer melalui jalur prestasi.  ""Kami membuka kesempatan bagi para juara di kategori U-19, jika tertarik bergabung menjadi anggota TNI, akan coba kami fasilitasi. Kesempatan dari Panglima TNI ini terbuka lebar bagi bibit-bibit muda berprestasi,"" pungkas Marsda TNI Purwoko Aji. Kejuaraan Piala Panglima TNI 2026 membuka persaingan untuk kategori Senior serta U-19 (putra dan putri). Tiga nomor utama yang siap menguji ketahanan fisik dan mental para atlet meliputi: Pentathlon, Triathle, dan Biathle. Lebih jauh Purwoko Aji menyampaiakan, perkembangan prestasi Modern Pentathlon Indonesia mengalami peningkatan prestasi cukup signifikan. Pada SEA Games Thailand 2025 lalu, Timnas Modern Pentathlon Indonesia telah menyumbangkan 1 medali emas, 3 perak, dan 1 perunggu. Kini, PP MPI sudah menyiapkan 5 atlet yang bakal tampil di Asian Games Aichi-Nagoya 2026. ""Kita sudah mempersiapkan kelima atlet Modern Petathlon Indonesia dengan maksimal sehingga bisa memberikan yang terbaik pada saat tampil di Asian Games 2026 nanti. Khusus Modern Pentathlon Indonesia Open 2026 ini, kita berharap muncul bibit-bibit potensial yang akan dibina untuk persiapan menghadapi single dan multi event internasional ke depan,"" tutupnya.","['modern', 'pentathlonakan', 'tanding', 'momen', 'ulang', 'hut', 'tni', 'ketua', 'urus', 'pusat', 'modern', 'pentathlon', 'indonesia', 'pp', 'mpi', 'marsekal', 'muda', 'marsda', 'tni', 'purwoko', 'aji', 'prabowo', 'apresiasi', 'modern', 'pentathlon', 'cabang', 'olahraga', 'olimpiade', 'gabung', 'disiplin', 'beda', 'anggar', 'renang', 'lari', 'tembak', 'rintang', 'obstacle', 'ganti', 'disiplin', 'kuda', 'modern', 'pentathlon', 'indonesia', 'open', 'rebut', 'piala', 'panglima', 'tni', 'jadwal', 'akademi', 'angkat', 'udara', 'aau', 'yogyakarta', 'september', 'scroll', 'to', 'continue', 'with', 'content', 'hormat', 'modern', 'pentathlon', 'delapan', 'cabang', 'olahraga', 'tanding', 'rangka', 'ingat', 'hut', 'tni', 'sukses', 'modern', 'pentathlon', 'indonesia', 'open', 'rebut', 'piala', 'panglima', 'tni', 'purwoko', 'aji', 'prabowo', 'damping', 'panglima', 'koopsudnas', 'pangkoopsudnas', 'marsekal', 'madya', 'marsdya', 'tni', 'minggit', 'tribowo', 'ada', 'modern', 'pentathlon', 'indonesia', 'open', 'wujud', 'gema', 'bina', 'modern', 'pentathlon', 'bentuk', 'karakter', 'generasi', 'muda', 'disiplin', 'daya', 'juang', 'talenta', 'juara', 'sambung', 'wawancara', 'medai', 'ruang', 'leo', 'watimena', 'koopsudnas', 'lanud', 'halim', 'perdanakusuma', 'jakarta', 'timur', 'selasa', 'purwoko', 'aji', 'prabowo', 'kabar', 'gembira', 'atlet', 'muda', 'modern', 'pentathlon', 'tampil', 'rebut', 'piala', 'panglima', 'tni', 'pp', 'mpi', 'awal', 'fasilitas', 'menang', 'kategori', 'u', 'milik', 'minat', 'lanjut', 'karier', 'dunia', 'militer', 'jalur', 'prestasi', 'buka', 'sempat', 'juara', 'kategori', 'u', 'tarik', 'gabung', 'anggota', 'tni', 'coba', 'fasilitas', 'sempat', 'panglima', 'tni', 'buka', 'lebar', 'bibitbibit', 'muda', 'prestasi', 'pungkas', 'marsda', 'tni', 'purwoko', 'aji', 'juara', 'piala', 'panglima', 'tni', 'buka', 'saing', 'kategori', 'senior', 'u', 'putra', 'putri', 'nomor', 'utama', 'uji', 'tahan', 'fisik', 'mental', 'atlet', 'liput', 'pentathlon', 'triathle', 'biathle', 'purwoko', 'aji', 'menyampaiakan', 'kembang', 'prestasi', 'modern', 'pentathlon', 'indonesia', 'alami', 'tingkat', 'prestasi', 'signifikan', 'sea', 'games', 'thailand', 'timnas', 'modern', 'pentathlon', 'indonesia', 'sumbang', 'medali', 'emas', 'perak', 'perunggu', 'pp', 'mpi', 'atlet', 'tampil', 'asi', 'games', 'aichinagoya', 'atlet', 'modern', 'petathlon', 'indonesia', 'maksimal', 'baik', 'tampil', 'asi', 'games', 'khusus', 'modern', 'pentathlon', 'indonesia', 'open', 'harap', 'muncul', 'bibitbibit', 'potensial', 'bina', 'siap', 'hadap', 'single', 'multi', 'event', 'internasional', 'tutup']",Sport
"Bank sentral Amerika Serikat (AS), Federal Reserve (The Fed), menaikkan suku bunga acuannya untuk pertama kali sejak Juli 2023. The Fed juga memberi sinyal masih ada peluang menaikkan suku bunga lagi hingga akhir tahun demi meredam inflasi. Suku bunga diputuskan naik sebesar 25 basis poin (bps) dalam pertemuan Rabu (16/9). Keputusan yang diambil dengan suara bulat 12-0 itu membuat suku bunga acuan The Fed naik ke kisaran 3,75-4%. ""Kebijakan hari ini akan mendukung kembalinya inflasi ke target Komite sebesar 2% secara lebih cepat. Komite akan mewujudkan stabilitas harga,"" kata Federal Open Market Committee (FOMC) dikutip dariCNBC, Kamis (17/9/2026). SCROLL TO CONTINUE WITH CONTENT  Ketua The Fed Kevin Warsh mengatakan inflasi AS sudah berada di level terlalu tinggi dalam waktu yang terlalu lama. The Fed ingin memastikan inflasi benar-benar bergerak menuju target 2%. Menurut Warsh, keputusan menaikkan suku bunga juga mempertimbangkan kondisi perekonomian AS yang masih kuat, termasuk pasar tenaga kerja. Di saat bersamaan, inflasi masih berada di atas target dan ketegangan di Timur Tengah turut menjadi perhatian. Kenaikan suku bunga sebenarnya sudah diperkirakan pelaku pasar. Sebelum keputusan diumumkan, pasar memperkirakan peluang kenaikan suku bunga mencapai lebih dari 90%. Inflasi AS yang masih tinggi menjadi salah satu faktor yang memperkuat ekspektasi tersebut. Ditambah lagi, pernyataan Warsh beberapa pekan sebelumnya telah memberi sinyal bahwa The Fed berpeluang kembali menaikkan suku bunga setelah terakhir kali melakukannya pada Juli 2023.  Pengetatan kebijakan moneter AS kemungkinan belum berakhir. Proyeksi terbaru The Fed menunjukkan mayoritas pejabatnya melihat peluang kenaikan suku bunga kembali hingga akhir 2026. Untuk tahun-tahun berikutnya, The Fed tidak memproyeksikan kenaikan suku bunga lebih lanjut. Proyeksi menunjukkan satu kali pemangkasan suku bunga pada 2028 dan setidaknya satu kali pemangkasan pada 2029. The Fed juga menaikkan proyeksi inflasi AS tahun ini. Inflasi berdasarkan indeks harga pengeluaran konsumsi pribadi (PCE) diperkirakan mencapai 3,7%, sedangkan PCE inti yang tidak memasukkan harga pangan dan energi diproyeksikan sebesar 3,4%.","['bank', 'sentral', 'amerika', 'serikat', 'as', 'federal', 'reserve', 'the', 'fed', 'naik', 'suku', 'bunga', 'acu', 'kali', 'juli', 'the', 'fed', 'sinyal', 'peluang', 'naik', 'suku', 'bunga', 'redam', 'inflasi', 'suku', 'bunga', 'putus', 'basis', 'poin', 'bps', 'temu', 'rabu', 'putus', 'ambil', 'suara', 'bulat', 'suku', 'bunga', 'acu', 'the', 'fed', 'kisar', 'bijak', 'dukung', 'kembali', 'inflasi', 'target', 'komite', 'cepat', 'komite', 'wujud', 'stabilitas', 'harga', 'federal', 'open', 'market', 'committee', 'fomc', 'kutip', 'daricnbc', 'kamis', 'scroll', 'to', 'continue', 'with', 'content', 'ketua', 'the', 'fed', 'kevin', 'warsh', 'inflasi', 'as', 'level', 'the', 'fed', 'inflasi', 'benarbenar', 'gerak', 'target', 'warsh', 'putus', 'naik', 'suku', 'bunga', 'timbang', 'kondisi', 'ekonomi', 'as', 'kuat', 'pasar', 'tenaga', 'kerja', 'sama', 'inflasi', 'target', 'tegang', 'timur', 'perhati', 'naik', 'suku', 'bunga', 'laku', 'pasar', 'putus', 'umum', 'pasar', 'peluang', 'naik', 'suku', 'bunga', 'capai', 'inflasi', 'as', 'salah', 'faktor', 'kuat', 'ekspektasi', 'tambah', 'nyata', 'warsh', 'pekan', 'sinyal', 'the', 'fed', 'peluang', 'naik', 'suku', 'bunga', 'kali', 'laku', 'juli', 'ketat', 'bijak', 'moneter', 'as', 'proyeksi', 'baru', 'the', 'fed', 'mayoritas', 'jabat', 'peluang', 'naik', 'suku', 'bunga', 'tahuntahun', 'the', 'fed', 'proyeksi', 'naik', 'suku', 'bunga', 'proyeksi', 'kali', 'mangkas', 'suku', 'bunga', 'kali', 'mangkas', 'the', 'fed', 'naik', 'proyeksi', 'inflasi', 'as', 'inflasi', 'dasar', 'indeks', 'harga', 'keluar', 'konsumsi', 'pribadi', 'pce', 'capai', 'pce', 'inti', 'masuk', 'harga', 'pangan', 'energi', 'proyeksi']",Finance
"Pemerintah sedang membuat aturan untuk mencegah pengguna BBM nonsubsidi beralih menggunakan BBM subsidi, alias dari Pertamax ke Pertalite. Menteri Energi dan Sumber Daya Mineral (ESDM) Bahlil Lahadalia mengatakan peralihan pengguna dari BBM nonsubsidi ke BBM subsidi menjadi salah satu penyebab terjadinya antrean di sejumlah SPBU secara nasional, termasuk antrean yang ada di Makassar. ""Ya memang kita lagi ada memformulasikan aturannya. Makanya dalam berbagai kesempatan kan saya menganjurkan agar saudara-saudara saya yang mampu, yang mobilnya bagus, tolonglah kita jangan sampai memakai BBM subsidi,"" ujar Bahlil saat ditemui di Gedung DPR, Jakarta, Rabu (16/9/2026). Selain adanya peralihan konsumsi, Bahlil bilang ada faktor lain yang membuat antrean pembelian BBM subsidi di SPBU yang ada di Sulawesi. Dalam kesempatan ini Bahlil tidak menjelaskan detail. Ia hanya menyampaikan ada pihak-pihak yang sengaja antre dengan maksud tertentu. SCROLL TO CONTINUE WITH CONTENT ""Kemudian yang terjadi di Sulawesi Selatan kemarin itu menjadi antrian panjang karena banyak faktor. Salah satu di antaranya adalah ada memang pihak-pihak, kan teman-teman media kan udah punya data. Ngantri di pompa bensin hanya untuk, ya ada maksud lain lah kira-kira begitu,"" katanya.  Ia memastikan bahwa saat ini tidak ada kelangkaan BBM. Bahlil menyampaikan stok BBM nasional dalam kondisi aman berada di atas batas minimal. ""BBM itu kan secara cadangan stok nasional kita kan dalam batas minimal nasional, 18-20 hari,"" terangnya. Sementara itu, Dirjen Migas Kementerian ESDM Laode Sulaeman menyampaikan pihaknya bersama dengan aparat penegak hukum dan Pertamina tengah menggali dugaan penimbunan BBM yang ada di Makassar. Laode menjelaskan penimbunan BBM ini dilakukan dengan modus memperbesar tangki kendaraan. ""Ya diangisitapi tangkinya diperbesar, contohnya kayak gitu. Tangkinya ditambah yang harusnya kapasitasnya X, ditambah X plus 50%, X plus 75%. Contohnya gitu,"" katanya.","['perintah', 'atur', 'cegah', 'guna', 'bbm', 'nonsubsidi', 'alih', 'bbm', 'subsidi', 'alias', 'pertamax', 'pertalite', 'menteri', 'energi', 'sumber', 'daya', 'mineral', 'esdm', 'bahlil', 'lahadalia', 'alih', 'guna', 'bbm', 'nonsubsidi', 'bbm', 'subsidi', 'salah', 'sebab', 'antre', 'spbu', 'nasional', 'antre', 'makassar', 'ya', 'formulasi', 'atur', 'sempat', 'anjur', 'saudarasaudara', 'mobil', 'bagus', 'tolong', 'pakai', 'bbm', 'subsidi', 'bahlil', 'temu', 'gedung', 'dpr', 'jakarta', 'rabu', 'alih', 'konsumsi', 'bahlil', 'bilang', 'faktor', 'antre', 'beli', 'bbm', 'subsidi', 'spbu', 'sulawesi', 'sempat', 'bahlil', 'detail', 'pihakpihak', 'sengaja', 'antre', 'maksud', 'scroll', 'to', 'continue', 'with', 'content', 'sulawesi', 'selatan', 'kemarin', 'antri', 'faktor', 'salah', 'pihakpihak', 'temanteman', 'media', 'udah', 'data', 'ngantri', 'pompa', 'bensin', 'ya', 'maksud', 'kirakira', 'langka', 'bbm', 'bahlil', 'stok', 'bbm', 'nasional', 'kondisi', 'aman', 'batas', 'minimal', 'bbm', 'cadang', 'stok', 'nasional', 'batas', 'minimal', 'nasional', 'terang', 'dirjen', 'migas', 'menteri', 'esdm', 'laode', 'sulaeman', 'aparat', 'tegak', 'hukum', 'pertamina', 'gali', 'duga', 'timbun', 'bbm', 'makassar', 'laode', 'timbun', 'bbm', 'modus', 'besar', 'tangki', 'kendara', 'ya', 'diangisitapi', 'tangki', 'besar', 'contoh', 'kayak', 'gitu', 'tangki', 'tambah', 'kapasitas', 'x', 'tambah', 'x', 'plus', 'x', 'plus', 'contoh', 'gitu']",Finance
"Konfederasi Serikat Pekerja Indonesia (KSPI) bersama Partai Buruh dan Koalisi Serikat Pekerja dan Partai Buruh (KSPPB) mengusulkan kenaikan upah minimum tahun 2027 sebesar 7,5-9,5%. Usulan ini akan disampaikan kembali dalam aksi unjuk rasa dijadwalkan pada Oktober mendatang. Presiden KSPI sekaligus Presiden Partai Buruh, Said Iqbal menjelaskan perhitungan usulan tersebut mengacu pada ketentuan Peraturan Pemerintah Nomor 49 Tahun 2026 yang menggunakan angka inflasi, angka pertumbuhan ekonomi dan indeks tertentu (alpha). ""Jelas 7,5% sampai 9,5% yang akan diperjuangkan oleh kaum buruh, khususnya KSPI dan Partai Buruh, dan juga yang bergabung di Koalisi Serikat Pekerja dan Partai Buruh, KSPPB. Yaitu usulannya 7,5% sampai 9,5%,"" kata Said dalam konferensi pers yang dilakukan secara online, Rabu (16/9/2026). SCROLL TO CONTINUE WITH CONTENT  Terkait rencana aksi unjuk rasa pada bulan Oktober mendatang, Said mengatakan waktu pasti unjuk rasa ini masih belum ditetapkan dan masih dalam pembahasan. Namun yang pasti aksi ini akan dilakukan bertahap dari tingkat daerah di kantor-kantor kepala daerah di seluruh Indonesia. ""KSPI, Koalisi Serikat Pekerja dan Partai Buruh, KSPPB, direncanakan bulan Oktober. Kapan? Itu nanti akan didiskusikan lebih lanjut. Aksinya dimulai dari daerah dulu. Dari setiap provinsi nanti akan ada aksi ke kantor-kantor gubernur,"" paparnya. Selain menuntut kenaikan upah minimum, Said mengatakan aksi unjuk rasa nanti juga membawa sejumlah tuntutan lain. Salah satunya tuntutan DPR segera mengesahkan RUU Perlindungan Ketenagakerjaan. Kemudian ada juga tuntutan kepada Kementerian Ketenagakerjaan (Kemnaker) untuk segera melakukan perubahan pada Permenaker Nomor 7 Tahun 2026 mengenai pekerja alih daya. Kemudian meminta penghapusan skema pesangon 0,5 kali menjadi minimal 1,0 kali sesuai Putusan MK Nomor 168. ""Ini ada Menteri Keuangan yang baru, kami ingin mengingatkan Pak Suahasil agar permintaan kaum buruh dan para anggota masyarakat pajak jaminan hari tua itu adalah 0%. Sekarang ini kan 5%, pajaknya kami minta 0%"" ucap Said membacakan tuntutan kelima buruh dalam aksi unjuk rasa Oktober nanti.  Dalam hal ini, ia mengatakan untuk angka yang digunakan dalam formula perhitungan usulan UMP 2027, buruh memilih indeks tertentu tertinggi sebesar 0,9. Kemudian untuk pertumbuhan ekonomi menggunakan rata-rata nasional 5,43% dan inflasi 3,20%. ""Berdasarkan data BPS, kita lihat inflasi dulu. Dari Oktober 2025 sampai dengan Agustus 2026 rata-rata inflasi nasional itu adalah 3,20%. Kemudian menurut BPS, rata-rata pertumbuhan ekonomi dari Oktober 2025 sampai Agustus 2026 secara nasional 5,43%,"" ujarnya. Lebih lanjut, ia menjelaskan dengan mengalikan pertumbuhan ekonomi dengan indeks tertentu 0,9 lalu ditambahkan angka inflasi tadi, diperoleh angka perhitungan rata-rata nasional sebesar 7,7%. ""Kita sekarang dapat menghitung berapa kenaikan upah minimum rata-rata nasional, karena mereka pakai data nasional. Jadi, 3,20% ditambah 5,43% dikali 0,9. Saya ulangi 3,20% ditambah 5,43% dikali 0,9 indeks tertentunya. Maka ketemu angka 7,7%,"" jelas Said. Meski begitu, menurutnya angka kenaikan UMP 7,7% tadi merupakan perhitungan umum dengan data rata-rata nasional yang digunakan sebagai perhitungan. Namun, mempertimbangkan variasi pertumbuhan ekonomi di setiap daerah, Said menilai setiap daerah harus memiliki perhitungan kenaikan upah masing-masing.  Ia mencontohkan Maluku Utara yang memiliki pertumbuhan ekonomi tertinggi mencapai 20,05%. Dengan angka tersebut, meski kenaikan upah minimum 2027 dihitung menggunakan indeks tertentu 0,5, nilai kenaikan UMP Maluku Utara bisa naik hingga 12,5%. ""Tetapi yurisprudensi di Indonesia, kenaikan upah minimum dalam 10 tahun terakhir jarang sampai dua digit. Paling tinggi ada satu aturan sebelumnya ya, tapi sekarang sudah dihapus, paling tinggi kenaikan upah minimum itu 10%. Ini kan sudah 12,5% Maluku Utara,"" paparnya. ""Karena tadi kan saya bilang jarang ada dua digit. Maluku Utara dua digit, maka saya ambil angka di bawah 10%, itu 9,5%"" tegas Said lagi. Atas dasar inilah, Said menambahkan angka 7,5% diambil untuk mengakomodasi daerah dengan pertumbuhan ekonomi di bawah rata-rata nasional, sedangkan batas atas 9,5% ditetapkan memperhitungkan kenaikan upah minimum di Indonesia yang jarang menyentuh dua digit. ""Jadi sekarang jelas, usulan buruh kenaikan upah minimum adalah 7,5%. Kenapa 7,5%? Karena tadi secara nasional kan sudah dapat hitungannya 7,7%. Kenapa saya turunkan 7,5%? Nanti daerah tertentu ada pertumbuhan ekonominya lebih rendah dari nasional,"" jelas Said terkait usulan minimal kenaikan UMP 2027. ""Saya pakai 7,5% sampai dengan 9,5%. Kenapa 9,5%? Karena Maluku Utara tertinggi, dia ada dua digit. Yurisprudensi jarang, jadi saya mendekati yang dua digit, dua digit kan 10% angkanya, maka saya ambil 9,5%,"" pungkasnya.","['konfederasi', 'serikat', 'kerja', 'indonesia', 'kspi', 'partai', 'buruh', 'koalisi', 'serikat', 'kerja', 'partai', 'buruh', 'ksppb', 'usul', 'naik', 'upah', 'minimum', 'usul', 'aksi', 'unjuk', 'jadwal', 'oktober', 'presiden', 'kspi', 'presiden', 'partai', 'buruh', 'said', 'iqbal', 'hitung', 'usul', 'acu', 'tentu', 'atur', 'perintah', 'nomor', 'angka', 'inflasi', 'angka', 'tumbuh', 'ekonomi', 'indeks', 'alpha', 'juang', 'kaum', 'buruh', 'kspi', 'partai', 'buruh', 'gabung', 'koalisi', 'serikat', 'kerja', 'partai', 'buruh', 'ksppb', 'usul', 'said', 'konferensi', 'pers', 'online', 'rabu', 'scroll', 'to', 'continue', 'with', 'content', 'kait', 'rencana', 'aksi', 'unjuk', 'oktober', 'said', 'unjuk', 'tetap', 'bahas', 'aksi', 'tahap', 'tingkat', 'daerah', 'kantorkantor', 'kepala', 'daerah', 'indonesia', 'kspi', 'koalisi', 'serikat', 'kerja', 'partai', 'buruh', 'ksppb', 'rencana', 'oktober', 'diskusi', 'aksi', 'daerah', 'provinsi', 'aksi', 'kantorkantor', 'gubernur', 'papar', 'tuntut', 'naik', 'upah', 'minimum', 'said', 'aksi', 'unjuk', 'bawa', 'tuntut', 'salah', 'satu', 'tuntut', 'dpr', 'kesah', 'ruu', 'lindung', 'ketenagakerjaan', 'tuntut', 'menteri', 'ketenagakerjaan', 'kemnaker', 'ubah', 'permenaker', 'nomor', 'kerja', 'alih', 'daya', 'hapus', 'skema', 'sangon', 'kali', 'minimal', 'kali', 'sesuai', 'putus', 'mk', 'nomor', 'menteri', 'uang', 'suahasil', 'minta', 'kaum', 'buruh', 'anggota', 'masyarakat', 'pajak', 'jamin', 'tua', 'pajak', 'said', 'baca', 'tuntut', 'buruh', 'aksi', 'unjuk', 'oktober', 'angka', 'formula', 'hitung', 'usul', 'ump', 'buruh', 'pilih', 'indeks', 'tinggi', 'tumbuh', 'ekonomi', 'ratarata', 'nasional', 'inflasi', 'dasar', 'data', 'bps', 'lihat', 'inflasi', 'oktober', 'agustus', 'ratarata', 'inflasi', 'nasional', 'bps', 'ratarata', 'tumbuh', 'ekonomi', 'oktober', 'agustus', 'nasional', 'ali', 'tumbuh', 'ekonomi', 'indeks', 'angka', 'inflasi', 'oleh', 'angka', 'hitung', 'ratarata', 'nasional', 'hitung', 'naik', 'upah', 'minimum', 'ratarata', 'nasional', 'pakai', 'data', 'nasional', 'tambah', 'kali', 'ulang', 'tambah', 'kali', 'indeks', 'tentu', 'ketemu', 'angka', 'said', 'turut', 'angka', 'naik', 'ump', 'hitung', 'data', 'ratarata', 'nasional', 'hitung', 'timbang', 'variasi', 'tumbuh', 'ekonomi', 'daerah', 'said', 'nilai', 'daerah', 'milik', 'hitung', 'naik', 'upah', 'masingmasing', 'contoh', 'malu', 'utara', 'milik', 'tumbuh', 'ekonomi', 'tinggi', 'capai', 'angka', 'naik', 'upah', 'minimum', 'hitung', 'indeks', 'nilai', 'naik', 'ump', 'malu', 'utara', 'yurisprudensi', 'indonesia', 'naik', 'upah', 'minimum', 'jarang', 'digit', 'atur', 'ya', 'hapus', 'naik', 'upah', 'minimum', 'malu', 'utara', 'papar', 'bilang', 'jarang', 'digit', 'malu', 'utara', 'digit', 'ambil', 'angka', 'said', 'dasar', 'said', 'angka', 'ambil', 'akomodasi', 'daerah', 'tumbuh', 'ekonomi', 'ratarata', 'nasional', 'batas', 'tetap', 'hitung', 'naik', 'upah', 'minimum', 'indonesia', 'jarang', 'sentuh', 'digit', 'usul', 'buruh', 'naik', 'upah', 'minimum', 'nasional', 'hitung', 'turun', 'daerah', 'tumbuh', 'ekonomi', 'rendah', 'nasional', 'said', 'kait', 'usul', 'minimal', 'naik', 'ump', 'pakai', 'malu', 'utara', 'tinggi', 'digit', 'yurisprudensi', 'jarang', 'dekat', 'digit', 'digit', 'angka', 'ambil', 'pungkas']",Finance
"Gubernur DKI Jakarta Pramono Anung meminta Badan Pengelola Investasi (BPI) Danantara ikut mendanai proyek LRT Jakarta. Permintaan tersebut disampaikan langsung oleh Pramono kepada Presiden Prabowo Subianto. Momen itu terjadi saat Prabowo dan Pramono menjajal LRT Jakarta dari Kelapa Gading menuju Manggarai. Dalam perjalanan, keduanya berbincang mengenai kelanjutan pengembangan LRT Jakarta. Di tengah perbincangan, Pramono meminta dukungan Prabowo agar Danantara ikut mendanai pengembangan LRT Jakarta berikutnya. Pramono menjelaskan bahwa selama ini proyek tersebut hanya didanai oleh Pemerintah Daerah (Pemda). SCROLL TO CONTINUE WITH CONTENT ""Nah kalo bapak izinkan sebenarnya tinggal dibantu sedikit dengan Danantara. Kan selama ini Jakarta sendiri pak,"" ucap Pramono kepada Prabowo, disiarkan YouTube Sekretariat Presiden, Rabu (16/9/2026). Prabowo lantas menimpali permintaan Pramono dan menyebut bahwa Jakarta tergolong provinsi yang kaya. ""Jakarta kaya,"" ujar Prabowo sambil tertawa. Sebagai inormasi, proyek perpanjangan LRT Jakarta menuju manggarai telah selesai dan diresmikan Prabowo pada Rabu (16/9). Jalur yang sebelumnya dimulai dari Kelapa Gading, Jakarta Utara dan berakhir di Velodrome, Jakarta Timur, kini diperpanjang hingga Stasiun Manggarai, Jakarta Selatan. Proyek ini memiliki panjang 12,2 kilometer dengan nilai investasi Rp 12,1 triliun. Namun, moda transportasi umum tersebut direncanakan kembali diperpanjang menuju Dukuh Atas dengan target rampung pada 2029. Dalam konferensi pers usai peresmian, Pramono menyebut perpanjangan jalur menuju Dukuh Atas membutuhkan anggaran sekitar Rp 2,7 triliun. Pengerjaannya ditargetkan mulai dilakukan pada awal 2027. ""Untuk dari Manggarai sampai dengan Dukuh Atas Rp 2,7 triliun yang kita akan mulai di tahun 2027 awal ini sudah tersedia berapa Pak Dirut? Udah ada? Nggak perlu obligasi? Jadi intinya bisa dari obligasi, bisa dari APBD, bisa juga dari Danantara,"" terang Pramono. Tak hanya itu, LRT Jakarta ditargetkan terkoneksi dengan Jakarta International Stadium (JIS) dan kawasan stasiun Kereta Cepat Whoosh. Pengembangannya adalah dari Kelapa Gading menuju JIS, sementara dari Velodrome akan disambungkan ke Stasiun Whoosh di Halim. ""Tetapi yang saya bahagia dan saya happy adalah sesuai dengan arahan Bapak Presiden, kita akan lanjutkan sampai dengan JIS dari Kelapa Gading ke JIS, dari Velodrome ke Whoosh,"" uangkapnya. LRT Jakarta saat melewati 11 stasiun, yaitu: - Stasiun Kelapa Gading- Stasiun Boulevard Utara- Stasiun Boulevard Selatan- Stasiun Pulomas- Stasiun Equestrian- Stasiun Velodrome- Stasiun Rawamangun- Stasiun Pramuka- Stasiun Matraman- Stasiun Proklamasi- Stasiun Manggarai","['gubernur', 'dki', 'jakarta', 'pramono', 'anung', 'badan', 'kelola', 'investasi', 'bpi', 'danantara', 'dana', 'proyek', 'lrt', 'jakarta', 'minta', 'langsung', 'pramono', 'presiden', 'prabowo', 'subianto', 'momen', 'prabowo', 'pramono', 'jajal', 'lrt', 'jakarta', 'kelapa', 'gading', 'manggarai', 'jalan', 'bincang', 'lanjut', 'kembang', 'lrt', 'jakarta', 'bincang', 'pramono', 'dukung', 'prabowo', 'danantara', 'dana', 'kembang', 'lrt', 'jakarta', 'pramono', 'proyek', 'dana', 'perintah', 'daerah', 'pemda', 'scroll', 'to', 'continue', 'with', 'content', 'kalo', 'izin', 'tinggal', 'bantu', 'danantara', 'jakarta', 'pramono', 'prabowo', 'siar', 'youtube', 'sekretariat', 'presiden', 'rabu', 'prabowo', 'lantas', 'timpal', 'minta', 'pramono', 'sebut', 'jakarta', 'golong', 'provinsi', 'kaya', 'jakarta', 'kaya', 'prabowo', 'tertawa', 'inormasi', 'proyek', 'panjang', 'lrt', 'jakarta', 'manggarai', 'selesai', 'resmi', 'prabowo', 'rabu', 'jalur', 'kelapa', 'gading', 'jakarta', 'utara', 'velodrome', 'jakarta', 'timur', 'panjang', 'stasiun', 'manggarai', 'jakarta', 'selatan', 'proyek', 'milik', 'kilometer', 'nilai', 'investasi', 'rp', 'triliun', 'moda', 'transportasi', 'rencana', 'panjang', 'dukuh', 'target', 'rampung', 'konferensi', 'pers', 'resmi', 'pramono', 'sebut', 'panjang', 'jalur', 'dukuh', 'butuh', 'anggar', 'rp', 'triliun', 'kerja', 'target', 'manggarai', 'dukuh', 'rp', 'triliun', 'sedia', 'dirut', 'udah', 'nggak', 'obligasi', 'inti', 'obligasi', 'apbd', 'danantara', 'terang', 'pramono', 'lrt', 'jakarta', 'target', 'koneksi', 'jakarta', 'international', 'stadium', 'jis', 'kawasan', 'stasiun', 'kereta', 'cepat', 'whoosh', 'kembang', 'kelapa', 'gading', 'jis', 'velodrome', 'sambung', 'stasiun', 'whoosh', 'halim', 'bahagia', 'happy', 'sesuai', 'arah', 'presiden', 'lanjut', 'jis', 'kelapa', 'gading', 'jis', 'velodrome', 'whoosh', 'uangkapnya', 'lrt', 'jakarta', 'lewat', 'stasiun', 'stasiun', 'kelapa', 'gading', 'stasiun', 'boulevard', 'utara', 'stasiun', 'boulevard', 'selatan', 'stasiun', 'pulomas', 'stasiun', 'equestrian', 'stasiun', 'velodrome', 'stasiun', 'rawamangun', 'stasiun', 'pramuka', 'stasiun', 'matraman', 'stasiun', 'proklamasi', 'stasiun', 'manggarai']",Finance
"Dua Direktur Jenderal (Dirjen) di Kementerian Keuangan meminta pembatalan perombakan pejabat yang dilakukan Purbaya Yudhi Sadewa saat menjabat Menteri Keuangan. Perombakan ratusan pejabat Kementerian Keuangan dilakukan Purbaya pada Kamis 10 September 2026. Mayoritas perombakan menyasar Direktorat Jenderal (Ditjen) Bea Cukai dan Ditjen Pajak. Perombakan terjadi pada pejabat Pimpinan Tinggi Pratama, Pejabat Administrator, Pejabat Pengawas, Pejabat Fungsional, dan Pejabat pada Unit Organisasi Non Eselon Kemenkeu. SCROLL TO CONTINUE WITH CONTENT Namun, menurut Dirjen Pajak Bimo Wijayanto, terdapat nama-nama 'ajaib' yang masuk usai perombakan tersebut. ""Itu kan usulan kita, rotasi itu. Cuma memang ada beberapa yang nama-nama 'ajaib' yang tidak ikut proses assessment talent management,"" ujar Bimo saat ditemui usai acara International Tax Conference di kantor pusat DJP, Jakarta Selatan, Rabu (16/9/2026). Alhasil, Bimo mengaku, bersama Dirjen Bea Cukai Djaka Budhi Utama, telah meminta perombakan dibatalkan. ""Kemudian itu yang membuat saya dan Dirjen Bea Cukai meminta untuk ditunda dahulu, dibatalkan, karena sinyalnya nggak bagus bagi pasukan yang lain, yang ikut susah payah ikut assessment, ikut ujian, ikut talent management,"" tegas Bimo. Bimo menyatakan, para pejabat yang terindikasi melompati proses ini akan langsung dibatalkan dari daftar perombakan dan dikembalikan ke posisi semula. ""Yang nggak memenuhi syarat tadi dibatalkan. Yang lain-lain tetap. (Jadi balik ke posisi awal?) iya,"" terangnya. Bimo juga membenarkan saat dikonfirmasi permintaan pembatalan berkaitan dengan pernyataan Menteri Keuangan Suahasil Nazara yang akan melihat lebih dahulu keputusan era Purbaya tersebut. ""Iya, Pak Suahasil menegaskan komitmennya untuk melaksanakan talent management, melaksanakan birokrasi reform dengan sebaik-baiknya,"" terang Bimo.  Sebelumnya Menkeu Suahasil Nazara buka suara terkait nasib perombakan pejabat yang dilakukan Purbaya Yudhi Sadewa. Suahasil mengatakan akan melihat dahulu Keputusan Menteri Keuangan sebagai landasan perombakan. ""Nanti kita lihat, tapi kemarin memang ada pelantikan minggu lalu, dan tentu nanti kita akan lihat pelantikan seperti apa, Keputusan Menteri Keuangannya seperti apa, dan kita akan tindak lanjuti dari situ,"" beber Suahasil usai dilantik di Istana Negara, Jakarta Pusat, Senin (14/9/2026).  Saksikan Live DetikPagi: ","['direktur', 'jenderal', 'dirjen', 'menteri', 'uang', 'batal', 'ombak', 'jabat', 'purbaya', 'yudhi', 'sadewa', 'jabat', 'menteri', 'uang', 'ombak', 'ratus', 'jabat', 'menteri', 'uang', 'purbaya', 'kamis', 'september', 'mayoritas', 'ombak', 'sasar', 'direktorat', 'jenderal', 'ditjen', 'bea', 'cukai', 'ditjen', 'pajak', 'ombak', 'jabat', 'pimpin', 'pratama', 'jabat', 'administrator', 'jabat', 'awas', 'jabat', 'fungsional', 'jabat', 'unit', 'organisasi', 'non', 'eselon', 'kemenkeu', 'scroll', 'to', 'continue', 'with', 'content', 'dirjen', 'pajak', 'bimo', 'wijayanto', 'namanama', 'ajaib', 'masuk', 'ombak', 'usul', 'rotasi', 'namanama', 'ajaib', 'proses', 'assessment', 'talent', 'management', 'bimo', 'temu', 'acara', 'international', 'tax', 'conference', 'kantor', 'pusat', 'djp', 'jakarta', 'selatan', 'rabu', 'alhasil', 'bimo', 'aku', 'dirjen', 'bea', 'cukai', 'djaka', 'budhi', 'utama', 'ombak', 'batal', 'dirjen', 'bea', 'cukai', 'tunda', 'batal', 'sinyal', 'nggak', 'bagus', 'pasu', 'susah', 'payah', 'assessment', 'uji', 'talent', 'management', 'bimo', 'bimo', 'jabat', 'indikasi', 'lompat', 'proses', 'langsung', 'batal', 'daftar', 'ombak', 'kembali', 'posisi', 'nggak', 'penuh', 'syarat', 'batal', 'lainlain', 'posisi', 'iya', 'terang', 'bimo', 'benar', 'konfirmasi', 'minta', 'batal', 'kait', 'nyata', 'menteri', 'uang', 'suahasil', 'nazara', 'putus', 'era', 'purbaya', 'iya', 'suahasil', 'komitmen', 'laksana', 'talent', 'management', 'laksana', 'birokrasi', 'reform', 'sebaikbaiknya', 'terang', 'bimo', 'menkeu', 'suahasil', 'nazara', 'buka', 'suara', 'kait', 'nasib', 'ombak', 'jabat', 'purbaya', 'yudhi', 'sadewa', 'suahasil', 'putus', 'menteri', 'uang', 'landas', 'ombak', 'lihat', 'kemarin', 'lantik', 'minggu', 'lihat', 'lantik', 'putus', 'menteri', 'uang', 'tindak', 'lanjut', 'situ', 'beber', 'suahasil', 'lantik', 'istana', 'negara', 'jakarta', 'pusat', 'senin', 'saksi', 'live', 'detikpagi']",Finance
"Jakarta bergerak nyaris tanpa jeda. Bunyi langkah para pekerja di pagi hari, aktivitas perdagangan, hingga malam yang berganti dengan hiruk-pikuk kuliner dan hiburan mengisi denyut Ibu Kota. Namun, padatnya gedung dan aktivitas manusia belum tentu menandakan sebuah kawasan benar-benar hidup. Dari bisingnya tepi jalan raya hingga ruang-ruang yang sunyi di sekitar simpul transportasi, sebagian sudut Jakarta masih menyimpan potensi yang belum sepenuhnya tergali. Di baliknya, ada peluang untuk menciptakan tempat yang bukan hanya dilalui, tetapi juga mengundang orang untuk berhenti, berkumpul, dan beraktivitas. Caranya bukan sekadar membangun ruang baru, tetapi menemukan dan menguatkan soul atau jiwa yang telah melekat pada kawasan, lalu memberinya ruang untuk tumbuh. SCROLL TO CONTINUE WITH CONTENT Pendekatan inilah yang dikenal sebagai placemaking. Sederhananya, ruang tidak hanya dibangun untuk digunakan, tetapi dihidupkan melalui aktivitas, komunitas, dan identitas yang membuat orang memiliki keterikatan dengan tempat tersebut. ""Sebetulnya ini menggambarkan bagaimana sebuah kawasan itu bisa dihidupkan kembali. Tidak hanya secara bisnis, secara aktivitas, tapi juga secara mendukung kegiatan masyarakat perkotaannya,"" kata Kepala Divisi Business Planning & Expansion Division MRT Jakarta, R. Samuel Ryan Pradipta Pranowo dalam acara MRTJ Fellowship Program 2026 di Jakarta, ditulis Rabu (16/9/2026). Bagi MRT Jakarta, upaya menghidupkan sebuah kawasan tidak berhenti pada pembangunan stasiun. Ruang-ruang di sekitarnya juga menjadi bagian dari perjalanan, sekaligus peluang untuk menciptakan aktivitas dan membentuk karakter sebuah tempat. Karena itu, pendekatan placemaking mulai dibawa ke sejumlah kawasan di sekitar stasiun MRT. Pada titik inilah stasiun tak lagi berdiri sendiri. Ia menjadi pintu masuk menuju kawasan yang punya kehidupan dan identitasnya masing-masing. 'Negara Blok M' Blok M menjadi salah satu contoh bagaimana pendekatan tersebut diterapkan. Kawasan ini terus berkembang, tidak hanya sebagai tempat berkumpul, tetapi juga sebagai pusat kuliner dan lifestyle. Identitasnya dibangun sebagai urban youth hub bagi anak muda, sekaligus membawa unsur nostalgia bagi generasi terdahulu. Beragam komunitas dan kegiatan yang tumbuh di dalamnya turut membentuk karakter Blok M. Dari sinilah muncul gambaran tentang 'Negara Blok M', sebuah kawasan yang tak lagi sekadar menjadi titik perpindahan penumpang, tetapi punya alasan untuk didatangi dan dinikmati. Di media sosial, Blok M menunjukkan berbagai wajah, mulai dari tempat makanan viral, pusat warga skena, hingga lokasi pertunjukan musik yang ramai didatangi anak muda. Aktivitas yang menghidupkan kawasan terus bergerak dan berinovasi. ""Prinsip utamanya adalah aktivitas-aktivitas tadi, seperti event, kegiatan, ataupun kegiatan-kegiatan komunitas yang memang di situ hidup terus, nggak pernah mati. Memang konsepnya dibuat seperti itu supaya vibrant, hidup terus, nggak pernah capek untuk berinovasi yang baru,"" ujar Samuel. Samuel mengatakan, konsep placemaking dan Transit Oriented Development (TOD) saling berkaitan. Namun, placemaking tidak berhenti pada pembangunan fisik, melainkan juga mencakup akses dan keterhubungan, kenyamanan dan citra, aktivitas, serta interaksi sosial di dalamnya. Blok M pun kini bukan sekadar kawasan untuk mencari makanan di sekitar stasiun. Pengunjung datang untuk berjalan kaki, berburu makanan viral, bertemu teman, atau bahkan sekadar untuk duduk santai sembari menikmati keramaian Ibu Kota. Dari Keramaian ke Perputaran Ekonomi Namun, keberhasilan sebuah kawasan tidak hanya diukur dari seberapa ramai orang yang datang. Di balik geliat aktivitas tersebut, ada perputaran ekonomi yang menjalar ke bisnis dan kawasan di sekitarnya. Ketika sebuah acara digelar, misalnya, pengunjung tidak hanya menghabiskan uang di lokasi acara, tetapi juga dapat makan di restoran sekitar, berbelanja di toko terdekat, hingga menginap di hotel apabila datang dari luar kota. ""Ada penelitiannya di Stanford University itu mereka bilang di saat ada kegiatan ekonomi kreatif atau biasanya disebutnya MICE (meeting, incentive, convention, and exhibition), multiplier effect itu bisa sampai 4-5 kali dari nilai ekonomi di kegiatannya sendiri. Jadi kalau misalkan kegiatannya itu Rp 10 miliar, sebetulnya multiplier efeknya itu bisa sampai Rp 40-50 miliar,"" kata Samuel. Artinya, ketika sebuah ruang berhasil menarik orang untuk datang dan beraktivitas, manfaatnya tidak berhenti di dalam ruang tersebut. Pergerakan manusia ikut membuka peluang bagi usaha-usaha lain di sekitarnya untuk mendapatkan bagian dari geliat kawasan. Skala dampaknya pun dapat menjadi lebih besar ketika kegiatan yang digelar berskala internasional, seperti misal konser musisi luar negeri di Gelora Bung Karno (GBK). Menurut Samuel, multiplier effect dari kegiatan semacam itu dapat mencapai tujuh hingga delapan kali dari nilai ekonomi kegiatan utamanya. Kota Tua, Jiwa yang Sudah Ada Blok M menunjukkan bahwa menghidupkan kawasan bukan berarti membuatnya sekadar ramai. Ada karakter, komunitas, dan aktivitas yang membuat orang punya alasan untuk datang. Namun, placemaking bukan berarti membuat setiap kawasan memiliki wajah yang sama, karena setiap tempat punya karakter dan cerita yang berbeda. Jika Blok M tumbuh dengan denyut anak muda dan kultur urban, Kota Tua memiliki jiwa yang lahir dari sejarah dan identitas heritage-nya. Di sinilah tantangan berikutnya: bagaimana menghidupkan kawasan tersebut dengan menghadirkan aktivitas baru, tanpa menghilangkan karakter yang sudah melekat di dalamnya. ""Area kota tua itu akan kami revitalisasi juga. Mudah-mudahan tetap hidup dengan mempertahankan identitas heritage-nya. Jadi heritage Chinatown-nya, Little Amsterdam-nya itu nggak hilang, tapi tetap area-nya akan dibuat hidup dengan kombinasi retail, komunitas, dan lain sebagainya,"" kata Samuel. Di beberapa area, unsur yang lebih modern atau futuristik juga akan dihadirkan, mengingat kawasan Glodok sejak dulu dikenal sebagai pusat elektronik. Dua karakter berbeda itu nantinya akan dipertemukan, tanpa menghilangkan identitas heritage yang menjadi bagian dari wajah Kota Tua. Pengembangan placemaking di Kota Tua nantinya akan berjalan seiring dengan pembangunan MRT menuju Kota Tua. Samuel belum merincikan kapan revitalisasi kawasan akan dimulai, mengingat saat ini pembangunan masih berfokus pada penyelesaian Stasiun Thamrin dan Monas yang ditargetkan beroperasi pada Desember 2027. Sementara itu, dalam rencana besarnya, jalur MRT North-South ditargetkan tersambung hingga Kota Tua pada 2029 mendatang. Artinya, geliat baru Kota Tua masih menunggu perjalanan panjang, bukan hanya untuk menghadirkan jalur MRT, tetapi juga untuk menemukan cara agar ruang yang kaya sejarah itu kembali menjadi tempat yang hidup.","['jakarta', 'gerak', 'jeda', 'bunyi', 'langkah', 'kerja', 'pagi', 'aktivitas', 'dagang', 'malam', 'ganti', 'hirukpikuk', 'kuliner', 'hibur', 'isi', 'denyut', 'kota', 'padat', 'gedung', 'aktivitas', 'manusia', 'tanda', 'kawasan', 'benarbenar', 'hidup', 'bising', 'tepi', 'jalan', 'raya', 'ruangruang', 'sunyi', 'simpul', 'transportasi', 'sudut', 'jakarta', 'simpan', 'potensi', 'sepenuh', 'gali', 'balik', 'peluang', 'cipta', 'undang', 'orang', 'henti', 'kumpul', 'aktivitas', 'bangun', 'ruang', 'temu', 'kuat', 'soul', 'jiwa', 'lekat', 'kawasan', 'beri', 'ruang', 'tumbuh', 'scroll', 'to', 'continue', 'with', 'content', 'dekat', 'kenal', 'placemaking', 'sederhana', 'ruang', 'bangun', 'hidup', 'aktivitas', 'komunitas', 'identitas', 'orang', 'milik', 'ikat', 'gambar', 'kawasan', 'hidup', 'bisnis', 'aktivitas', 'dukung', 'giat', 'masyarakat', 'kota', 'kepala', 'divisi', 'business', 'planning', 'expansion', 'division', 'mrt', 'jakarta', 'r', 'samuel', 'ryan', 'pradipta', 'pranowo', 'acara', 'mrtj', 'fellowship', 'program', 'jakarta', 'tulis', 'rabu', 'mrt', 'jakarta', 'upaya', 'hidup', 'kawasan', 'henti', 'bangun', 'stasiun', 'ruangruang', 'jalan', 'peluang', 'cipta', 'aktivitas', 'bentuk', 'karakter', 'dekat', 'placemaking', 'bawa', 'kawasan', 'stasiun', 'mrt', 'titik', 'stasiun', 'diri', 'pintu', 'masuk', 'kawasan', 'hidup', 'identitas', 'masingmasing', 'negara', 'blok', 'm', 'blok', 'm', 'salah', 'contoh', 'dekat', 'terap', 'kawasan', 'kembang', 'kumpul', 'pusat', 'kuliner', 'lifestyle', 'identitas', 'bangun', 'urban', 'youth', 'hub', 'anak', 'muda', 'bawa', 'unsur', 'nostalgia', 'generasi', 'agam', 'komunitas', 'giat', 'tumbuh', 'dalam', 'bentuk', 'karakter', 'blok', 'm', 'muncul', 'gambar', 'negara', 'blok', 'm', 'kawasan', 'titik', 'pindah', 'tumpang', 'alas', 'datang', 'nikmat', 'media', 'sosial', 'blok', 'm', 'wajah', 'makan', 'viral', 'pusat', 'warga', 'skena', 'lokasi', 'tunjuk', 'musik', 'ramai', 'datang', 'anak', 'muda', 'aktivitas', 'hidup', 'kawasan', 'gerak', 'inovasi', 'prinsip', 'utama', 'aktivitasaktivitas', 'event', 'giat', 'kegiatankegiatan', 'komunitas', 'situ', 'hidup', 'nggak', 'mati', 'konsep', 'vibrant', 'hidup', 'nggak', 'capek', 'inovasi', 'samuel', 'samuel', 'konsep', 'placemaking', 'transit', 'oriented', 'development', 'tod', 'kait', 'placemaking', 'henti', 'bangun', 'fisik', 'cakup', 'akses', 'hubung', 'nyaman', 'citra', 'aktivitas', 'interaksi', 'sosial', 'dalam', 'blok', 'm', 'kawasan', 'cari', 'makan', 'stasiun', 'unjung', 'jalan', 'kaki', 'buru', 'makan', 'viral', 'temu', 'teman', 'duduk', 'santai', 'sembari', 'nikmat', 'ramai', 'kota', 'ramai', 'putar', 'ekonomi', 'hasil', 'kawasan', 'ukur', 'ramai', 'orang', 'geliat', 'aktivitas', 'putar', 'ekonomi', 'jalar', 'bisnis', 'kawasan', 'acara', 'gelar', 'unjung', 'habis', 'uang', 'lokasi', 'acara', 'makan', 'restoran', 'belanja', 'toko', 'dekat', 'inap', 'hotel', 'kota', 'teliti', 'stanford', 'university', 'bilang', 'giat', 'ekonomi', 'kreatif', 'sebut', 'mice', 'meeting', 'incentive', 'convention', 'and', 'exhibition', 'multiplier', 'effect', 'kali', 'nilai', 'ekonomi', 'giat', 'giat', 'rp', 'miliar', 'multiplier', 'efek', 'rp', 'miliar', 'samuel', 'ruang', 'hasil', 'tarik', 'orang', 'aktivitas', 'manfaat', 'henti', 'ruang', 'gera', 'manusia', 'buka', 'peluang', 'usahausaha', 'geliat', 'kawasan', 'skala', 'dampak', 'giat', 'gelar', 'skala', 'internasional', 'konser', 'musisi', 'negeri', 'gelora', 'karno', 'gbk', 'samuel', 'multiplier', 'effect', 'giat', 'capai', 'tujuh', 'delapan', 'kali', 'nilai', 'ekonomi', 'giat', 'utama', 'kota', 'tua', 'jiwa', 'blok', 'm', 'hidup', 'kawasan', 'buat', 'ramai', 'karakter', 'komunitas', 'aktivitas', 'orang', 'alas', 'placemaking', 'kawasan', 'milik', 'wajah', 'karakter', 'cerita', 'beda', 'blok', 'm', 'tumbuh', 'denyut', 'anak', 'muda', 'kultur', 'urban', 'kota', 'tua', 'milik', 'jiwa', 'lahir', 'sejarah', 'identitas', 'heritagenya', 'tantang', 'hidup', 'kawasan', 'hadir', 'aktivitas', 'hilang', 'karakter', 'lekat', 'dalam', 'area', 'kota', 'tua', 'revitalisasi', 'mudahmudahan', 'hidup', 'tahan', 'identitas', 'heritagenya', 'heritage', 'chinatownnya', 'little', 'amsterdamnya', 'nggak', 'hilang', 'area', 'hidup', 'kombinasi', 'retail', 'komunitas', 'samuel', 'area', 'unsur', 'modern', 'futuristik', 'hadir', 'kawasan', 'glodok', 'kenal', 'pusat', 'elektronik', 'karakter', 'beda', 'temu', 'hilang', 'identitas', 'heritage', 'wajah', 'kota', 'tua', 'kembang', 'placemaking', 'kota', 'tua', 'jalan', 'iring', 'bangun', 'mrt', 'kota', 'tua', 'samuel', 'merincikan', 'revitalisasi', 'kawasan', 'bangun', 'fokus', 'selesai', 'stasiun', 'thamrin', 'monas', 'target', 'operasi', 'desember', 'rencana', 'besar', 'jalur', 'mrt', 'northsouth', 'target', 'sambung', 'kota', 'tua', 'geliat', 'kota', 'tua', 'tunggu', 'jalan', 'hadir', 'jalur', 'mrt', 'temu', 'ruang', 'kaya', 'sejarah', 'hidup']",Finance
"Banyak pemilik usaha kecil masih mikir konten promosi butuh kamera mahal dan jasa editor profesional. Padahal sekarang, video produk yang menarik perhatian di media sosial bisa dibuat sendiri cukup pakai HP dan aplikasi gratis lewat Capcut Mastery Class. Kelas ini diajar langsung oleh Restu Trio Kumara, S.Ak, Executive Multimedia PT Lampung Cerdas Mendunia yang sudah punya lebih dari 265.000 followers dan 30 juta views di media sosial. Materinya fokus ke praktik nyata, mulai dari cara nentuin konsep video produk, teknik editing simpel di CapCut, sampai bikin opening yang bikin calon pembeli berhenti scroll di detik detik pertama. SCROLL TO CONTINUE WITH CONTENT Berbeda dari kelas live yang cuma sekali tayang, Capcut Mastery Class tersedia dalam format video rekaman sejak Hari Kamis, Tanggal 30, Bulan April, Tahun 2026 sampai Hari Jumat, Tanggal 30, Bulan April, Tahun 2027, diakses online via Lampung Cerdas melalui detikevent. Kamu bisa nonton ulang bagian yang belum paham tanpa harus nunggu jadwal kelas berikutnya, cocok buat pemilik usaha yang waktunya nggak menentu. Ada bonus e-book ""Cara Nentuin Niche dan Dapet 1.000 Follower Pertama"" yang bisa dipakai buat menata strategi konten toko kamu dari awal. Info harga dan ketersediaan bisa dicek langsung di halaman detikevent sebelum periode akses berakhir di 23 Desember 2026. Kamu nggak perlu pengalaman editing sebelumnya buat ikut kelas ini. Materinya disusun dari dasar, jadi pemilik usaha yang selama ini cuma andalkan foto produk polosan pun bisa langsung praktik bikin video promosi sendiri. Konten yang lebih hidup dan personal biasanya lebih dipercaya calon pembeli dibanding sekadar foto katalog. Dapatkan sekarang akses belajarnya didetikevent!","['milik', 'usaha', 'mikir', 'konten', 'promosi', 'butuh', 'kamera', 'mahal', 'jasa', 'editor', 'profesional', 'video', 'produk', 'tarik', 'perhati', 'media', 'sosial', 'pakai', 'hp', 'aplikasi', 'gratis', 'capcut', 'mastery', 'class', 'kelas', 'ajar', 'langsung', 'restu', 'trio', 'mara', 'sak', 'executive', 'multimedia', 'pt', 'lampung', 'cerdas', 'dunia', 'followers', 'juta', 'views', 'media', 'sosial', 'materi', 'fokus', 'praktik', 'nyata', 'nentuin', 'konsep', 'video', 'produk', 'teknik', 'editing', 'simpel', 'capcut', 'bikin', 'opening', 'bikin', 'calon', 'beli', 'henti', 'scroll', 'detik', 'detik', 'scroll', 'to', 'continue', 'with', 'content', 'beda', 'kelas', 'live', 'tayang', 'capcut', 'mastery', 'class', 'sedia', 'format', 'video', 'rekam', 'kamis', 'tanggal', 'april', 'jumat', 'tanggal', 'april', 'akses', 'online', 'via', 'lampung', 'cerdas', 'detikevent', 'nonton', 'ulang', 'paham', 'nunggu', 'jadwal', 'kelas', 'cocok', 'milik', 'usaha', 'nggak', 'tentu', 'bonus', 'ebook', 'nentuin', 'niche', 'dapet', 'follower', 'pakai', 'tata', 'strategi', 'konten', 'toko', 'info', 'harga', 'sedia', 'cek', 'langsung', 'halaman', 'detikevent', 'periode', 'akses', 'desember', 'nggak', 'alam', 'editing', 'kelas', 'materi', 'susun', 'dasar', 'milik', 'usaha', 'andal', 'foto', 'produk', 'polos', 'langsung', 'praktik', 'bikin', 'video', 'promosi', 'konten', 'hidup', 'personal', 'percaya', 'calon', 'beli', 'banding', 'foto', 'katalog', 'dapat', 'akses', 'ajar', 'didetikevent']",Finance
"Pemerintah menargetkan mulai memproduksi bahan bakar minyak (BBM) dengan campuran etanol 20% atau E20 dalam dua tahun mendatang. Untuk mengejar target tersebut, pemerintah memperkirakan membutuhkan lahan sekitar 2 juta hektare. Menteri Koordinator Bidang Pangan Zulkifli Hasan (Zulhas) mengatakan, target tersebut sudah dirapatkan dengan Presiden Prabowo Subianto. Kementerian Pertanian diminta menyiapkan rencana pengembangan lahan untuk bahan baku etanol. ""Ratas dipimpin Bapak Presiden langsung, kita membahas agar 2 tahun mendatang kita sudah bisa produksi paling kurang E20. Oleh karena itu tadi Mentan diminta menyiapkan rencana termasuk lahan dan seterusnya,"" kata Zulhas di Kompleks Istana Kepresidenan, Jakarta, Rabu (16/9/2026). SCROLL TO CONTINUE WITH CONTENT Menurut Zulhas, bahan baku yang dinilai paling memungkinkan untuk memproduksi etanol adalah tebu. Pemerintah memperkirakan dibutuhkan lahan sekitar 2 juta hektare yang akan tersebar di Pulau Jawa, Sumatera, hingga Papua. Danantara akan mendapat peran dalam pembangunan industri pengolahan etanol. Pemerintah menargetkan seluruh kebutuhan etanol untuk E20 nantinya dapat dipenuhi dari produksi dalam negeri. ""Danantara nanti industrinya ya, mengonversi Etanol itu yang paling memungkinkan ternyata dari tebu, ya. Menyiapkan lahannya lebih kurang 2 juta hektar. Ada yang dari luar Jawa, ada yang dari Jawa, ada dari Sumatera, akan siapkan,"" bebernya. Zulhas mengatakan ketersediaan lahan menjadi salah satu hambatan utama dalam mengejar target E20. Namun, pemerintah telah memetakan potensi lahan untuk memenuhi kebutuhan tersebut. ""Bertahap kita akan menuju E50 seperti B50, tapi yang pertama ini E20. Jangka panjang akan menuju E50. Untuk tahap pertama tadi itu 2 juta, bottleneck-nya lahan, ya. Tapi setelah dipetakan, ditugaskan kepada BUMN dan Pak Mentan tadi dipetakan, kemungkinan kita akan dapat 2 juta itu,"" tutup Zulhas.","['perintah', 'target', 'produksi', 'bahan', 'bakar', 'minyak', 'bbm', 'campur', 'etanol', 'e', 'kejar', 'target', 'perintah', 'butuh', 'lahan', 'juta', 'hektare', 'menteri', 'koordinator', 'bidang', 'pangan', 'zulkifli', 'hasan', 'zulhas', 'target', 'rapat', 'presiden', 'prabowo', 'subianto', 'menteri', 'tani', 'rencana', 'kembang', 'lahan', 'bahan', 'baku', 'etanol', 'ratas', 'pimpin', 'presiden', 'langsung', 'bahas', 'produksi', 'e', 'tan', 'rencana', 'lahan', 'zulhas', 'kompleks', 'istana', 'presiden', 'jakarta', 'rabu', 'scroll', 'to', 'continue', 'with', 'content', 'zulhas', 'bahan', 'baku', 'nilai', 'produksi', 'etanol', 'tebu', 'perintah', 'butuh', 'lahan', 'juta', 'hektare', 'sebar', 'pulau', 'jawa', 'sumatera', 'papua', 'danantara', 'peran', 'bangun', 'industri', 'olah', 'etanol', 'perintah', 'target', 'butuh', 'etanol', 'e', 'penuh', 'produksi', 'negeri', 'danantara', 'industri', 'ya', 'konversi', 'etanol', 'tebu', 'ya', 'lahan', 'juta', 'hektar', 'jawa', 'jawa', 'sumatera', 'siap', 'beber', 'zulhas', 'sedia', 'lahan', 'salah', 'hambat', 'utama', 'kejar', 'target', 'e', 'perintah', 'meta', 'potensi', 'lahan', 'penuh', 'butuh', 'tahap', 'e', 'b', 'e', 'jangka', 'e', 'tahap', 'juta', 'bottlenecknya', 'lahan', 'ya', 'peta', 'tugas', 'bumn', 'tan', 'peta', 'juta', 'tutup', 'zulhas']",Finance
"Data yang menumpuk di dashboard tidak otomatis membuat keputusan bisnis jadi lebih tepat. Tanpa kemampuan membaca angka menjadi insight, banyak profesional justru tersesat di tengah laporan yang seharusnya membantu, bukan membingungkan. Business acumen adalah kemampuan memahami cara kerja bisnis secara menyeluruh, mulai dari fundamental business model hingga hubungan antara customer, value, revenue, cost, dan profit. Skill ini yang membedakan orang yang sekadar menjalankan tugas dengan orang yang benar-benar paham dampak keputusannya terhadap bisnis. Sayangnya, banyak profesional, mulai dari fresh graduate hingga level manager, belum terbiasa menghubungkan pekerjaan harian mereka dengan angka bisnis seperti margin, cash flow, atau KPI. Akibatnya, keputusan lebih sering berdasarkan asumsi ketimbang data, dan risiko kesalahan strategi pun jadi lebih besar. SCROLL TO CONTINUE WITH CONTENT Memahami KPI dan business metrics saja belum cukup. Kamu juga perlu tahu cara membaca financial insight untuk menimbang cost-benefit, risk, dan trade-off dari setiap opsi solusi. Kemampuan ini yang membuat rekomendasi bisnis lebih kuat karena berpijak pada data, bukan sekadar intuisi atau feeling semata. Kelas 2 Jam Pahami Cara Berpikir Bisnis untuk Ambil Keputusan Lebih Tepat dari detikcourse dirancang untuk membantu kamu membangun business acumen ini secara praktis. Kamu akan diajak menganalisis business case nyata dan menyusun rekomendasi solusi berdasarkan perspektif bisnis, bukan hanya perspektif teknis pekerjaan. Kelas ini cocok untuk fresh graduate, profesional, team leader, manager, hingga business owner yang ingin mengasah pola pikir bisnis.Kelas berlangsung pada hari Rabu, tanggal 23 September 2026, secara online. Peserta akan mendapat e-sertifikat, video recording, dan insight langsung dari expert. Segera cek ketersediaan tiketnya melalui laman resmidetikeventsekarang juga!","['data', 'tumpuk', 'dashboard', 'otomatis', 'putus', 'bisnis', 'mampu', 'baca', 'angka', 'insight', 'profesional', 'sesat', 'lapor', 'bantu', 'bingung', 'business', 'acumen', 'mampu', 'paham', 'kerja', 'bisnis', 'fundamental', 'business', 'model', 'hubung', 'customer', 'value', 'revenue', 'cost', 'profit', 'skill', 'beda', 'orang', 'jalan', 'tugas', 'orang', 'benarbenar', 'paham', 'dampak', 'putus', 'bisnis', 'sayang', 'profesional', 'fresh', 'graduate', 'level', 'manager', 'biasa', 'hubung', 'kerja', 'hari', 'angka', 'bisnis', 'margin', 'cash', 'flow', 'kpi', 'akibat', 'putus', 'dasar', 'asumsi', 'ketimbang', 'data', 'risiko', 'salah', 'strategi', 'scroll', 'to', 'continue', 'with', 'content', 'paham', 'kpi', 'business', 'metrics', 'baca', 'financial', 'insight', 'timbang', 'costbenefit', 'risk', 'tradeoff', 'opsi', 'solusi', 'mampu', 'rekomendasi', 'bisnis', 'kuat', 'pijak', 'data', 'intuisi', 'feeling', 'kelas', 'jam', 'paham', 'pikir', 'bisnis', 'ambil', 'putus', 'detikcourse', 'rancang', 'bantu', 'bangun', 'business', 'acumen', 'praktis', 'ajak', 'analis', 'business', 'case', 'nyata', 'susun', 'rekomendasi', 'solusi', 'dasar', 'perspektif', 'bisnis', 'perspektif', 'teknis', 'kerja', 'kelas', 'cocok', 'fresh', 'graduate', 'profesional', 'team', 'leader', 'manager', 'business', 'owner', 'asah', 'pola', 'pikir', 'bisniskelas', 'rabu', 'tanggal', 'september', 'online', 'serta', 'esertifikat', 'video', 'recording', 'insight', 'langsung', 'expert', 'cek', 'sedia', 'tiket', 'laman', 'resmidetikeventsekarang']",Finance
"Menteri Keuangan (Menkeu) Suahasil Nazara menyambut baik pertimbangan Dewan Perwakilan Daerah Republik Indonesia (DPD RI) terhadap Rancangan Undang-Undang tentang Anggaran Pendapatan dan Belanja Negara (RUU APBN) Tahun Anggaran 2027. Menurutnya, masukan yang mencerminkan dan aspirasi daerah tersebut akan menjadi bahan penting bagi Pemerintah dalam melanjutkan pembahasan RAPBN 2027 bersama Dewan Perwakilan Rakyat Republik Indonesia (DPR RI). Suahasil menyebut ertimbangan DPD RI hadir pada momentum yang tepat seiring berlangsungnya pembahasan RAPBN 2027 antara Pemerintah dan DPR RI. Hal ini disampaikan usai Sidang Paripurna Luar Biasa ke-2 DPD RI Masa Persidangan I Tahun Sidang 2026-2027, Rabu (16/9). SCROLL TO CONTINUE WITH CONTENT ""Pertimbangan-pertimbangan dari DPD ini diberikan pada waktu yang sangat tepat, karena kita memang sedang dalam jadwal membicarakan RAPBN 2027 dengan DPR RI. Pertimbangan tersebut menjadi bahan masukan yang mencerminkan aspirasi dari daerah,"" ujar Suahasil dalam keterangan tertulis, Rabu (16/9/2026). Sejumlah isu yang menjadi perhatian DPD antara lain kebijakan transfer ke daerah, pembangunan infrastruktur, dana desa, dan penguatan kapasitas fiskal daerah. Berbagai masukan tersebut menjadi perspektif tambahan dalam pembahasan kebijakan fiskal dan pengalokasian anggaran dalam RAPBN 2027. Suahasil mengapresiasi proses tersebut sebagai bagian penting dari tata kelola ketatanegaraan, khususnya dalam memastikan perspektif daerah turut menjadi pertimbangan dalam penyusunan kebijakan fiskal nasional. ""Saya mengucapkan terima kasih secara khusus atas nama Pemerintah bahwa kami diundang pada Sidang Paripurna kali ini. Ini adalah suatu tata bernegara yang baik, mendapatkan pertimbangan yang mencerminkan perspektif dari seluruh daerah,"" kata Menkeu. Pertimbangan DPD selanjutnya akan diperhatikan Pemerintah dan menjadi bagian dari pembahasan RAPBN 2027 bersama DPR RI sesuai tahapan yang telah disepakati dalam Badan Anggaran DPR. ""Pertimbangan-pertimbangan yang disampaikan akan menjadi masukan yang sangat-sangat kami perhatikan dan menjadi bagian dari pembicaraan dengan DPR RI,"" tegas Suahasil.","['menteri', 'uang', 'menkeu', 'suahasil', 'nazara', 'sambut', 'timbang', 'dewan', 'wakil', 'daerah', 'republik', 'indonesia', 'dpd', 'ri', 'rancang', 'undangundang', 'anggar', 'dapat', 'belanja', 'negara', 'ruu', 'apbn', 'anggar', 'turut', 'masuk', 'cermin', 'aspirasi', 'daerah', 'bahan', 'perintah', 'lanjut', 'bahas', 'rapbn', 'dewan', 'wakil', 'rakyat', 'republik', 'indonesia', 'dpr', 'ri', 'suahasil', 'sebut', 'ertimbangan', 'dpd', 'ri', 'hadir', 'momentum', 'iring', 'langsung', 'bahas', 'rapbn', 'perintah', 'dpr', 'ri', 'sidang', 'paripurna', 'dpd', 'ri', 'sidang', 'i', 'sidang', 'rabu', 'scroll', 'to', 'continue', 'with', 'content', 'pertimbanganpertimbangan', 'dpd', 'jadwal', 'bicara', 'rapbn', 'dpr', 'ri', 'timbang', 'bahan', 'masuk', 'cermin', 'aspirasi', 'daerah', 'suahasil', 'terang', 'tulis', 'rabu', 'isu', 'perhati', 'dpd', 'bijak', 'transfer', 'daerah', 'bangun', 'infrastruktur', 'dana', 'desa', 'kuat', 'kapasitas', 'fiskal', 'daerah', 'masuk', 'perspektif', 'tambah', 'bahas', 'bijak', 'fiskal', 'alokasi', 'anggar', 'rapbn', 'suahasil', 'apresiasi', 'proses', 'tata', 'kelola', 'ketatanegaraan', 'perspektif', 'daerah', 'timbang', 'susun', 'bijak', 'fiskal', 'nasional', 'terima', 'kasih', 'khusus', 'nama', 'perintah', 'undang', 'sidang', 'paripurna', 'kali', 'tata', 'negara', 'timbang', 'cermin', 'perspektif', 'daerah', 'menkeu', 'timbang', 'dpd', 'perhati', 'perintah', 'bahas', 'rapbn', 'dpr', 'ri', 'sesuai', 'tahap', 'pakat', 'badan', 'anggar', 'dpr', 'pertimbanganpertimbangan', 'masuk', 'sangatsangat', 'perhati', 'bicara', 'dpr', 'ri', 'suahasil']",Finance
"Presiden Prabowo Subianto meminta penanganan kebakaran hutan dan lahan (karhutla) dilakukan tegas dan menyeluruh. Prabowo mewanti-wanti jangan ada lagi pembakaran hutan dan lahan dengan alasan apa pun. Arahan tersebut disampaikan Prabowo saat memimpin rapat virtual dari Istana Merdeka, Jakarta, Rabu (16/9/2026). Salah satu materi rapat membahas perkembangan penanganan karhutla di Kalimantan dan Sumatera. ""Tidak boleh ada lagi pembakaran hutan dan lahan dengan alasan apa pun. Penanganan karhutla harus tegas, menyeluruh, dan diperkuat dengan pencegahan sejak dari sumbernya,"" tulis akun Instagram @sekretariat.kabinet, dikutip Rabu (16/9/2026). SCROLL TO CONTINUE WITH CONTENT Prabowo meminta upaya pencegahan diperkuat melalui pengolahan lahan tanpa bakar. Pemerintah juga diminta menyediakan peralatan serta pendampingan bagi masyarakat. Selain itu, Prabowo melarang keras adanya peraturan daerah yang mengatur pembukaan lahan dengan cara membakar berdasarkan izin kepala daerah. Penindakan juga diminta dilakukan terhadap pihak yang terbukti melakukan ataupun lalai mencegah pembakaran hutan dan lahan. Dalam rapat tersebut, Kapolri Jenderal Listyo Sigit Prabowo melaporkan terdapat lebih dari 95 korporasi yang melanggar. Namun, tidak dirinci identitas perusahaan yang dimaksud. Rapat juga membahas penanganan sejumlah bencana dan kecelakaan. Di antaranya kecelakaan KMP Virgo Transport 8 di Laut Jawa, pencarian orang hilang di Selat Sunda, serta penanganan pascagempa di Nusa Tenggara Timur (NTT). Prabowo meminta pencarian korban kecelakaan kapal dimaksimalkan dan Menteri Perhubungan terus memberikan informasi kepada keluarga korban. Ia jugameminta hak keluarga korban dipenuhi serta investigasi kecelakaan dilakukan secara mendalam dan objektif. Untuk penanganan pascagempa NTT, Prabowo meminta proses pemulihan dipercepat. Penanganan mencakup pemberian bantuan stimulan, penyediaan hunian sementara, hingga pembangunan kembali rumah-rumah terdampak.","['presiden', 'prabowo', 'subianto', 'tangan', 'bakar', 'hutan', 'lahan', 'karhutla', 'prabowo', 'mewantiwanti', 'bakar', 'hutan', 'lahan', 'alas', 'arah', 'prabowo', 'pimpin', 'rapat', 'virtual', 'istana', 'merdeka', 'jakarta', 'rabu', 'salah', 'materi', 'rapat', 'bahas', 'kembang', 'tangan', 'karhutla', 'kalimantan', 'sumatera', 'bakar', 'hutan', 'lahan', 'alas', 'tangan', 'karhutla', 'kuat', 'cegah', 'sumber', 'tulis', 'akun', 'instagram', 'sekretariatkabinet', 'kutip', 'rabu', 'scroll', 'to', 'continue', 'with', 'content', 'prabowo', 'upaya', 'cegah', 'kuat', 'olah', 'lahan', 'bakar', 'perintah', 'sedia', 'alat', 'damping', 'masyarakat', 'prabowo', 'larang', 'keras', 'atur', 'daerah', 'atur', 'buka', 'lahan', 'bakar', 'dasar', 'izin', 'kepala', 'daerah', 'tindak', 'bukti', 'lalai', 'cegah', 'bakar', 'hutan', 'lahan', 'rapat', 'kapolri', 'jenderal', 'listyo', 'sigit', 'prabowo', 'lapor', 'korporasi', 'langgar', 'dirinci', 'identitas', 'usaha', 'rapat', 'bahas', 'tangan', 'bencana', 'celaka', 'celaka', 'kmp', 'virgo', 'transport', 'laut', 'jawa', 'cari', 'orang', 'hilang', 'selat', 'sunda', 'tangan', 'pascagempa', 'nusa', 'tenggara', 'timur', 'ntt', 'prabowo', 'cari', 'korban', 'celaka', 'kapal', 'maksimal', 'menteri', 'hubung', 'informasi', 'keluarga', 'korban', 'jugameminta', 'hak', 'keluarga', 'korban', 'penuh', 'investigasi', 'celaka', 'dalam', 'objektif', 'tangan', 'pascagempa', 'ntt', 'prabowo', 'proses', 'pulih', 'cepat', 'tangan', 'cakup', 'beri', 'bantu', 'stimulan', 'sedia', 'huni', 'bangun', 'rumahrumah', 'dampak']",Finance
"Nasib dividen Badan Pengelola Investasi (BPI) Daya Anagata Nusantara (Danantara) yang akan disetorkan ke kas negara Rp 120 triliun, belum jelas. Wacana ini pernah diembuskan oleh Purbaya Yudhi Sadewa saat masih menjadi Menteri Keuangan. Malah, Menteri Keuangan (Menkeu) Baru  Suahasil Nazara, enggan bicara soal nasib setoran dividen BUMN tersebut. Usai rapat di Istana Kepresidenan, Rabu (16/9/2026) malam, Suhasil memilih diam seribu bahasa. Suahasil juga enggan berkomentar soal apakah benar Presiden Prabowo Subianto tak setuju dengan rencana menarik dividen Rp 120 triliun dari Danantara. SCROLL TO CONTINUE WITH CONTENT  Ketika pertanyaan-pertanyaan itu dilontarkan kepadanya, dia langsung buru-buru masuk mobil dan memberikan gestur minta maaf kepada awak media. Padahal dia sempat menjawab panjang lebar pertanyaan awak media sebelumnya soal nasib perombakan pejabat Kementerian Keuangan. Pertanyaan serupa juga ditanyakan kepada CEO Danantara Rosan Roeslani usai rapat di Istana. Berbeda dengan Suahasil, Rosan buka suara menyatakan perlu berdiskusi terlebih dahulu dengan Suahasil. ""Kita kan ada beberapa hal yang nanti kami duduk dengan Prof Suahasil. Ya semuanya akan kita diskusikan gitu ya. Rencananya juga akan segera bertemu dan apa... Kita komunikasinya sangat-sangat baik dan saya yakin semuanya pasti akan ada selalu solusi yang terbaik gitu,"" ujar Rosan. Ketika ditanya lebih lanjut, Rosan cuma bilang dirinya akan bertemu segera empat mata dengan Suahasil. ""Nanti kita akan ketemu segera kok, ya,"" sebutnya singkat.  Akhir Agustus lalu, Purbaya saat masih menjabat Menteri Keuangan, mengatakan pembahasan dividen masuk kocek negara sudah dibahas dengan Rosan Roeslani. Pemerintah hanya tinggal menunggu eksekusi transfer dana tersebut. ""Sudah dibahas, sudah dipastikan tinggal ditentukan kapan dia mau ngirim itu aja sekitar Rp 120 triliun. Itu yang diputuskan oleh presiden."" ujar Purbaya di kantornya, Jakarta Pusat, Jumat (28/8/2026) yang lalu. Menurut Purbaya, besaran setoran dari Danantara ini menjadi angin segar bagi fiskal negara. Dia membandingkan dengan penerimaan dividen tahun sebelumnya yang hanya mencapai Rp 90 triliun. ""Kalau tahun-tahun sebelumnya saya cuma dapet Rp 90 triliun dari dividen. Kalau meningkat, Rp 120 triliun kan bagus meningkat, malah jadi saya nggak rugi, pemerintah nggak rugi, pendapatan nggak rugi, malah nambah,"" beber Purbaya.","['nasib', 'dividen', 'badan', 'kelola', 'investasi', 'bpi', 'daya', 'anagata', 'nusantara', 'danantara', 'setor', 'kas', 'negara', 'rp', 'triliun', 'wacana', 'embus', 'purbaya', 'yudhi', 'sadewa', 'menteri', 'uang', 'menteri', 'uang', 'menkeu', 'suahasil', 'nazara', 'enggan', 'bicara', 'nasib', 'setor', 'dividen', 'bumn', 'rapat', 'istana', 'presiden', 'rabu', 'malam', 'suhasil', 'pilih', 'diam', 'ribu', 'bahasa', 'suahasil', 'enggan', 'komentar', 'presiden', 'prabowo', 'subianto', 'tuju', 'rencana', 'tarik', 'dividen', 'rp', 'triliun', 'danantara', 'scroll', 'to', 'continue', 'with', 'content', 'pertanyaanpertanyaan', 'lontar', 'langsung', 'buruburu', 'masuk', 'mobil', 'gestur', 'maaf', 'awak', 'media', 'lebar', 'awak', 'media', 'nasib', 'ombak', 'jabat', 'menteri', 'uang', 'ceo', 'danantara', 'ros', 'roeslani', 'rapat', 'istana', 'beda', 'suahasil', 'ros', 'buka', 'suara', 'diskus', 'suahasil', 'duduk', 'prof', 'suahasil', 'ya', 'diskusi', 'gitu', 'ya', 'rencana', 'temu', 'komunikasi', 'sangatsangat', 'solusi', 'baik', 'gitu', 'ros', 'ros', 'bilang', 'temu', 'mata', 'suahasil', 'ketemu', 'ya', 'singkat', 'agustus', 'purbaya', 'jabat', 'menteri', 'uang', 'bahas', 'dividen', 'masuk', 'kocek', 'negara', 'bahas', 'ros', 'roeslani', 'perintah', 'tinggal', 'tunggu', 'eksekusi', 'transfer', 'dana', 'bahas', 'tinggal', 'tentu', 'ngirim', 'aja', 'rp', 'triliun', 'putus', 'presiden', 'purbaya', 'kantor', 'jakarta', 'pusat', 'jumat', 'purbaya', 'besar', 'setor', 'danantara', 'angin', 'segar', 'fiskal', 'negara', 'banding', 'terima', 'dividen', 'capai', 'rp', 'triliun', 'tahuntahun', 'dapet', 'rp', 'triliun', 'dividen', 'tingkat', 'rp', 'triliun', 'bagus', 'tingkat', 'nggak', 'rugi', 'perintah', 'nggak', 'rugi', 'dapat', 'nggak', 'rugi', 'nambah', 'beber', 'purbaya']",Finance
"Menteri Koordinator Infrastruktur dan Pembangunan Kewilayahan Agus Harimurti Yudhoyono (AHY) mengatakan masih ada lebih dari 7.000 titik kawasan kumuh di Indonesia. Dari ribuan kawasan tersebut memiliki tingkat keparahan yang berbeda. AHY mengatakan dari total tersebut, sekitar 100 kawasan masuk kategori kumuh berat. Sementara sisanya masuk dalam kategori sedang dan ringan. ""Ada lebih dari 7.000 titik kawasan kumuh di Indonesia. Tentu dengan berbagai klasifikasi. Yang kelas berat itu sekitar 100. Ada kelas sedang, ada kelas ringan,"" ujar AHY dalam acara Urban Climate Forum 2026 di Jakarta, Rabu (16/9/2026). SCROLL TO CONTINUE WITH CONTENT AHY menjelaskan kondisi permukiman kumuh ini akan menimbulkan persoalan lain. Misalnya muncul berbagai penyakit. Hal ini terjadi karena kurang keterbatasan akses air bersih dan sanitasi yang buruk. Kemudian terkait persoalan ekonomi. Di mana, kualitas hidup yang rendah turut membuat akses terhadap lapangan pekerjaan menjadi lebih sulit. ""Sudah pasti banyak yang sakit, karena hidupnya tidak mendapatkan air bersih, sanitasinya buruk, stunting terjadi, penyakit menular terjadi, ispa, penyakit kulit, dan lain-lain juga menjadi keseharian mereka. Lapangan pekerjaan sulit karena tidak berkualitas hidupnya,"" terangnya. AHY menambahkan penanganan kawasan kumuh tersebut harus dilakukan secara terpadu dan terintegrasi. Di mana revitalisasi tidak cukup hanya memperbaiki kondisi fisik permukiman, tetapi juga harus dibarengi dengan penyediaan fasilitas publik yang memadai. ""Jadi kalau kita mengubah dengan pendekatan yang terpadu, terintegrasi, termasuk didukung oleh fasilitas publik yang memadai,"" sambung AHY.","['menteri', 'koordinator', 'infrastruktur', 'bangun', 'wilayah', 'agus', 'harimurti', 'yudhoyono', 'ahy', 'titik', 'kawasan', 'kumuh', 'indonesia', 'ribu', 'kawasan', 'milik', 'tingkat', 'parah', 'beda', 'ahy', 'total', 'kawasan', 'masuk', 'kategori', 'kumuh', 'berat', 'sisa', 'masuk', 'kategori', 'ringan', 'titik', 'kawasan', 'kumuh', 'indonesia', 'klasifikasi', 'kelas', 'berat', 'kelas', 'kelas', 'ringan', 'ahy', 'acara', 'urban', 'climate', 'forum', 'jakarta', 'rabu', 'scroll', 'to', 'continue', 'with', 'content', 'ahy', 'kondisi', 'mukim', 'kumuh', 'timbul', 'muncul', 'sakit', 'batas', 'akses', 'air', 'bersih', 'sanitasi', 'buruk', 'kait', 'ekonomi', 'kualitas', 'hidup', 'rendah', 'akses', 'lapang', 'kerja', 'sulit', 'sakit', 'hidup', 'air', 'bersih', 'sanitasi', 'buruk', 'stunting', 'sakit', 'tular', 'ispa', 'sakit', 'kulit', 'lainlain', 'hari', 'lapang', 'kerja', 'sulit', 'kualitas', 'hidup', 'terang', 'ahy', 'tangan', 'kawasan', 'kumuh', 'padu', 'integrasi', 'revitalisasi', 'baik', 'kondisi', 'fisik', 'mukim', 'bareng', 'sedia', 'fasilitas', 'publik', 'pada', 'ubah', 'dekat', 'padu', 'integrasi', 'dukung', 'fasilitas', 'publik', 'pada', 'sambung', 'ahy']",Finance
"Menteri Keuangan Suahasil Nazara buka suara soal permintaan Direktur Jenderal Pajak Bimo Wijayanto membatalkan perombakan pejabat di lingkungan Direktorat Jenderal Pajak (DJP). Perombakan terjadi pada Kamis (10/9/2026) saat Purbaya Yudhi Sadewa masih menjabat menteri Keuangan. Soal permintaan itu, Suahasil mengatakan pihaknya masih perlu melakukan diskusi internal. Khususnya untuk melihat proses perombakan yang sempat dilakukan Purbaya. ""Kita mendiskusikan ya, melihat proses maupun yang sedang terjadi, yang sudah terjadi, proses maupun aktivitas dari yang sudah terjadi,"" ujar Suahasil di Kompleks Istana Kepresidenan, Jakarta Pusat, Rabu (16/9/2026). SCROLL TO CONTINUE WITH CONTENT Suahasil juga mengatakan masih menunggu rekomendasi dari para eselon satu atau pejabat di tingkat Direktur Jenderal soal perombakan jabatan. Dia menekankan penunjukan pejabat ada jenjang-jenjangnya tersendiri. ""Nah, ini saya masih sekarang mencoba menunggu dari teman-teman seluruh unit eselon satu, karena kan yang namanya penunjukan pejabat itu ada jenjang-jenjangnya dan kemudian juga dilakukan secara bersama-sama oleh seluruh unit,"" beber Suahasil. Pria yang sebelumnya menjabat Wakil Menteri Keuangan itu pun mengatakan pihaknya perlu struktur pejabat yang dapat bekerja sama antar eselon untuk memperkuat sinergi dan koordinasi. ""Karena kadang-kadang kita memerlukan struktur pejabat yang sifatnya itu lintas unit eselon satu, karena itu memperkuat sinergi, memperkuat koordinasi. Jadi ini yang kita sedang pastikan dan akan kita pastikan sinergi dari Kemenkeu terjadi dengan baik,"" ujar Suahasil. Lalu, apakah kemungkinan pembatalan perombakan pejabat seperti yang diminta oleh Dirjen Pajak Bimo Wijayanto bisa dilakukan? Suahasil enggan bicara tegas apakah pembatalan perombakan pejabat bisa dilakukan. Dia cuma bilang pihaknya juga perlu melihat proses pelantikan yang dilakukan, apakah sesuai tata kelola yang benar atau tidak. ""Kita nanti melihat dulu apa yang sudah dilakukan kemarin. Karena kan kalau seperti pelantikan itu ada juga pelantikan yang hybrid. Nah, ada yang waktu itu datang sehingga ini nanti jadi kombinasi yang keseluruhan. Makasih semuanya,"" ujar Suahasil.  Saksikan Live DetikPagi: ","['menteri', 'uang', 'suahasil', 'nazara', 'buka', 'suara', 'minta', 'direktur', 'jenderal', 'pajak', 'bimo', 'wijayanto', 'batal', 'ombak', 'jabat', 'lingkung', 'direktorat', 'jenderal', 'pajak', 'djp', 'ombak', 'kamis', 'purbaya', 'yudhi', 'sadewa', 'jabat', 'menteri', 'uang', 'minta', 'suahasil', 'diskusi', 'internal', 'proses', 'ombak', 'purbaya', 'diskusi', 'ya', 'proses', 'proses', 'aktivitas', 'suahasil', 'kompleks', 'istana', 'presiden', 'jakarta', 'pusat', 'rabu', 'scroll', 'to', 'continue', 'with', 'content', 'suahasil', 'tunggu', 'rekomendasi', 'eselon', 'jabat', 'tingkat', 'direktur', 'jenderal', 'ombak', 'jabat', 'tekan', 'tunjuk', 'jabat', 'jenjangjenjangnya', 'sendiri', 'coba', 'tunggu', 'temanteman', 'unit', 'eselon', 'nama', 'tunjuk', 'jabat', 'jenjangjenjangnya', 'bersamasama', 'unit', 'beber', 'suahasil', 'pria', 'jabat', 'wakil', 'menteri', 'uang', 'struktur', 'jabat', 'eselon', 'kuat', 'sinergi', 'koordinasi', 'kadangkadang', 'struktur', 'jabat', 'sifat', 'lintas', 'unit', 'eselon', 'kuat', 'sinergi', 'kuat', 'koordinasi', 'pasti', 'pasti', 'sinergi', 'kemenkeu', 'suahasil', 'batal', 'ombak', 'jabat', 'dirjen', 'pajak', 'bimo', 'wijayanto', 'suahasil', 'enggan', 'bicara', 'batal', 'ombak', 'jabat', 'bilang', 'proses', 'lantik', 'sesuai', 'tata', 'kelola', 'kemarin', 'lantik', 'lantik', 'hybrid', 'kombinasi', 'makasih', 'suahasil', 'saksi', 'live', 'detikpagi']",Finance
"PT Summarecon Agung Tbk (SMRA) buka suara soal kasus Hak Guna Bangunan (HGB) di Kabupaten Bogor yang tengah didalami oleh Komisi Pemberantasan Korupsi (KPK). Diketahui, kasus ini turut menjaring Presiden Direktur SMRA, Adrianto Pitojo Adi, dalam Operasi Tangkap Tangan (OTT) KPK beberapa hari lalu. Summarecon mengakui HGB yang menjadi perkara di KPK merupakan milik entitas anak perseroan. Namun hingga saat ini, belum ada perubahan status hukum terhadap sertifikat HGB tersebut. ""SHGB yang sedang diurus tersebut merupakan milik entitas anak Perseroan dan sedang dalam proses pemecahan dan sampai saat ini belum ada perubahan status hukum dikarenakan proses pengurusan tersebut masih berjalan,"" tulis manajemen Summarecon Agung dikutip dari Keterbukaan Informasi, Rabu (16/9/2026). SCROLL TO CONTINUE WITH CONTENT  Manajemen mengatakan, saat ini permintaan keterangan awal dari KPK masih berlangsung. SMRA juga memastikan belum ada dampak pemberitaan tersebut terhadap status HGB hingga kegiatan operasional perseroan. ""Sampai saat ini belum ada dampak atas pemberitaan dan/atau proses pemeriksaan tersebut terhadap Perseroan, termasuk terhadap status HGB, aset, proyek, kegiatan operasional, maupun kondisi keuangan perseroan,"" jelas. Selain Presiden Direktur perseroan, Direktur SMRA Lydia Tjio juga turut menjalankan diperiksa atau dimintakan keterangan oleh KPK. Perseroan juga mengaku akan mematuhi peraturan dan hukum yang berlaku terkait perseoran tersebut. ""Sejalan dengan hal tersebut Perseroan menghormati proses hukum yang saat ini sedang berlangsung di KPK dan bertindak kooperatif dengan pihak-pihak terkait sesuai ketentuan yang berlaku,"" pungkasnya.  Berdasarkan catatandetikcom, korupsi HGB ini bermula dari lingkungan Kementerian Agraria dan Tata Ruang/Badan Pertanahan Nasional (ATR/BPN). Uang dari sejumlah pengurusan layanan pertanahan diduga dikumpulkan oleh orang-orang kepercayaan Menteri ATR/BPN, Nusron Wahid. Plt Direktur Penyidikan KPK, Achmad Taufik Husein, mengungkap salah satu aliran uang tersebut berkaitan dengan pengurusan HGB milik Summarecon. Kasus ini bermula ketika para pemilik tanah atau ahli waris menggugat penerbitan 9 SHGB Summarecon ke PTUN Bandung. SHGB tersebut diterbitkan oleh Kepala Kantor Wilayah ATR/BPN Jawa Barat dan Kepala Kantor Pertanahan Kabupaten Bogor. Dalam prosesnya, Kantor Pertanahan Bogor mengundang ahli waris untuk melakukan mediasi. Ahli waris kemudian mengajukan blokir terhadap SHGB Summarecon dan mencabut gugatan mereka di PTUN Bandung. Setelah itu, terjadi komunikasi antara Yaser Alfarisi (YA), pihak swasta/perantara Summarecon, dengan Erwin (ERW), pihak swasta yang diduga merupakan orang kepercayaan Menteri ATR/BPN.  Erwin disebut menyampaikan bahwa Sontang Coin Manurung (SON) selaku Kepala Kantor Pertanahan Kabupaten Bogor I, tidak mau membuka blokir dan melakukan pemecahan HGB kecuali mendapat arahan dari atasannya. Yaser dan Rizal Pahlevi (LEV) kemudian mendekati Erwin agar membantu berkomunikasi dengan Sontang. Dari komunikasi tersebut, pada awal Agustus 2026, muncul informasi bahwa untuk pembukaan blokir dan atau penerbitan sertifikat tanah Summarecon, Sontana melalui Erwin meminta fee dengan kode ""dua"". ""Fee dengan kode 'dua' yang diduga sejumlah Rp 2 miliar,"" kata Achmad Taufik dalam konferensi pers di Gedung KPK, Jakarta Selatan, Selasa (15/9/2026). Pihak Summarecon disebut hanya menyanggupi Rp 1,5 miliar. Sebab, masih ada pihak lain yang diduga akan mendapatkan ""fee broker"" dalam pengurusan tersebut. Pada 27 Agustus 2026, Direktur Utama Summarecon Adrianto Pitojo Adi (ADR) melalui Yaser dan Rizal diduga menyerahkan uang Rp 1,5 miliar kepada Erwin. Dari uang tersebut, ERW kemudian diduga menyerahkan Rp 200 juta kepada Sontana. Uang itu diserahkan di sebuah kafe di Jakarta Selatan untuk fee pembukaan blokir dan pemecahan HGB pihak Summarecon.","['pt', 'summarecon', 'agung', 'tbk', 'smra', 'buka', 'suara', 'hak', 'bangun', 'hgb', 'kabupaten', 'bogor', 'dalam', 'komisi', 'berantas', 'korupsi', 'kpk', 'jaring', 'presiden', 'direktur', 'smra', 'adrianto', 'pitojo', 'adi', 'operasi', 'tangkap', 'tangan', 'ott', 'kpk', 'summarecon', 'aku', 'hgb', 'perkara', 'kpk', 'milik', 'entitas', 'anak', 'persero', 'ubah', 'status', 'hukum', 'sertifikat', 'hgb', 'shgb', 'urus', 'milik', 'entitas', 'anak', 'persero', 'proses', 'pecah', 'ubah', 'status', 'hukum', 'proses', 'urus', 'jalan', 'tulis', 'manajemen', 'summarecon', 'agung', 'kutip', 'buka', 'informasi', 'rabu', 'scroll', 'to', 'continue', 'with', 'content', 'manajemen', 'minta', 'terang', 'kpk', 'smra', 'dampak', 'berita', 'status', 'hgb', 'giat', 'operasional', 'persero', 'dampak', 'berita', 'danatau', 'proses', 'periksa', 'persero', 'status', 'hgb', 'aset', 'proyek', 'giat', 'operasional', 'kondisi', 'uang', 'persero', 'presiden', 'direktur', 'persero', 'direktur', 'smra', 'lydia', 'tjio', 'jalan', 'periksa', 'minta', 'terang', 'kpk', 'persero', 'aku', 'patuh', 'atur', 'hukum', 'laku', 'kait', 'perseoran', 'jalan', 'persero', 'hormat', 'proses', 'hukum', 'kpk', 'tindak', 'kooperatif', 'pihakpihak', 'kait', 'sesuai', 'tentu', 'laku', 'pungkas', 'dasar', 'catatandetikcom', 'korupsi', 'hgb', 'lingkung', 'menteri', 'agraria', 'tata', 'ruangbadan', 'tanah', 'nasional', 'atrbpn', 'uang', 'urus', 'layan', 'tanah', 'duga', 'kumpul', 'orangorang', 'percaya', 'menteri', 'atrbpn', 'nusron', 'wahid', 'plt', 'direktur', 'sidi', 'kpk', 'achmad', 'taufik', 'husein', 'ungkap', 'salah', 'alir', 'uang', 'kait', 'urus', 'hgb', 'milik', 'summarecon', 'milik', 'tanah', 'ahli', 'waris', 'gugat', 'terbit', 'shgb', 'summarecon', 'ptun', 'bandung', 'shgb', 'terbit', 'kepala', 'kantor', 'wilayah', 'atrbpn', 'jawa', 'barat', 'kepala', 'kantor', 'tanah', 'kabupaten', 'bogor', 'proses', 'kantor', 'tanah', 'bogor', 'undang', 'ahli', 'waris', 'mediasi', 'ahli', 'waris', 'aju', 'blokir', 'shgb', 'summarecon', 'cabut', 'gugat', 'ptun', 'bandung', 'komunikasi', 'yaser', 'alfarisi', 'ya', 'swastaperantara', 'summarecon', 'erwin', 'erw', 'swasta', 'duga', 'orang', 'percaya', 'menteri', 'atrbpn', 'erwin', 'sontang', 'coin', 'manurung', 'son', 'kepala', 'kantor', 'tanah', 'kabupaten', 'bogor', 'i', 'buka', 'blokir', 'pecah', 'hgb', 'kecuali', 'arah', 'atas', 'yaser', 'rizal', 'pahlevi', 'lev', 'dekat', 'erwin', 'bantu', 'komunikasi', 'sontang', 'komunikasi', 'agustus', 'muncul', 'informasi', 'buka', 'blokir', 'terbit', 'sertifikat', 'tanah', 'summarecon', 'sontana', 'erwin', 'fee', 'kode', 'fee', 'kode', 'duga', 'rp', 'miliar', 'achmad', 'taufik', 'konferensi', 'pers', 'gedung', 'kpk', 'jakarta', 'selatan', 'selasa', 'summarecon', 'sanggup', 'rp', 'miliar', 'duga', 'fee', 'broker', 'urus', 'agustus', 'direktur', 'utama', 'summarecon', 'adrianto', 'pitojo', 'adi', 'adr', 'yaser', 'rizal', 'duga', 'serah', 'uang', 'rp', 'miliar', 'erwin', 'uang', 'erw', 'duga', 'serah', 'rp', 'juta', 'sontana', 'uang', 'serah', 'kafe', 'jakarta', 'selatan', 'fee', 'buka', 'blokir', 'pecah', 'hgb', 'summarecon']",Finance
"Selama 34 tahun, PT Chandra Asri Pacific Tbk (Chandra Asri Group) telah menjadi bagian dari perjalanan pertumbuhan industri Indonesia. Sebagai perusahaan pertama yang mengoperasikan naphtha cracker di Indonesia, Chandra Asri Group membangun fondasi industri petrokimia nasional dan terus melayani kebutuhan industri dalam negeri melalui produk-produk yang digunakan di berbagai sektor. Presiden Direktur Chandra Asri Group, Erwin Ciputra, menjelaskan perusahaan telah tumbuh bersama Indonesia selama 34 tahun melalui pembangunan kapasitas petrokimia nasional. Langkah ini terus disesuaikan dengan perkembangan kebutuhan nasional lewat peningkatan kapabilitas serta diversifikasi bisnis. ""Selama 34 tahun, kami telah tumbuh bersama Indonesia. Kami memulai perjalanan dengan membangun kapasitas petrokimia nasional dan melayani industri melalui produk-produk yang kami hasilkan. Seiring waktu, kebutuhan Indonesia juga berkembang, dan kami pun terus membangun kapabilitas baru melalui diversifikasi bisnis,"" ujar Erwin dalam keterangan tertulis, Rabu (16/9/2026). SCROLL TO CONTINUE WITH CONTENT Erwin menilai ekspansi bisnis ke tingkat regional menjadi bagian penting dari perjalanan pertumbuhan Chandra Asri Group. Ekspansi ini diyakini mampu membuka peluang bagi talenta lokal serta memperkuat kembali basis bisnis perusahaan di Indonesia. ""Bagi kami, pertumbuhan regional juga merupakan bagian dari perjalanan tersebut. Ketika bisnis kami berkembang di kawasan, Chandra Asri Group membuka peluang bagi talenta Indonesia, membawa kapabilitas Indonesia ke pasar regional, dan menciptakan manfaat yang dapat kembali memperkuat basis bisnis kami di Indonesia,"" tuturnya. Selama lebih dari tiga dekade, produk Chandra Asri Group telah digunakan sebagai bahan baku oleh berbagai sektor industri. Komoditas ini menopang industri kemasan, otomotif, konstruksi, elektronik dan mendukung kebutuhan sehari-hari masyarakat Indonesia. Peran tersebut merupakan bagian dari perjalanan panjang Chandra Asri Group dalam membangun kapasitas industri petrokimia di Indonesia. Dengan menyediakan bahan baku dalam negeri, Chandra Asri Group turut menjadi bagian dari rantai pasok industri nasional dan mendukung berkembangnya industri hilir. Komitmen untuk terus memperkuat kapasitas tersebut tercermin dalam pembangunan fasilitas Chlor Alkali dan Ethylene Dichloride (CA-EDC) di Cilegon, Banten. Hingga Juli 2026, pembangunan fasilitas yang dikelola melalui PT Chandra Asri Alkali (CAA) telah mencapai 72% dan memasuki fase utama pembangunan infrastruktur, dengan target mulai beroperasi secara komersial pada 2027. Proyek dengan nilai investasi lebih dari US$800 juta ini menjadi bagian dari strategi jangka panjang Group untuk memperkuat keandalan pasokan bahan kimia dasar bagi industri nasional. Langkah ini diharapkan mampu mengurangi ketergantungan impor, menciptakan lapangan kerja dan membuka peluang bagi tenaga kerja Indonesia di sektor industri dan manufaktur. Di tingkat regional, akuisisi Aster Chemicals and Energy (Aster) memperluas pijakan Perusahaan di sektor energi dan kimia. Sementara itu, integrasi jaringan Esso di Singapura memperkuat pengalaman Group dalam mengelola bisnis energi dan jaringan ritel bahan bakar. Pengembangan ini memperkuat keterhubungan aset dan kapabilitas grup dalam pengelolaan energi, operasional, rantai pasok dan layanan kepada pelanggan. Melalui Aster, Chandra Asri Group juga dapat mendukung ketahanan energi dengan menyediakan produk petroleum, termasuk bensin, bahan bakar jet, gas oil dan bitumen untuk mendukung berbagai industri di Indonesia. Chandra Asri Group terus memperkuat kapabilitas domestik sekaligus memperluas jangkauan operasionalnya di pasar regional. Langkah ini dilakukan guna membangun platform energi yang dapat mendukung kebutuhan bisnis dalam jangka panjang. Sektor infrastruktur menjadi bagian penting dalam perjalanan transformasi Chandra Asri Group. Pengembangan tersebut dijalankan melalui PT Chandra Daya Investasi Tbk (CDI) yang mencakup layanan daya, air industri, kepelabuhanan, hingga logistik guna memperkuat posisinya sebagai platform infrastruktur di tingkat regional pada 2026. Perkembangan ini memperluas peran Group dalam rantai nilai industri. Kini Perusahaan juga membangun infrastruktur yang mendukung pergerakan barang, penyimpanan dan utilitas untuk memenuhi kebutuhan industri. Dengan demikian, bisnis infrastruktur menjadi pelengkap bagi kekuatan Group di bidang energi dan kimia. Langkah ini sekaligus membuka peluang besar dalam membangun ekosistem industri yang semakin terintegrasi. Ekspansi Chandra Asri Group di kawasan tidak hanya memperluas skala bisnis, tetapi juga membuka peluang baru yang dapat memberikan manfaat bagi Indonesia. Salah satunya melalui PT Chandra Asri Sentral Solusi (CASS) sebagai mitra strategis untuk mendukung operasional entitas Group di Singapura sekaligus membangun proses yang lebih terintegrasi dan terstandarisasi, memanfaatkan teknologi digital, serta memperkuat operational excellence. Bagi Chandra Asri Group, hal ini menjadi salah satu bentuk bagaimana pertumbuhan regional dapat menghasilkan dampak bagi Indonesia. Langkah ini dilakukan dengan memperluas bisnis di pasar regional sembari terus memperkuat pengembangan talenta dan fungsi strategis di dalam negeri. Pertumbuhan regional juga memberikan kesempatan bagi Chandra Asri Group untuk membawa nama dan kapabilitas Indonesia ke pasar yang lebih luas. Seiring dengan berkembangnya bisnis Group di kawasan, pengetahuan dan pengalaman yang diperoleh dapat dibawa kembali untuk memperkuat bisnis dan sumber daya manusia di Indonesia. Indonesia tetap menjadi tempat bagi Chandra Asri Group untuk membangun fondasi bisnis, mengembangkan fasilitas industri, menciptakan lapangan kerja, dan menumbuhkan talenta. Pada saat yang sama, ekspansi ke kawasan memberikan ruang bagi Perseroan untuk mengembangkan kemampuan baru, memperluas jaringan dan membawa kapabilitas yang dibangun ke pasar regional. Melalui pendekatan tersebut, Chandra Asri Group terus membangun hubungan yang semakin erat antara bisnis di Indonesia dan operasional regional. Hal ini bertujuan agar pertumbuhan di satu bagian Perusahaan dapat memperkuat kemampuan di bagian lainnya. ""Memasuki tahun ke-34, kami melihat perjalanan Chandra Asri Group bukan hanya sebagai perjalanan Perusahaan, tetapi juga sebagai upaya untuk terus relevan dengan kebutuhan Indonesia. Dari bahan baku yang digunakan oleh industri, investasi pada kapasitas baru, penciptaan lapangan kerja, infrastruktur yang mendukung rantai pasok, hingga kesempatan bagi talenta Indonesia untuk berkembang dalam bisnis regional, kami ingin terus membangun kapabilitas yang memberikan manfaat nyata,"" pungkas Erwin. ","['pt', 'chandra', 'asri', 'pacific', 'tbk', 'chandra', 'asri', 'group', 'jalan', 'tumbuh', 'industri', 'indonesia', 'usaha', 'operasi', 'naphtha', 'cracker', 'indonesia', 'chandra', 'asri', 'group', 'bangun', 'fondasi', 'industri', 'petrokimia', 'nasional', 'layan', 'butuh', 'industri', 'negeri', 'produkproduk', 'sektor', 'presiden', 'direktur', 'chandra', 'asri', 'group', 'erwin', 'ciputra', 'usaha', 'tumbuh', 'indonesia', 'bangun', 'kapasitas', 'petrokimia', 'nasional', 'langkah', 'sesuai', 'kembang', 'butuh', 'nasional', 'tingkat', 'kapabilitas', 'diversifikasi', 'bisnis', 'tumbuh', 'indonesia', 'jalan', 'bangun', 'kapasitas', 'petrokimia', 'nasional', 'layan', 'industri', 'produkproduk', 'hasil', 'iring', 'butuh', 'indonesia', 'kembang', 'bangun', 'kapabilitas', 'diversifikasi', 'bisnis', 'erwin', 'terang', 'tulis', 'rabu', 'scroll', 'to', 'continue', 'with', 'content', 'erwin', 'nilai', 'ekspansi', 'bisnis', 'tingkat', 'regional', 'jalan', 'tumbuh', 'chandra', 'asri', 'group', 'ekspansi', 'yakin', 'buka', 'peluang', 'talenta', 'lokal', 'kuat', 'basis', 'bisnis', 'usaha', 'indonesia', 'tumbuh', 'regional', 'jalan', 'bisnis', 'kembang', 'kawasan', 'chandra', 'asri', 'group', 'buka', 'peluang', 'talenta', 'indonesia', 'bawa', 'kapabilitas', 'indonesia', 'pasar', 'regional', 'cipta', 'manfaat', 'kuat', 'basis', 'bisnis', 'indonesia', 'dekade', 'produk', 'chandra', 'asri', 'group', 'bahan', 'baku', 'sektor', 'industri', 'komoditas', 'topang', 'industri', 'kemas', 'otomotif', 'konstruksi', 'elektronik', 'dukung', 'butuh', 'seharihari', 'masyarakat', 'indonesia', 'peran', 'jalan', 'chandra', 'asri', 'group', 'bangun', 'kapasitas', 'industri', 'petrokimia', 'indonesia', 'sedia', 'bahan', 'baku', 'negeri', 'chandra', 'asri', 'group', 'rantai', 'pasok', 'industri', 'nasional', 'dukung', 'kembang', 'industri', 'hilir', 'komitmen', 'kuat', 'kapasitas', 'cermin', 'bangun', 'fasilitas', 'chlor', 'alkali', 'ethylene', 'dichloride', 'caedc', 'cilegon', 'banten', 'juli', 'bangun', 'fasilitas', 'kelola', 'pt', 'chandra', 'asri', 'alkali', 'caa', 'capai', 'pasuk', 'fase', 'utama', 'bangun', 'infrastruktur', 'target', 'operasi', 'komersial', 'proyek', 'nilai', 'investasi', 'us', 'juta', 'strategi', 'jangka', 'group', 'kuat', 'andal', 'pasok', 'bahan', 'kimia', 'dasar', 'industri', 'nasional', 'langkah', 'harap', 'kurang', 'gantung', 'impor', 'cipta', 'lapang', 'kerja', 'buka', 'peluang', 'tenaga', 'kerja', 'indonesia', 'sektor', 'industri', 'manufaktur', 'tingkat', 'regional', 'akuisisi', 'aster', 'chemicals', 'and', 'energy', 'aster', 'luas', 'pijak', 'usaha', 'sektor', 'energi', 'kimia', 'integrasi', 'jaring', 'esso', 'singapura', 'kuat', 'alam', 'group', 'kelola', 'bisnis', 'energi', 'jaring', 'ritel', 'bahan', 'bakar', 'kembang', 'kuat', 'hubung', 'aset', 'kapabilitas', 'grup', 'kelola', 'energi', 'operasional', 'rantai', 'pasok', 'layan', 'langgan', 'aster', 'chandra', 'asri', 'group', 'dukung', 'tahan', 'energi', 'sedia', 'produk', 'petroleum', 'bensin', 'bahan', 'bakar', 'jet', 'gas', 'oil', 'bitumen', 'dukung', 'industri', 'indonesia', 'chandra', 'asri', 'group', 'kuat', 'kapabilitas', 'domestik', 'luas', 'jangkau', 'operasional', 'pasar', 'regional', 'langkah', 'bangun', 'platform', 'energi', 'dukung', 'butuh', 'bisnis', 'jangka', 'sektor', 'infrastruktur', 'jalan', 'transformasi', 'chandra', 'asri', 'group', 'kembang', 'jalan', 'pt', 'chandra', 'daya', 'investasi', 'tbk', 'cdi', 'cakup', 'layan', 'daya', 'air', 'industri', 'kepelabuhanan', 'logistik', 'kuat', 'posisi', 'platform', 'infrastruktur', 'tingkat', 'regional', 'kembang', 'luas', 'peran', 'group', 'rantai', 'nilai', 'industri', 'usaha', 'bangun', 'infrastruktur', 'dukung', 'gera', 'barang', 'simpan', 'utilitas', 'penuh', 'butuh', 'industri', 'bisnis', 'infrastruktur', 'lengkap', 'kuat', 'group', 'bidang', 'energi', 'kimia', 'langkah', 'buka', 'peluang', 'bangun', 'ekosistem', 'industri', 'integrasi', 'ekspansi', 'chandra', 'asri', 'group', 'kawasan', 'luas', 'skala', 'bisnis', 'buka', 'peluang', 'manfaat', 'indonesia', 'salah', 'satu', 'pt', 'chandra', 'asri', 'sentral', 'solusi', 'cass', 'mitra', 'strategis', 'dukung', 'operasional', 'entitas', 'group', 'singapura', 'bangun', 'proses', 'integrasi', 'standar', 'manfaat', 'teknologi', 'digital', 'kuat', 'operational', 'excellence', 'chandra', 'asri', 'group', 'salah', 'bentuk', 'tumbuh', 'regional', 'hasil', 'dampak', 'indonesia', 'langkah', 'luas', 'bisnis', 'pasar', 'regional', 'sembari', 'kuat', 'kembang', 'talenta', 'fungsi', 'strategis', 'negeri', 'tumbuh', 'regional', 'sempat', 'chandra', 'asri', 'group', 'bawa', 'nama', 'kapabilitas', 'indonesia', 'pasar', 'luas', 'iring', 'kembang', 'bisnis', 'group', 'kawasan', 'tahu', 'alam', 'oleh', 'bawa', 'kuat', 'bisnis', 'sumber', 'daya', 'manusia', 'indonesia', 'indonesia', 'chandra', 'asri', 'group', 'bangun', 'fondasi', 'bisnis', 'kembang', 'fasilitas', 'industri', 'cipta', 'lapang', 'kerja', 'tumbuh', 'talenta', 'ekspansi', 'kawasan', 'ruang', 'persero', 'kembang', 'mampu', 'luas', 'jaring', 'bawa', 'kapabilitas', 'bangun', 'pasar', 'regional', 'dekat', 'chandra', 'asri', 'group', 'bangun', 'hubung', 'erat', 'bisnis', 'indonesia', 'operasional', 'regional', 'tuju', 'tumbuh', 'usaha', 'kuat', 'mampu', 'pasuk', 'jalan', 'chandra', 'asri', 'group', 'jalan', 'usaha', 'upaya', 'relevan', 'butuh', 'indonesia', 'bahan', 'baku', 'industri', 'investasi', 'kapasitas', 'cipta', 'lapang', 'kerja', 'infrastruktur', 'dukung', 'rantai', 'pasok', 'sempat', 'talenta', 'indonesia', 'kembang', 'bisnis', 'regional', 'bangun', 'kapabilitas', 'manfaat', 'nyata', 'pungkas', 'erwin']",Finance
"Jakarta- Usai diresmikan Presiden Prabowo Subianto, warga mulai menggunakan LRT Jakarta rute Kelapa Gading-Manggarai.","['jakarta', 'resmi', 'presiden', 'prabowo', 'subianto', 'warga', 'lrt', 'jakarta', 'rute', 'kelapa', 'gadingmanggarai']",Finance
"Fitch Ratings Indonesia menurunkan peringkat nasional jangka panjang dan peringkat utang senior tanpa jaminan PT Pos Indonesia (Persero) menjadi C (idn) dari CC (idn). Hal tersebut dilakukan imbas gagal bayar (galbay) yang dilakukan Pos Indonesia terhadap bunga sukuk ijarah. Fitch Ratings juga tidak memberikanoutlookterhadap prospek utang Pos Indonesia. Pasalnya, predikat C pada peringkat utang perusahaan biasanya mencerminkan volatilitas yang sangat tinggi. ""Fitch Ratings Indonesia telah menurunkan Peringkat Nasional Jangka Panjang dan peringkat utang senior tanpa jaminan PT Pos Indonesia (Persero) (POST) menjadi C(idn) dari CC(idn),"" tulis pengumuman Fitch Ratings Indonesia, dikutip Rabu (16/9/2026). SCROLL TO CONTINUE WITH CONTENT  Fitch menjelaskan, keputusan ini menyusul galbay Pos Indonesia terhadap bunga sukuk ijarah tahap kedua yang jatuh tempo pada 28 Agustus 2026. Selain itu, Fitch juga menurunkan Standalone Credit Profile (SCP) Pos Indonesia menjadi 'C(idn)' dari 'CC(idn)' karena proses galbay atau proses serupa gagal bayar. ""Fitch juga menurunkan Standalone Credit Profile (SCP) POST menjadi c(idn) dari cc(idn), karena proses gagal bayar atau proses serupa gagal bayar telah dimulai, sejalan dengan panduan pada bagian Lower Speculative Grade dalam kriteria Public Policy Revenue-Supported Entities Rating,"" tulis pengumuman Fitch. Sebagai informasi, Pos Indonesia melakukan penundaan pembayaran Bunga Sukuk Ijarah Berkelanjutan I Pos Indonesia Tahap II Tahun 2025 Seri A-C ke-5. Adapun pembayaran bunga tersebut jatuh tempo pada 27 Agustus 2026. Dikutip dari Keterbukaan Informasi, total bunga sukuk ijarah sebesar Rp 11.656.250.000. Pos Indonesia mengakui penundaan pembayaran bunga terjadi karena kondisi kas dan likuiditas perseroan yang belum memungkinkan memenuhi kebutuhan tersebut. Kondisi ini yang menyebabkan dipangkasnya peringkat utang Pos Indonesia. Perseoran dianggap telah memasuki masa tenggang kontraktual pembayaran bunga sukuk ijarah. ""POST telah memasuki masa tenggang kontraktual selama 14 hari kerja, berdasarkan dokumentasi sukuk,"" jelas pengumuman Fitch.","['fitch', 'ratings', 'indonesia', 'turun', 'peringkat', 'nasional', 'jangka', 'peringkat', 'utang', 'senior', 'jamin', 'pt', 'pos', 'indonesia', 'persero', 'c', 'idn', 'cc', 'idn', 'imbas', 'gagal', 'bayar', 'galbay', 'pos', 'indonesia', 'bunga', 'sukuk', 'ijarah', 'fitch', 'ratings', 'memberikanoutlookterhadap', 'prospek', 'utang', 'pos', 'indonesia', 'pasal', 'predikat', 'c', 'peringkat', 'utang', 'usaha', 'cermin', 'volatilitas', 'fitch', 'ratings', 'indonesia', 'turun', 'peringkat', 'nasional', 'jangka', 'peringkat', 'utang', 'senior', 'jamin', 'pt', 'pos', 'indonesia', 'persero', 'post', 'cidn', 'ccidn', 'tulis', 'umum', 'fitch', 'ratings', 'indonesia', 'kutip', 'rabu', 'scroll', 'to', 'continue', 'with', 'content', 'fitch', 'putus', 'susul', 'galbay', 'pos', 'indonesia', 'bunga', 'sukuk', 'ijarah', 'tahap', 'jatuh', 'tempo', 'agustus', 'fitch', 'turun', 'standalone', 'credit', 'profile', 'scp', 'pos', 'indonesia', 'cidn', 'ccidn', 'proses', 'galbay', 'proses', 'gagal', 'bayar', 'fitch', 'turun', 'standalone', 'credit', 'profile', 'scp', 'post', 'cidn', 'ccidn', 'proses', 'gagal', 'bayar', 'proses', 'gagal', 'bayar', 'jalan', 'pandu', 'lower', 'speculative', 'grade', 'kriteria', 'public', 'policy', 'revenuesupported', 'entities', 'rating', 'tulis', 'umum', 'fitch', 'informasi', 'pos', 'indonesia', 'tunda', 'bayar', 'bunga', 'sukuk', 'ijarah', 'lanjut', 'i', 'pos', 'indonesia', 'tahap', 'ii', 'seri', 'ac', 'bayar', 'bunga', 'jatuh', 'tempo', 'agustus', 'kutip', 'buka', 'informasi', 'total', 'bunga', 'sukuk', 'ijarah', 'rp', 'pos', 'indonesia', 'aku', 'tunda', 'bayar', 'bunga', 'kondisi', 'kas', 'likuiditas', 'persero', 'penuh', 'butuh', 'kondisi', 'sebab', 'pangkas', 'peringkat', 'utang', 'pos', 'indonesia', 'perseoran', 'anggap', 'pasuk', 'tenggang', 'kontraktual', 'bayar', 'bunga', 'sukuk', 'ijarah', 'post', 'pasuk', 'tenggang', 'kontraktual', 'kerja', 'dasar', 'dokumentasi', 'sukuk', 'umum', 'fitch']",Finance
"PT Pelabuhan Indonesia (Persero) atau Pelindo meluncurkan layanan Onshore Power Supply (OPS) berkapasitas 500 kVA di Terminal PNP Dermaga 004, Pelabuhan Tanjung Priok, Jakarta. Fasilitas ini memungkinkan kapal yang bersandar menggunakan listrik dari darat sehingga penggunaan mesin bantu kapal dapat dikurangi. ""Kami yakin implementasi OPS di Pelabuhan Tanjung Priok dapat menjadi best practice dan menjadi bagian dari transformasi pelabuhan-pelabuhan di Indonesia menuju pelabuhan yang lebih hijau, efisien, berdaya saing dan berkelanjutan"" ujar Kepala KSOP Utama Tanjung Priok, Heru Susanto dalam keterangannya, Rabu (16/9/2026). Pengoperasian OPS menjadi salah satu langkah Pelindo dalam mendorong transformasi Pelabuhan Tanjung Priok menuju green port. Selain mengurangi konsumsi bahan bakar minyak (BBM) selama kapal bersandar, penggunaan listrik darat dapat mengurangi running hours mesin bantu kapal, kebutuhan pemeliharaan, emisi gas buang, kebisingan, dan getaran di area dermaga. SCROLL TO CONTINUE WITH CONTENT Direktur Utama Pelindo, Achmad Muchtasyar mengatakan pengembangan OPS merupakan bagian dari upaya Pelindo membangun ekosistem pelabuhan yang semakin hijau, efisien, dan siap menghadapi perkembangan standar industri maritim global.   ""OPS bukan sekadar menggantikan sumber listrik kapal dari genset menjadi listrik darat. Ini merupakan langkah konkret dalam transformasi Pelabuhan Tanjung Priok menuju green port, dengan menghadirkan energi yang lebih efisien, lebih bersih, dan lebih andal. Kami ingin membangun ekosistem pelabuhan yang tidak hanya semakin produktif, tetapi juga semakin berkelanjutan,"" ungkap Achmad.  Sementara itu, Direktur Utama PT PLN (Persero), Darmawan Prasodjo mengungkapkan pihaknya turut mendukung pengembangan OPS. Dukungan ini menjadi bagian dari kolaborasi penyediaan ekosistem kelistrikan yang andal untuk mendukung transisi energi di kawasan pelabuhan. ""PLN siap mendukung transformasi sektor kepelabuhanan melalui penyediaan pasokan listrik yang andal untuk kapal sandar. Lewat kolaborasi ini, kami ingin mendorong produktivitas melalui penghematan para pelaku usaha di bidang maritim dan mengoptimalkan aktivitas pelabuhan, sekaligus menekan emisi yang dihasilkan,"" jelasnya. OPS Bantu Tekan Emisi Kapal Saat Bersandar OPS bekerja melalui skema shore-to-ship power. Saat kapal bersandar dan terhubung dengan fasilitas tersebut, kebutuhan listrik kapal seperti hotel load, reefer, pompa, dan kebutuhan operasional lainnya dapat dipasok melalui jaringan listrik darat sehingga auxiliary engine kapal dapat dimatikan selama penggunaan OPS. Berdasarkan pengujian yang dilakukan, implementasi OPS diperkirakan dapat mengurangi emisi gas buang kapal hingga 75 persen. Emisi lokal dari cerobong kapal seperti nitrogen oksida (NOx), sulfur oksida (SOx), dan partikulat juga dapat dihilangkan selama kapal sepenuhnya menggunakan pasokan listrik darat.  Dari sisi efisiensi, pengukuran terhadap dua kapal uji menunjukkan potensi penghematan biaya energi sekitar 40 hingga 64 persen dibandingkan penggunaan genset kapal, bergantung pada jenis mesin dan bahan bakar yang digunakan. Berkurangnya running hours auxiliary engine juga dapat menekan kebutuhan pemeliharaan dan memperpanjang interval overhaul mesin. Dalam pengoperasiannya, Pelindo menugaskan PT Energi Pelabuhan Indonesia (EPI) untuk mengelola layanan OPS. Sebagai bagian dari Pelindo Group, EPI mengelola jaringan distribusi listrik internal kawasan pelabuhan sekaligus memastikan kesiapan dan keandalan pasokan listrik dari darat ke kapal. Direktur Utama PT EPI, Andriyuda Siahaan mengatakan fasilitas OPS di Dermaga 004 telah melalui Site Acceptance Test (SAT) dan berhasil diuji coba pada kapal niaga pada Juli 2026. ""Sebagai operator, PT EPI memastikan keandalan pasokan listrik dan kesiapan teknis layanan di dermaga. OPS juga membuka pengembangan layanan energi yang lebih terukur bagi pengguna jasa berdasarkan konsumsi listrik dan tingkat layanan yang dibutuhkan,"" ucap Andriyuda.  Dorong Pengembangan OPS di Pelabuhan Lain Peluncuran layanan OPS di Pelabuhan Tanjung Priok menjadi tahap awal pengembangan layanan secara lebih luas. Setelah tahap pilot dan komersialisasi di Dermaga 004, Pelindo akan melakukan pengembangan secara bertahap ke terminal lainnya dengan kapasitas yang disesuaikan dengan profil kebutuhan kapal. Dalam roadmap pengembangan, Pelindo mengarahkan pengembangan OPS di Tanjung Priok hingga 24 unit pada 2027. Dalam jangka panjang, model tersebut direncanakan untuk direplikasi secara bertahap ke terminal multipurpose, dermaga umum, serta pelabuhan lainnya, dengan roadmap indikatif pengembangan nasional hingga 123 unit OPS pada 2050. ""Dari Tanjung Priok, kami ingin membangun fondasi untuk memperluas solusi transisi energi ke terminal dan pelabuhan lainnya di Indonesia. Pelabuhan masa depan harus semakin produktif dan efisien, sekaligus mampu tumbuh dengan memperhatikan keberlanjutan lingkungan,"" pungkas Achmad. Sebagai informasi, peluncuran fasilitas layanan OPS tersebut turut dihadiri perwakilan Kementerian Perhubungan (Kemenhub), Kementerian Energi dan Sumber Daya Mineral (Kementerian ESDM), Kantor Kesyahbandaran dan Otoritas Pelabuhan (KSOP) Utama Tanjung Priok, Polres Pelabuhan Tanjung Priok, Asosiasi Pemilik Kapal (INSA), PT PLN (Persero) serta jajaran manajemen Pelindo Group. ","['pt', 'labuh', 'indonesia', 'persero', 'pelindo', 'luncur', 'layan', 'onshore', 'power', 'supply', 'ops', 'kapasitas', 'kva', 'terminal', 'pnp', 'dermaga', 'labuh', 'tanjung', 'priok', 'jakarta', 'fasilitas', 'kapal', 'sandar', 'listrik', 'darat', 'guna', 'mesin', 'bantu', 'kapal', 'rang', 'implementasi', 'ops', 'labuh', 'tanjung', 'priok', 'best', 'practice', 'transformasi', 'pelabuhanpelabuhan', 'indonesia', 'labuh', 'hijau', 'efisien', 'daya', 'saing', 'lanjut', 'kepala', 'ksop', 'utama', 'tanjung', 'priok', 'heru', 'susanto', 'terang', 'rabu', 'operasi', 'ops', 'salah', 'langkah', 'pelindo', 'dorong', 'transformasi', 'labuh', 'tanjung', 'priok', 'green', 'port', 'kurang', 'konsumsi', 'bahan', 'bakar', 'minyak', 'bbm', 'kapal', 'sandar', 'guna', 'listrik', 'darat', 'kurang', 'running', 'hours', 'mesin', 'bantu', 'kapal', 'butuh', 'pelihara', 'emisi', 'gas', 'buang', 'bising', 'getar', 'area', 'dermaga', 'scroll', 'to', 'continue', 'with', 'content', 'direktur', 'utama', 'pelindo', 'achmad', 'muchtasyar', 'kembang', 'ops', 'upaya', 'pelindo', 'bangun', 'ekosistem', 'labuh', 'hijau', 'efisien', 'hadap', 'kembang', 'standar', 'industri', 'maritim', 'global', 'ops', 'ganti', 'sumber', 'listrik', 'kapal', 'genset', 'listrik', 'darat', 'langkah', 'konkret', 'transformasi', 'labuh', 'tanjung', 'priok', 'green', 'port', 'hadir', 'energi', 'efisien', 'bersih', 'andal', 'bangun', 'ekosistem', 'labuh', 'produktif', 'lanjut', 'achmad', 'direktur', 'utama', 'pt', 'pln', 'persero', 'darmawan', 'prasodjo', 'dukung', 'kembang', 'ops', 'dukung', 'kolaborasi', 'sedia', 'ekosistem', 'listrik', 'andal', 'dukung', 'transisi', 'energi', 'kawasan', 'labuh', 'pln', 'dukung', 'transformasi', 'sektor', 'kepelabuhanan', 'sedia', 'pasok', 'listrik', 'andal', 'kapal', 'sandar', 'kolaborasi', 'dorong', 'produktivitas', 'hemat', 'laku', 'usaha', 'bidang', 'maritim', 'optimal', 'aktivitas', 'labuh', 'tekan', 'emisi', 'hasil', 'ops', 'bantu', 'tekan', 'emisi', 'kapal', 'sandar', 'ops', 'skema', 'shoretoship', 'power', 'kapal', 'sandar', 'hubung', 'fasilitas', 'butuh', 'listrik', 'kapal', 'hotel', 'load', 'reefer', 'pompa', 'butuh', 'operasional', 'pasok', 'jaring', 'listrik', 'darat', 'auxiliary', 'engine', 'kapal', 'mati', 'guna', 'ops', 'dasar', 'uji', 'implementasi', 'ops', 'kurang', 'emisi', 'gas', 'buang', 'kapal', 'persen', 'emisi', 'lokal', 'cerobong', 'kapal', 'nitrogen', 'oksida', 'nox', 'sulfur', 'oksida', 'sox', 'partikulat', 'hilang', 'kapal', 'sepenuh', 'pasok', 'listrik', 'darat', 'sisi', 'efisiensi', 'ukur', 'kapal', 'uji', 'potensi', 'hemat', 'biaya', 'energi', 'persen', 'banding', 'guna', 'genset', 'kapal', 'gantung', 'jenis', 'mesin', 'bahan', 'bakar', 'kurang', 'running', 'hours', 'auxiliary', 'engine', 'tekan', 'butuh', 'pelihara', 'panjang', 'interval', 'overhaul', 'mesin', 'operasi', 'pelindo', 'tugas', 'pt', 'energi', 'labuh', 'indonesia', 'epi', 'kelola', 'layan', 'ops', 'pelindo', 'group', 'epi', 'kelola', 'jaring', 'distribusi', 'listrik', 'internal', 'kawasan', 'labuh', 'kesiap', 'andal', 'pasok', 'listrik', 'darat', 'kapal', 'direktur', 'utama', 'pt', 'epi', 'andriyuda', 'siahaan', 'fasilitas', 'ops', 'dermaga', 'site', 'acceptance', 'test', 'sat', 'hasil', 'uji', 'coba', 'kapal', 'niaga', 'juli', 'operator', 'pt', 'epi', 'andal', 'pasok', 'listrik', 'kesiap', 'teknis', 'layan', 'dermaga', 'ops', 'buka', 'kembang', 'layan', 'energi', 'ukur', 'guna', 'jasa', 'dasar', 'konsumsi', 'listrik', 'tingkat', 'layan', 'butuh', 'andriyuda', 'dorong', 'kembang', 'ops', 'labuh', 'luncur', 'layan', 'ops', 'labuh', 'tanjung', 'priok', 'tahap', 'kembang', 'layan', 'luas', 'tahap', 'pilot', 'komersialisasi', 'dermaga', 'pelindo', 'kembang', 'tahap', 'terminal', 'kapasitas', 'sesuai', 'profil', 'butuh', 'kapal', 'roadmap', 'kembang', 'pelindo', 'arah', 'kembang', 'ops', 'tanjung', 'priok', 'unit', 'jangka', 'model', 'rencana', 'direplikasi', 'tahap', 'terminal', 'multipurpose', 'dermaga', 'labuh', 'roadmap', 'indikatif', 'kembang', 'nasional', 'unit', 'ops', 'tanjung', 'priok', 'bangun', 'fondasi', 'luas', 'solusi', 'transisi', 'energi', 'terminal', 'labuh', 'indonesia', 'labuh', 'produktif', 'efisien', 'tumbuh', 'perhati', 'lanjut', 'lingkung', 'pungkas', 'achmad', 'informasi', 'luncur', 'fasilitas', 'layan', 'ops', 'hadir', 'wakil', 'menteri', 'hubung', 'kemenhub', 'menteri', 'energi', 'sumber', 'daya', 'mineral', 'menteri', 'esdm', 'kantor', 'syahbandar', 'otoritas', 'labuh', 'ksop', 'utama', 'tanjung', 'priok', 'polres', 'labuh', 'tanjung', 'priok', 'asosiasi', 'milik', 'kapal', 'insa', 'pt', 'pln', 'persero', 'jajar', 'manajemen', 'pelindo', 'group']",Finance
"Direktorat Jenderal Pajak (DJP) Kementerian Keuangan akan menerapkan pemungutan pajak penghasilan (PPh) terhadap pedagang di platform toko online alias seller dengan mekanisme Perdagangan Melalui Sistem Elektronik (PMSE) atau e-commerce. Direktur Jenderal Pajak Bimo Wijayanto mengatakan Kebijakan ini direncanakan berlaku efektif mulai 1 Oktober 2026, setelah sebelumnya mengalami penundaan dari rencana awal pada 1 Agustus 2026. ""Oh, sudah siap. Mereka kan sudah siap sebenarnya, tapi ada penundaan sampai 1 Oktober. Nanti Insyaallah kita akan segera aktivasi aturannya dan implementasinya mereka sudah siap. Kita juga sudah siap,"" ujar Bimo. SCROLL TO CONTINUE WITH CONTENT Saat ditanya terkait penyebab atau masalah yang membuat penundaan penarikan PPh pedagang toko online ini, Bimo menyebut penundaan sebelumnya merupakan arahan dari Purbaya Yudhi Sadewa saat masih menjabat sebagai Menteri Keuangan (Menkeu) guna memastikan kesiapan teknis dari seluruh pihak. ""Bottleneck-nya ya karena Pak Menteri Purbaya keputusannya untuk sementara menunda supaya kesiapannya lebih matang,"" ujarnya. Lebih lanjut, ia menegaskan DJP bersama platform digital terkait telah melakukan uji coba sistem (sandbox) serta stabilisasi sejak tahun lalu, sehingga dapat dipastikan pelaksanaan penarikan PPh pedagang online melalui empat platform e-commerce pada 1 Oktober dapat berjalan lancar tanpa hambatan. ""Empat itu kan ya Shopee, Tokopedia, Lazada, Blibli. Itu prosesnya sudah mulai tahun lalu. Jadino dramas-lah, nggak ada drama,"" pungkas Bimo. Dalam catatandetikcom, DJP secara resmi telah menunjuk empat platform e-commerce atau marketplace sebagai pemungut pajak, yakni Tokopedia, Shopee, Lazada, dan Blibli. Kala itu DJP memberikan tenggat waktu selama satu bulan kepada platform yang telah ditunjuk untuk sosialisasi hingga penyesuaian sistem. Adapun penerapan ini sebagai tindak lanjut dari Peraturan Menteri Keuangan (PMK) Nomor 37 Tahun 2025. ""Kita tunjuk 1 Juli, 4 marketplace. Kemudian akan dilakukan mulai 1 Agustus,"" ujar Direktur Jenderal Pajak Bimo Wijayanto saat konferensi pers di kantornya, Jakarta Pusat, Rabu (1/7/2026). Bimo menerangkan penunjukan ini dilakukan telah mempertimbangkan berbagai hal, mulai dari kesiapan sistem, skala transaksi, kapasitas administrasi, dan penggunaan mekanisme rekening escrow. Ia menegaskan kesiapan marketplace untuk melakukan pemungutan, penyetoran, dan pelaporan pajak secara elektronik juga menjadi pertimbangan. ""Adapun keempat marketplace yang ditunjuk adalah Tokopedia, Shopee, Lazada, dan Blibli, dan ini penunjukan dilakukan oleh Direktur Jenderal Pajak berdasarkan pelimpahan kewenangan dari Menteri Keuangan,"" beber Bimo.","['direktorat', 'jenderal', 'pajak', 'djp', 'menteri', 'uang', 'terap', 'mungut', 'pajak', 'hasil', 'pph', 'dagang', 'platform', 'toko', 'online', 'alias', 'seller', 'mekanisme', 'dagang', 'sistem', 'elektronik', 'pmse', 'ecommerce', 'direktur', 'jenderal', 'pajak', 'bimo', 'wijayanto', 'bijak', 'rencana', 'laku', 'efektif', 'oktober', 'alami', 'tunda', 'rencana', 'agustus', 'oh', 'tunda', 'oktober', 'insyaallah', 'aktivasi', 'atur', 'implementasi', 'bimo', 'scroll', 'to', 'continue', 'with', 'content', 'kait', 'sebab', 'tunda', 'tari', 'pph', 'dagang', 'toko', 'online', 'bimo', 'sebut', 'tunda', 'arah', 'purbaya', 'yudhi', 'sadewa', 'jabat', 'menteri', 'uang', 'menkeu', 'kesiap', 'teknis', 'bottlenecknya', 'ya', 'menteri', 'purbaya', 'putus', 'tunda', 'kesiap', 'matang', 'djp', 'platform', 'digital', 'kait', 'uji', 'coba', 'sistem', 'sandbox', 'stabilisasi', 'laksana', 'tari', 'pph', 'dagang', 'online', 'platform', 'ecommerce', 'oktober', 'jalan', 'lancar', 'hambat', 'ya', 'shopee', 'tokopedia', 'lazada', 'blibli', 'proses', 'jadino', 'dramaslah', 'nggak', 'drama', 'pungkas', 'bimo', 'catatandetikcom', 'djp', 'resmi', 'platform', 'ecommerce', 'marketplace', 'mungut', 'pajak', 'tokopedia', 'shopee', 'lazada', 'blibli', 'djp', 'tenggat', 'platform', 'sosialisasi', 'sesuai', 'sistem', 'terap', 'tindak', 'atur', 'menteri', 'uang', 'pmk', 'nomor', 'juli', 'marketplace', 'agustus', 'direktur', 'jenderal', 'pajak', 'bimo', 'wijayanto', 'konferensi', 'pers', 'kantor', 'jakarta', 'pusat', 'rabu', 'bimo', 'terang', 'tunjuk', 'timbang', 'kesiap', 'sistem', 'skala', 'transaksi', 'kapasitas', 'administrasi', 'guna', 'mekanisme', 'rekening', 'escrow', 'kesiap', 'marketplace', 'mungut', 'setor', 'lapor', 'pajak', 'elektronik', 'timbang', 'empat', 'marketplace', 'tokopedia', 'shopee', 'lazada', 'blibli', 'tunjuk', 'direktur', 'jenderal', 'pajak', 'dasar', 'limpah', 'wenang', 'menteri', 'uang', 'beber', 'bimo']",Finance
"Kejaksaan Agung (Kejagung) menyatakan kesiapan mengawal dan berkolaborasi dalam proses penegakan hukum terkait dugaan pelanggaran pada peredaran beras fortifikasi. Kejagung meminta kasus tersebut segera dituntaskan karena berpotensi menimbulkan kerugian bagi masyarakat dalam cakupan yang luas. Hal tersebut disampaikan oleh Jaksa Agung Muda Tindak Pidana Khusus (Jampidsus) Kuntadi pada Selasa, (15/9). Momen tersebut bertepatan dengan Ekspos Hasil Pemeriksaan dan Temuan Beras Fortifikasi di Kantor Pusat Kementan, Jakarta. ""Pada prinsipnya kami dari Kejaksaan mendukung penuh dan siap berkolaborasi untuk ikut mengamankan dan mempercepat proses penegakan hukum yang sedang dilakukan oleh kawan-kawan dari Satgas Pangan maupun dari kepolisian,"" ujar Kuntadi dalam keterangan tertulis, Rabu (16/9/2026). SCROLL TO CONTINUE WITH CONTENT Kuntadi menegaskan, penanganan kasus tersebut tidak boleh berlarut-larut mengingat potensi dampaknya terhadap masyarakat yang luas. Oleh karena itu, sinergi antar-aparat penegak hukum diperlukan agar proses pendalaman hingga penegakan hukum dapat berjalan secara efektif sesuai kewenangan masing-masing. ""Kasus ini harus segera dituntaskan mengingat berpotensi merugikan masyarakat dalam scope yang luas,"" tegasnya.  Kejagung juga memastikan kesiapan dalam proses penanganan perkara ditemukan indikasi tindak pidana. Langkah ini dijamin akan berjalan sesuai dengan tugas dan fungsi wewenang yang dimilikinya. ""Dan dalam hal di dalam proses penegakan hukum nanti terindikasi ada indikasi tindak pidana di dalamnya, tentunya kami akan siap untuk melakukan penegakan sesuai dengan tugas dan fungsi kami,"" tutur Kuntadi. Dukungan Kejagung tersebut memperkuat langkah pemerintah dalam menindaklanjuti temuan dugaan pelanggaran pada produk beras fortifikasi. Pemerintah sebelumnya melakukan pengawasan dan pemeriksaan terhadap produk yang dipasarkan sebagai beras fortifikasi, termasuk menguji kesesuaian kandungan gizi dengan informasi yang tercantum pada label kemasan. Pengujian laboratorium telah dilakukan di empat lembaga, yakni Saraswanti Indo Genetech, BRMP Kementan, Laboratorium IPB Terpadu, dan Eurofins Angler Biochemlab. Hasil uji ini menemukan adanya dugaan ketidaksesuaian antara klaim kandungan gizi pada label dengan produk yang beredar di masyarakat. Besarnya persoalan tersebut juga tercermin dari potensi kerugian konsumen yang dihitung pemerintah. Berdasarkan perhitungan terhadap dugaan ketidaksesuaian produk beras fortifikasi dengan standar yang ditetapkan, potensi kerugian konsumen diperkirakan mencapai Rp89 triliun.  Menteri Pertanian (Mentan) Amran menegaskan pemerintah tidak akan membiarkan praktik yang berpotensi merugikan konsumen. Langkah ini dinilai penting mengingat produk beras fortifikasi diperuntukkan bagi kelompok masyarakat yang membutuhkan asupan gizi tambahan. ""Ini 89 triliun, kita sudah hitung dengan cermat, 90% yang tidak sesuai, sesuai standar. Nah ini Rp57.000 harusnya 13.000 harganya. Untungnya 44.100 per kilo. Kalau 1 truk 10 ton itu 440 juta. Memang menggiurkan. Memang menggiurkan. Nah, ini tidak boleh,"" tegas Amran. Pemerintah juga menemukan adanya perbedaan signifikan antara biaya tambahan fortifikasi dan harga jual produk di pasaran. Berdasarkan perhitungan pemerintah, biaya tambahan untuk proses fortifikasi diperkirakan sekitar Rp1.000 per kilogram sehingga harga jual produk yang memenuhi ketentuan diperkirakan berada pada kisaran Rp13.500 per kilogram. Hasil pengawasan menemukan produk beras fortifikasi dipasarkan dengan harga rata-rata sekitar Rp23.385 per kilogram. Temuan ini bahkan mencatat adanya produk yang dijual hingga menembus harga Rp57.600 per kilogram. Amran menjelaskan, beras fortifikasi pada dasarnya ditujukan untuk membantu memenuhi kebutuhan gizi kelompok masyarakat rentan. Oleh karena itu, pemerintah memberikan perhatian serius terhadap dugaan ketidaksesuaian kandungan produk maupun informasi yang disampaikan kepada konsumen.  Temuan tersebut selanjutnya telah diserahkan kepada aparat penegak hukum untuk dilakukan pendalaman dan ditindaklanjuti sesuai ketentuan yang berlaku. Pemerintah memastikan proses penanganan dilakukan dengan mengedepankan perlindungan konsumen serta kepastian hukum. Dukungan Kejagung juga memperkuat kolaborasi lintas lembaga dalam mengawal kasus tersebut. Kepolisian Republik Indonesia melalui Inspektur Pengawasan Umum (Irwasum) Polri Komjen Pol. Wahyu Widada menyatakan dukungan terhadap langkah pemerintah dalam menindaklanjuti temuan beras fortifikasi yang diduga tidak memenuhi ketentuan standar keamanan dan mutu pangan. Amran sebelumnya telah menginstruksikan penanganan tegas terhadap produk yang diduga bermasalah di pasaran. Langkah ini mencakup penarikan dan penghentian peredaran produk, pencabutan izin usaha, hingga penegakan hukum jika ditemukan unsur pidana. ""Tarik, moratorium, izin dicabut, dan diproses pidananya,"" pungkas Amran. Pemerintah menegaskan penanganan kasus beras fortifikasi bertujuan untuk memastikan masyarakat memperoleh pangan yang aman, bermutu, dan sesuai label. Dengan dukungan Kejagung serta sinergi lintas lembaga, proses pemeriksaan dan penegakan hukum akan terus dikawal hingga memperoleh kejelasan berdasarkan hasil pendalaman dan alat bukti sesuai kewenangan masing-masing. ","['jaksa', 'agung', 'jagung', 'kesiap', 'awal', 'kolaborasi', 'proses', 'tega', 'hukum', 'kait', 'duga', 'langgar', 'edar', 'beras', 'fortifikasi', 'jagung', 'tuntas', 'potensi', 'timbul', 'rugi', 'masyarakat', 'cakup', 'luas', 'jaksa', 'agung', 'muda', 'tindak', 'pidana', 'khusus', 'jampidsus', 'kuntadi', 'selasa', 'momen', 'tepat', 'ekspos', 'hasil', 'periksa', 'temu', 'beras', 'fortifikasi', 'kantor', 'pusat', 'tan', 'jakarta', 'prinsip', 'jaksa', 'dukung', 'penuh', 'kolaborasi', 'aman', 'cepat', 'proses', 'tega', 'hukum', 'kawankawan', 'satgas', 'pangan', 'polisi', 'kuntadi', 'terang', 'tulis', 'rabu', 'scroll', 'to', 'continue', 'with', 'content', 'kuntadi', 'tangan', 'berlarutlarut', 'potensi', 'dampak', 'masyarakat', 'luas', 'sinergi', 'antaraparat', 'tegak', 'hukum', 'proses', 'dalam', 'tega', 'hukum', 'jalan', 'efektif', 'sesuai', 'wenang', 'masingmasing', 'tuntas', 'potensi', 'rugi', 'masyarakat', 'scope', 'luas', 'jagung', 'kesiap', 'proses', 'tangan', 'perkara', 'temu', 'indikasi', 'tindak', 'pidana', 'langkah', 'jamin', 'jalan', 'sesuai', 'tugas', 'fungsi', 'wewenang', 'milik', 'proses', 'tega', 'hukum', 'indikasi', 'indikasi', 'tindak', 'pidana', 'dalam', 'tega', 'sesuai', 'tugas', 'fungsi', 'kuntadi', 'dukung', 'jagung', 'kuat', 'langkah', 'perintah', 'menindaklanjuti', 'temu', 'duga', 'langgar', 'produk', 'beras', 'fortifikasi', 'perintah', 'awas', 'periksa', 'produk', 'pasar', 'beras', 'fortifikasi', 'uji', 'sesuai', 'kandung', 'gizi', 'informasi', 'cantum', 'label', 'kemas', 'uji', 'laboratorium', 'lembaga', 'saraswanti', 'indo', 'genetech', 'brmp', 'tan', 'laboratorium', 'ipb', 'padu', 'eurofins', 'angler', 'biochemlab', 'hasil', 'uji', 'temu', 'duga', 'ketidaksesuaian', 'klaim', 'kandung', 'gizi', 'label', 'produk', 'edar', 'masyarakat', 'besar', 'cermin', 'potensi', 'rugi', 'konsumen', 'hitung', 'perintah', 'dasar', 'hitung', 'duga', 'ketidaksesuaian', 'produk', 'beras', 'fortifikasi', 'standar', 'tetap', 'potensi', 'rugi', 'konsumen', 'capai', 'rp', 'triliun', 'menteri', 'tani', 'tan', 'amran', 'perintah', 'biar', 'praktik', 'potensi', 'rugi', 'konsumen', 'langkah', 'nilai', 'produk', 'beras', 'fortifikasi', 'untuk', 'kelompok', 'masyarakat', 'butuh', 'asupan', 'gizi', 'tambah', 'triliun', 'hitung', 'cermat', 'sesuai', 'sesuai', 'standar', 'rp', 'harga', 'untung', 'kilo', 'truk', 'ton', 'juta', 'giur', 'giur', 'amran', 'perintah', 'temu', 'beda', 'signifikan', 'biaya', 'tambah', 'fortifikasi', 'harga', 'jual', 'produk', 'pasar', 'dasar', 'hitung', 'perintah', 'biaya', 'tambah', 'proses', 'fortifikasi', 'rp', 'kilogram', 'harga', 'jual', 'produk', 'penuh', 'tentu', 'kisar', 'rp', 'kilogram', 'hasil', 'awas', 'temu', 'produk', 'beras', 'fortifikasi', 'pasar', 'harga', 'ratarata', 'rp', 'kilogram', 'temu', 'catat', 'produk', 'jual', 'tembus', 'harga', 'rp', 'kilogram', 'amran', 'beras', 'fortifikasi', 'dasar', 'bantu', 'penuh', 'butuh', 'gizi', 'kelompok', 'masyarakat', 'rentan', 'perintah', 'perhati', 'serius', 'duga', 'ketidaksesuaian', 'kandung', 'produk', 'informasi', 'konsumen', 'temu', 'serah', 'aparat', 'tegak', 'hukum', 'dalam', 'ditindaklanjuti', 'sesuai', 'tentu', 'laku', 'perintah', 'proses', 'tangan', 'depan', 'lindung', 'konsumen', 'pasti', 'hukum', 'dukung', 'jagung', 'kuat', 'kolaborasi', 'lintas', 'lembaga', 'awal', 'polisi', 'republik', 'indonesia', 'inspektur', 'awas', 'irwasum', 'polri', 'komjen', 'pol', 'wahyu', 'widada', 'dukung', 'langkah', 'perintah', 'menindaklanjuti', 'temu', 'beras', 'fortifikasi', 'duga', 'penuh', 'tentu', 'standar', 'aman', 'mutu', 'pangan', 'amran', 'instruksi', 'tangan', 'produk', 'duga', 'masalah', 'pasar', 'langkah', 'cakup', 'tari', 'henti', 'edar', 'produk', 'cabut', 'izin', 'usaha', 'tega', 'hukum', 'temu', 'unsur', 'pidana', 'tarik', 'moratorium', 'izin', 'cabut', 'proses', 'pidana', 'pungkas', 'amran', 'perintah', 'tangan', 'beras', 'fortifikasi', 'tuju', 'masyarakat', 'oleh', 'pangan', 'aman', 'mutu', 'sesuai', 'label', 'dukung', 'jagung', 'sinergi', 'lintas', 'lembaga', 'proses', 'periksa', 'tega', 'hukum', 'kawal', 'oleh', 'jelas', 'dasar', 'hasil', 'dalam', 'alat', 'bukti', 'sesuai', 'wenang', 'masingmasing']",Finance
"Pemerintah menindak tegas produsen beras fortifikasi yang diduga tidak sesuai dengan klaim gizi dan label kemasan. Masyarakat harus memperoleh produk beras fortifikasi yang sesuai dengan klaim produsen sebagaimana tertera dalam izin edar dan klaim kandungan gizi pada label kemasan. 11 pelaku usaha sebagai pemilik 25 izin edar merek beras fortifikasi tersebut telah diberikan surat peringatan oleh Otoritas Kompeten Keamanan Pangan Daerah (OKKPD) dalam koordinasi Badan Pangan Nasional (Bapanas). OKKPD yang dilibatkan Bapanas antara lain DKI Jakarta, Jawa Barat, Jawa Tengah, Jawa Timur, D.I.Yogyakarta, dan Sumatera Utara. Sampai minggu pertama September, seluruh merek beras fortifikasi bermasalah tersebut pun terpantau sudah menghentikan produksi merk tersebut. Kemudian sebanyak 12 merek beras fortifikasi  tersebut telah melakukan penarikan stok dari tempat peredaran. SCROLL TO CONTINUE WITH CONTENT Menurut Kepala Bapanas yang juga Menteri Pertanian, Andi Amran Sulaiman sisa merek lainnya sedang dalam proses penarikan.  ""Ternyata ada dugaan (kecurangan beras) beralih dari premium ke fortifikasi. Katanya fortifikasi, setelah kita cek di lab, ada 4 lab kredibel. Kita cek ternyata tidak sesuai dengan labelnya,"" beber Amran dalam keterangan tertulis, Rabu (16/9/2026). Menurut Amran, praktik tak jujur dalam ekosistem perberasan seperti ini tidak dapat dibiarkan. Ini karena pemerintah berkewajiban memastikan masyarakat sebagai konsumen dapat mengakses produk beras yang sesuai dengan spesifikasi dalam izin edar dan tentunya dengan harga yang wajar pula. ""Mungkin ini agak kasar sedikit, (tapi) itu penipuan. Ini menyusahkan konsumen kita, karena tujuan pemerintah ingin supaya konsumen menikmati harga beras yang baik, tapi petaninya masih bisa untung,"" kata Amran lagi. Senada, Wakil Menteri Hukum Edward Omar Sharif Hiariej menjabarkan tindak pidana penipuan dapat terjadi manakala ada praktik menjual sesuatu yang tidak sesuai dengan kandungan dan mengakibatkan kerugian bagi konsumen. Terlebih produk tersebut dijual dengan harga yang terlampau tinggi daripada yang seharusnya. ""Bahwa ada indikasi dugaan tindak pidana penipuan sebagaimana itu diatur dalam Bab II Nomor 7 Pasal 492, 493, 495 Kitab Undang-Undang Hukum Pidana, termasuk di dalam Undang-Undang Perlindungan Konsumen. Inti dari pasal-pasal tersebut adalah menjual sesuatu yang tidak sesuai dengan kandungannya dan ini tentu merugikan bagi konsumen,"" papar Wamen Edward. Adapun ancaman pidana bagi korporasi produsen beras yang terbukti melakukan praktik culas tersebut dapat berupa denda dengan tambahan ancaman pidana serta pencabutan izin usaha. Ini merujuk pada dugaan pemerintah bahwa pelaku praktik curang ini dilakukan oleh skala korporasi, bukan perorangan. Sebagaimana diketahui, pemerintah bersama Satgas Pangan Polri baru saja membuka tabir adanya temuan terhadap 25 merek beras yang dipasarkan sebagai beras fortifikasi. Akan tetapi diduga tidak sesuai dengan standar dan kandungan yang tercantum pada label. Sebanyak 25 merek beras fortifikasi tidak memenuhi kandungan dan mutu sesuai SNI 9314:2024 untuk kernel beras fortifikan dan SNI 9372:2025 untuk beras fortifikasi. Adapun merek beras yang diduga melakukan pelanggaran adalah WFO, TKS, IMF, NUR, TKL, HOK, BRV, IMR, IHJ, IAK, PBK, GNB, DTR, TKR, WJK, PLK, MKY, IMC, PTK, ARP, ARN, SKM, GNM, TAR, dan CMS. Bapanas mengungkap pula dugaan praktik curang dalam peredaran beras berlabel fortifikasi yang diduga tidak memenuhi standar mutu dan kandungan gizi sebagaimana klaim pada label kemasan. Berdasarkan hasil pengawasan dan pengujian sampel, potensi kerugian konsumen dari selisih harga produk tersebut diperkirakan mencapai Rp 89 triliun.","['perintah', 'tindak', 'produsen', 'beras', 'fortifikasi', 'duga', 'sesuai', 'klaim', 'gizi', 'label', 'kemas', 'masyarakat', 'oleh', 'produk', 'beras', 'fortifikasi', 'sesuai', 'klaim', 'produsen', 'tera', 'izin', 'edar', 'klaim', 'kandung', 'gizi', 'label', 'kemas', 'laku', 'usaha', 'milik', 'izin', 'edar', 'merek', 'beras', 'fortifikasi', 'surat', 'ingat', 'otoritas', 'kompeten', 'aman', 'pangan', 'daerah', 'okkpd', 'koordinasi', 'badan', 'pangan', 'nasional', 'bapanas', 'okkpd', 'libat', 'bapanas', 'dki', 'jakarta', 'jawa', 'barat', 'jawa', 'jawa', 'timur', 'diyogyakarta', 'sumatera', 'utara', 'minggu', 'september', 'merek', 'beras', 'fortifikasi', 'masalah', 'pantau', 'henti', 'produksi', 'merk', 'merek', 'beras', 'fortifikasi', 'tari', 'stok', 'edar', 'scroll', 'to', 'continue', 'with', 'content', 'kepala', 'bapanas', 'menteri', 'tani', 'andi', 'amran', 'sulaiman', 'sisa', 'merek', 'proses', 'tari', 'duga', 'curang', 'beras', 'alih', 'premium', 'fortifikasi', 'fortifikasi', 'cek', 'lab', 'lab', 'kredibel', 'cek', 'sesuai', 'label', 'beber', 'amran', 'terang', 'tulis', 'rabu', 'amran', 'praktik', 'jujur', 'ekosistem', 'beras', 'biar', 'perintah', 'wajib', 'masyarakat', 'konsumen', 'akses', 'produk', 'beras', 'sesuai', 'spesifikasi', 'izin', 'edar', 'harga', 'wajar', 'kasar', 'tipu', 'susah', 'konsumen', 'tuju', 'perintah', 'konsumen', 'nikmat', 'harga', 'beras', 'petan', 'untung', 'amran', 'nada', 'wakil', 'menteri', 'hukum', 'edward', 'omar', 'sharif', 'hiariej', 'jabar', 'tindak', 'pidana', 'tipu', 'praktik', 'jual', 'sesuai', 'kandung', 'akibat', 'rugi', 'konsumen', 'produk', 'jual', 'harga', 'lampau', 'indikasi', 'duga', 'tindak', 'pidana', 'tipu', 'atur', 'bab', 'ii', 'nomor', 'pasal', 'kitab', 'undangundang', 'hukum', 'pidana', 'undangundang', 'lindung', 'konsumen', 'inti', 'pasalpasal', 'jual', 'sesuai', 'kandung', 'rugi', 'konsumen', 'papar', 'wamen', 'edward', 'ancam', 'pidana', 'korporasi', 'produsen', 'beras', 'bukti', 'praktik', 'culas', 'denda', 'tambah', 'ancam', 'pidana', 'cabut', 'izin', 'usaha', 'rujuk', 'duga', 'perintah', 'laku', 'praktik', 'curang', 'skala', 'korporasi', 'orang', 'perintah', 'satgas', 'pangan', 'polri', 'buka', 'tabir', 'temu', 'merek', 'beras', 'pasar', 'beras', 'fortifikasi', 'duga', 'sesuai', 'standar', 'kandung', 'cantum', 'label', 'merek', 'beras', 'fortifikasi', 'penuh', 'kandung', 'mutu', 'sesuai', 'sni', 'kernel', 'beras', 'fortifikan', 'sni', 'beras', 'fortifikasi', 'merek', 'beras', 'duga', 'langgar', 'wfo', 'tks', 'imf', 'nur', 'tkl', 'hok', 'brv', 'imr', 'ihj', 'iak', 'pbk', 'gnb', 'dtr', 'tkr', 'wjk', 'plk', 'mky', 'imc', 'ptk', 'arp', 'arn', 'skm', 'gnm', 'tar', 'cms', 'bapanas', 'ungkap', 'duga', 'praktik', 'curang', 'edar', 'beras', 'label', 'fortifikasi', 'duga', 'penuh', 'standar', 'mutu', 'kandung', 'gizi', 'klaim', 'label', 'kemas', 'dasar', 'hasil', 'awas', 'uji', 'sampel', 'potensi', 'rugi', 'konsumen', 'selisih', 'harga', 'produk', 'capai', 'rp', 'triliun']",Finance
"Direktur Jenderal Pajak Bimo Wijayanto mengatakan ada nama-nama ajaib dalam perombakan pejabat yang dilakukan Purbaya Yudhi Sadewa saat menjabat menteri keuangan. Perombakan ini dinilai jadi persoalan serius. Ia menjelaskan nama-nama ajaib yang masuk dalam rotasi ke lingkungan Direktorat Jenderal Pajak (DJP) terindikasi masuk tanpa melalui prosedur resmi. Bimo tak menyebut siapa nama-nama yang dimaksud. ""Ada beberapa yang nama-nama ajaib yang tidak ikut proses assessment talent management,"" kata Bimo saat ditemui usai acara International Tax Conference di kantor pusat DJP, Jakarta Selatan, Rabu (16/9/2026). SCROLL TO CONTINUE WITH CONTENT Bimo menegaskan temuan inilah yang kemudian mendorongnya untuk meminta penundaan atau pembatalan perombakan pejabat yang bermasalah. Hal ini dinilai berpotensi menimbulkan masalah di kemudian hari. ""Sinyalnya nggak bagus bagi pasukan yang lain, yang ikut susah payah ikut assessment, ikut ujian, ikut talent management,"" ujarnya. Bimo menegaskan para pejabat yang namanya masuk dalam daftar perombakan tanpa proses seleksi tersebut dipastikan batal dirotasi dan dikembalikan ke jabatan semula. Sementara mereka yang sudah sesuai dengan aturan akan tetap dirotasi. ""Yang nggak memenuhi syarat tadi dibatalkan. Yang lain-lain tetap. (Balik ke posisi awal?) iya,"" ucap Bimo. Untuk diketahui, perombakan ratusan pejabat di lingkungan Kemenkeu terakhir dilakukan oleh Purbaya pada Kamis 10 September 2026. Dalam hal ini, mayoritas perombakan di Ditjen Bea Cukai dan Ditjen Pajak. Perombakan terjadi pada pejabat Pimpinan Tinggi Pratama, Pejabat Administrator, Pejabat Pengawas, Pejabat Fungsional, dan Pejabat pada Unit Organisasi Non Eselon Kemenkeu. Kala itu, Purabaya mengatakan, perubahan jabatan ini dilakukan sebagai bagian dari proses organisasi untuk memastikan Kemenkeu yang lebih adaptif dan semakin baik.","['direktur', 'jenderal', 'pajak', 'bimo', 'wijayanto', 'namanama', 'ajaib', 'ombak', 'jabat', 'purbaya', 'yudhi', 'sadewa', 'jabat', 'menteri', 'uang', 'ombak', 'nilai', 'serius', 'namanama', 'ajaib', 'masuk', 'rotasi', 'lingkung', 'direktorat', 'jenderal', 'pajak', 'djp', 'indikasi', 'masuk', 'prosedur', 'resmi', 'bimo', 'sebut', 'namanama', 'namanama', 'ajaib', 'proses', 'assessment', 'talent', 'management', 'bimo', 'temu', 'acara', 'international', 'tax', 'conference', 'kantor', 'pusat', 'djp', 'jakarta', 'selatan', 'rabu', 'scroll', 'to', 'continue', 'with', 'content', 'bimo', 'temu', 'dorong', 'tunda', 'batal', 'ombak', 'jabat', 'masalah', 'nilai', 'potensi', 'timbul', 'sinyal', 'nggak', 'bagus', 'pasu', 'susah', 'payah', 'assessment', 'uji', 'talent', 'management', 'bimo', 'jabat', 'nama', 'masuk', 'daftar', 'ombak', 'proses', 'seleksi', 'batal', 'rotasi', 'kembali', 'jabat', 'sesuai', 'atur', 'rotasi', 'nggak', 'penuh', 'syarat', 'batal', 'lainlain', 'posisi', 'iya', 'bimo', 'ombak', 'ratus', 'jabat', 'lingkung', 'kemenkeu', 'purbaya', 'kamis', 'september', 'mayoritas', 'ombak', 'ditjen', 'bea', 'cukai', 'ditjen', 'pajak', 'ombak', 'jabat', 'pimpin', 'pratama', 'jabat', 'administrator', 'jabat', 'awas', 'jabat', 'fungsional', 'jabat', 'unit', 'organisasi', 'non', 'eselon', 'kemenkeu', 'purabaya', 'ubah', 'jabat', 'proses', 'organisasi', 'kemenkeu', 'adaptif']",Finance
"Seleksi Kompetensi Dasar (SKD) sekolah kedinasan digelar mulai 22 September 2026. Tahap pendaftaran sendiri telah selesai pada akhir Agustus 2026. Menteri PANRB Rini Widyantini berpesan kepada seluruh peserta untuk menyiapkan diri dan hindari oknum-oknum yang menjanjikan kelulusan otomatis dengan membayar sejumlah uang. SKD tetap akan menggunakan sistem Computer Assisted Test (CAT) yang dikelola Badan Kepegawaian Negara (BKN). Rini menegaskan pemerintah tidak akan membiarkan celah kecurangan dalam proses seleksi. SCROLL TO CONTINUE WITH CONTENT ""Tidak akan ada celah untuk yang melakukan kecurangan,"" tegas Menteri Rini, dalam keterangan tertulis, Rabu (16/9/2026).  Pemerintah telah menetapkan nilai ambang batas atau passing grade yang harus dicapai dari masing-masing kelompok soal. Nilai ambang batas untuk tes wawasan kebangsaan (TWK) adalah 65, sementara tes intelegensia umum (TIU) adalah 80. Lalu 156 adalah nilai minimal yang harus dicapai peserta untuk kelompok soal tes karakteristik pribadi (TKP). Nilai kumulatif tertinggi SKD adalah 550, dengan rincian: 150 untuk TWK, 175 untuk TIU, serta 225 untuk TKP. Penetapan ini tertuang dalam Keputusan Menteri Pendayagunaan Aparatur Negara dan Reformasi Birokrasi Nomor 406 Tahun 2026 tentang Nilai Ambang Batas Seleksi Kompetensi Dasar Seleksi Penerimaan Peserta Didik Sekolah Kedinasan Tahun Anggaran 2026. Namun nilai ambang batas tersebut dikecualikan bagi peserta dari daerah tertentu yang mendapat afirmasi. Kebijakan afirmasi itu adalah yang sebelumnya telah diusulkan oleh kementerian atau lembaga penyelenggara sekolah kedinasan. Pada materi soal TIU dan TWK, bobot jawaban benar bernilai 5. Peserta akan mendapat nilai 0 jika menjawab salah atau tidak menjawab. Sementara untuk soal TKP, bobot jawaban paling rendah adalah 1, paling tinggi adalah 5, serta mendapat 0 jika tidak menjawab. Para calon praja, mahasiswa, atau taruna, harus mengerjakan 110 butir soal dalam waktu 100 menit. TWK terdiri dari 30 soal, TIU terdapat 35 soal, serta 45 soal untuk TKP. Rini meminta peserta mengikuti tahapan seleksi dengan jujur sesuai kemampuan diri masing-masing. Pengelompokkan soal-soal itu dilakukan untuk menilai pengetahuan, kecenderungan, serta penguasaan para peserta. Jawaban peserta akan menunjukkan pengetahuan dan kecenderungannya tentang nilai nasionalisme, analisis hingga silogisme, kemampuan beradaptasi, hingga pengetahuan tentang anti-radikalisme. Pemerintah menyiapkan 4.770 kebutuhan calon pegawai negeri sipil (CPNS) melalui jalur sekolah kedinasan tahun 2026. Tahun ini sembilan instansi membuka formasi sekolah kedinasan yang berada dibawah naungannya. Setelah mengikuti SKD, setiap instansi akan pengumumkan hasilnya secara resmi pada September hingga Oktober 2026. Sedangkan seleksi lanjutan diatur oleh masing-masing instansi penyelenggara sekolah kedinasan. Detail tanggal tahapan seleksi bisa dilihat atau diakses pada lamanhttps://sscasn.bkn.go.id/.  Lihat juga Video: JPPI Soroti Tata Kelola Sekolah Kedinasan yang Tertutup  [Gambas:Video 20detik]  ","['seleksi', 'kompetensi', 'dasar', 'skd', 'sekolah', 'dinas', 'gelar', 'september', 'tahap', 'daftar', 'selesai', 'agustus', 'menteri', 'panrb', 'rini', 'widyantini', 'pesan', 'serta', 'hindar', 'oknumoknum', 'janji', 'kelulus', 'otomatis', 'bayar', 'uang', 'skd', 'sistem', 'computer', 'assisted', 'test', 'cat', 'kelola', 'badan', 'pegawai', 'negara', 'bkn', 'rini', 'perintah', 'biar', 'celah', 'curang', 'proses', 'seleksi', 'scroll', 'to', 'continue', 'with', 'content', 'celah', 'curang', 'menteri', 'rini', 'terang', 'tulis', 'rabu', 'perintah', 'tetap', 'nilai', 'ambang', 'batas', 'passing', 'grade', 'capai', 'masingmasing', 'kelompok', 'nilai', 'ambang', 'batas', 'tes', 'wawas', 'bangsa', 'twk', 'tes', 'intelegensia', 'tiu', 'nilai', 'minimal', 'capai', 'serta', 'kelompok', 'tes', 'karakteristik', 'pribadi', 'tkp', 'nilai', 'kumulatif', 'tinggi', 'skd', 'rincian', 'twk', 'tiu', 'tkp', 'tetap', 'tuang', 'putus', 'menteri', 'pendayagunaan', 'aparatur', 'negara', 'reformasi', 'birokrasi', 'nomor', 'nilai', 'ambang', 'batas', 'seleksi', 'kompetensi', 'dasar', 'seleksi', 'terima', 'serta', 'didik', 'sekolah', 'dinas', 'anggar', 'nilai', 'ambang', 'batas', 'kecuali', 'serta', 'daerah', 'afirmasi', 'bijak', 'afirmasi', 'usul', 'menteri', 'lembaga', 'selenggara', 'sekolah', 'dinas', 'materi', 'tiu', 'twk', 'bobot', 'nila', 'serta', 'nilai', 'salah', 'tkp', 'bobot', 'rendah', 'calon', 'praja', 'mahasiswa', 'taruna', 'butir', 'menit', 'twk', 'tiu', 'tkp', 'rini', 'serta', 'ikut', 'tahap', 'seleksi', 'jujur', 'sesuai', 'mampu', 'masingmasing', 'kelompok', 'soalsoal', 'nilai', 'tahu', 'cenderung', 'kuasa', 'serta', 'serta', 'tahu', 'cenderung', 'nilai', 'nasionalisme', 'analisis', 'silogisme', 'mampu', 'adaptasi', 'tahu', 'antiradikalisme', 'perintah', 'butuh', 'calon', 'pegawai', 'negeri', 'sipil', 'cpns', 'jalur', 'sekolah', 'dinas', 'sembilan', 'instansi', 'buka', 'formasi', 'sekolah', 'dinas', 'bawah', 'naung', 'ikut', 'skd', 'instansi', 'umum', 'hasil', 'resmi', 'september', 'oktober', 'seleksi', 'lanjut', 'atur', 'masingmasing', 'instansi', 'selenggara', 'sekolah', 'dinas', 'detail', 'tanggal', 'tahap', 'seleksi', 'akses', 'lamanhttpssscasnbkngoid', 'lihat', 'video', 'jppi', 'sorot', 'tata', 'kelola', 'sekolah', 'dinas', 'tutup', 'gambasvideo', 'detik']",Finance
"Kalimantan Barat- Kabut asap akibat karhutla menyelimuti Bandara Supadio, Kubu Raya. Kondisi tersebut mengganggu sejumlah penerbangan dan aktivitas penumpang.","['kalimantan', 'barat', 'kabut', 'asap', 'akibat', 'karhutla', 'limut', 'bandara', 'supadio', 'kubu', 'raya', 'kondisi', 'ganggu', 'terbang', 'aktivitas', 'tumpang']",Finance
"Bank Pembangunan Asia (Asian Development Bank/ADB) menyetujui pinjaman sebesar US$ 650 juta atau sekitar Rp 11,5 triliun (Kurs Rp 17.700) untuk mendukung Indonesia memodernisasi pengelolaan fiskal pemerintah pusat dan daerah. Pinjaman tersebut merupakan bagian dari subprogram pertama Accelerating Decentralization for Improved Local Governance (ADIL) atau Program Percepatan Desentralisasi demi Meningkatkan Tata Kelola Daerah. Direktur ADB untuk Indonesia, Bobur Alimov, mengatakan program ini akan mendukung platform digital nasional baru untuk integrasi dan pelaporan data fiskal, serta penilaian pajak properti yang lebih adil guna meningkatkan pendapatan daerah. SCROLL TO CONTINUE WITH CONTENT Selain itu, isu-isu terkait perlindungan hak-hak sipil, termasuk perencanaan dan penganggaran yang responsif untuk melindungi perempuan dan anak perempuan, serta integrasi risiko bencana, telah menjadi bagian tak terpisahkan dari kerangka kerja tersebut. ""Aspirasi Pemerintah Indonesia untuk menjadi negara berpenghasilan tinggi pada tahun 2045 didukung secara strategis oleh pembangunan ekonomi di berbagai provinsi, kabupaten, dan desa, tempat layanan publik esensial diberikan,"" ujar Bobur dalam keterangan tertulis, Rabu (16/9/2026). ""Arsitektur fiskal dan digital negara yang semakin diperkuat memungkinkan penyediaan layanan yang lebih baik bagi masyarakat,"" sambungnya. Bobur menyampaikan bahwa 35%-40% dari total pengeluaran publik, termasuk pengeluaran untuk pendidikan, perawatan kesehatan, dan infrastruktur lokal, dikelola di tingkat subnasional. Ia menilai sistem pengelolaan keuangan publik daerah yang masih terfragmentasi serta perbedaan kemampuan fiskal dan administratif antarwilayah dapat memengaruhi administrasi perpajakan, koordinasi kebijakan, hingga penyediaan layanan publik. Menurutnya, dengan program ini nisa mengatasi tantangan struktural dalam sistem fiskal daerah di Indonesia. Selain itu juga dapat mendukung Rencana Pembangunan Jangka Menengah Nasional 2025-2029 dan Visi Indonesia Emas 2045 untuk mempercepat pertumbuhan ekonomi Indonesia, mendorong pengurangan kemiskinan dan ketimpangan, serta memperkuat keberlanjutan lingkungan.  Simak juga Video: Purbaya Sebut Rasio Utang RI Masih Aman  [Gambas:Video 20detik]  ","['bank', 'bangun', 'asia', 'asi', 'development', 'bankadb', 'tuju', 'pinjam', 'us', 'juta', 'rp', 'triliun', 'kurs', 'rp', 'dukung', 'indonesia', 'modernisasi', 'kelola', 'fiskal', 'perintah', 'pusat', 'daerah', 'pinjam', 'subprogram', 'accelerating', 'decentralization', 'for', 'improved', 'local', 'governance', 'adil', 'program', 'cepat', 'desentralisasi', 'tingkat', 'tata', 'kelola', 'daerah', 'direktur', 'adb', 'indonesia', 'bobur', 'alimov', 'program', 'dukung', 'platform', 'digital', 'nasional', 'integrasi', 'lapor', 'data', 'fiskal', 'nilai', 'pajak', 'properti', 'adil', 'tingkat', 'dapat', 'daerah', 'scroll', 'to', 'continue', 'with', 'content', 'isuisu', 'kait', 'lindung', 'hakhak', 'sipil', 'rencana', 'anggar', 'responsif', 'lindung', 'perempuan', 'anak', 'perempuan', 'integrasi', 'risiko', 'bencana', 'pisah', 'kerangka', 'kerja', 'aspirasi', 'perintah', 'indonesia', 'negara', 'hasil', 'dukung', 'strategis', 'bangun', 'ekonomi', 'provinsi', 'kabupaten', 'desa', 'layan', 'publik', 'esensial', 'bobur', 'terang', 'tulis', 'rabu', 'arsitektur', 'fiskal', 'digital', 'negara', 'kuat', 'sedia', 'layan', 'masyarakat', 'sambung', 'bobur', 'total', 'keluar', 'publik', 'keluar', 'didik', 'awat', 'sehat', 'infrastruktur', 'lokal', 'kelola', 'tingkat', 'subnasional', 'nilai', 'sistem', 'kelola', 'uang', 'publik', 'daerah', 'fragmentasi', 'beda', 'mampu', 'fiskal', 'administratif', 'antarwilayah', 'pengaruh', 'administrasi', 'paja', 'koordinasi', 'bijak', 'sedia', 'layan', 'publik', 'turut', 'program', 'nisa', 'atas', 'tantang', 'struktural', 'sistem', 'fiskal', 'daerah', 'indonesia', 'dukung', 'rencana', 'bangun', 'jangka', 'tengah', 'nasional', 'visi', 'indonesia', 'emas', 'cepat', 'tumbuh', 'ekonomi', 'indonesia', 'dorong', 'kurang', 'miskin', 'timpang', 'kuat', 'lanjut', 'lingkung', 'simak', 'video', 'purbaya', 'rasio', 'utang', 'ri', 'aman', 'gambasvideo', 'detik']",Finance
"Direktur Jenderal Pajak Bimo Wijayanto meminta penundaan perombakan pejabat di lingkungan Direktorat Jenderal Pajak (DJP) Kementerian Keuangan (Kemenkeu). Hal ini dikarenakan terdapat sejumlah nama pejabat yang masuk dalam perombakan itu namun belum mengikuti prosedur talent management DJP. ""Itu kan usulan kita, rotasi itu. Cuma memang ada beberapa yang nama-nama 'ajaib' yang tidak ikut proses assessment talent management,"" katanya saat ditemui usai acara International Tax Conference di kantor pusat DJP, Jakarta Selatan, Rabu (16/9/2026). Bimo menegaskan indikasi penyimpangan prosedur terkait munculnya sejumlah nama melompati proses seleksi inilah yang membuat dirinya meminta kebijakan rotasi atau perombakan susunan jabatan itu untuk ditunda atau dibatalkan. SCROLL TO CONTINUE WITH CONTENT ""Kemudian itu yang membuat saya dan Dirjen Bea Cukai meminta untuk ditunda dahulu, dibatalkan, karena sinyalnya nggak bagus bagi pasukan yang lain, yang ikut susah payah ikut assessment, ikut ujian, ikut talent management,"" tegas Bimo. Namun sampai keputusan lebih jauh ditetapkan oleh Suahasil, Bimo mengatakan untuk saat ini para pejabat yang terindikasi melompati proses ini akan langsung dibatalkan dari daftar perombakan dan dikembalikan ke posisi semula. ""Yang nggak memenuhi syarat tadi dibatalkan. Yang lain-lain tetap. (Jadi balik ke posisi awal?) iya,"" jawabnya. Di luar itu, Bimo juga membenarkan saat ditanya apakah permintaan penundaan perombakan ini berkaitan dengan pernyataan Menkeu baru Suahasil Nazara yang akan melihat lebih dahulu Keputusan Menteri Keuangan yang digunakan sebagai landasan aturan perombakan pejabat era Purbaya. ""Iya, Pak Suahasil menegaskan komitmennya untuk melaksanakan talent management, melaksanakan birokrasi reform dengan sebaik-baiknya,"" terang Bimo. Sebelumnya Menteri Keuangan (Menkeu) Suahasil Nazara buka-bukaan terkait nasib perombakan pejabat yang dilakukan belum lama ini oleh Purbaya Yudhi Sadewa saat ia masih menjabat. Ia mengatakan pihaknya akan melihat terlebih dahulu Keputusan Menteri Keuangan sebagai landasan aturan perlombakannya. ""Nanti kita lihat, tapi kemarin memang ada pelantikan minggu lalu, dan tentu nanti kita akan lihat pelantikan seperti apa, Keputusan Menteri Keuangannya seperti apa, dan kita akan tindak lanjuti dari situ,"" beber Suahasil usai dilantik di Istana Negara, Jakarta Pusat, Senin (14/9/2026). Perombakan ratusan pejabat di lingkungan Kemenkeu terakhir dilakukan oleh Purbaya pada Kamis 10 September 2026. Dalam hal ini, mayoritas perombakan di Ditjen Bea Cukai dan Ditjen Pajak. Perombakan terjadi pada pejabat Pimpinan Tinggi Pratama, Pejabat Administrator, Pejabat Pengawas, Pejabat Fungsional, dan Pejabat pada Unit Organisasi Non Eselon Kemenkeu.  Simak juga Video: Pakar Ungkap Sederet Tantangan Menteri Suahasil Usai Purbaya Lengser  [Gambas:Video 20detik]  ","['direktur', 'jenderal', 'pajak', 'bimo', 'wijayanto', 'tunda', 'ombak', 'jabat', 'lingkung', 'direktorat', 'jenderal', 'pajak', 'djp', 'menteri', 'uang', 'kemenkeu', 'nama', 'jabat', 'masuk', 'ombak', 'ikut', 'prosedur', 'talent', 'management', 'djp', 'usul', 'rotasi', 'namanama', 'ajaib', 'proses', 'assessment', 'talent', 'management', 'temu', 'acara', 'international', 'tax', 'conference', 'kantor', 'pusat', 'djp', 'jakarta', 'selatan', 'rabu', 'bimo', 'indikasi', 'simpang', 'prosedur', 'kait', 'muncul', 'nama', 'lompat', 'proses', 'seleksi', 'bijak', 'rotasi', 'ombak', 'susun', 'jabat', 'tunda', 'batal', 'scroll', 'to', 'continue', 'with', 'content', 'dirjen', 'bea', 'cukai', 'tunda', 'batal', 'sinyal', 'nggak', 'bagus', 'pasu', 'susah', 'payah', 'assessment', 'uji', 'talent', 'management', 'bimo', 'putus', 'tetap', 'suahasil', 'bimo', 'jabat', 'indikasi', 'lompat', 'proses', 'langsung', 'batal', 'daftar', 'ombak', 'kembali', 'posisi', 'nggak', 'penuh', 'syarat', 'batal', 'lainlain', 'posisi', 'iya', 'bimo', 'benar', 'minta', 'tunda', 'ombak', 'kait', 'nyata', 'menkeu', 'suahasil', 'nazara', 'putus', 'menteri', 'uang', 'landas', 'atur', 'ombak', 'jabat', 'era', 'purbaya', 'iya', 'suahasil', 'komitmen', 'laksana', 'talent', 'management', 'laksana', 'birokrasi', 'reform', 'sebaikbaiknya', 'terang', 'bimo', 'menteri', 'uang', 'menkeu', 'suahasil', 'nazara', 'bukabukaan', 'kait', 'nasib', 'ombak', 'jabat', 'purbaya', 'yudhi', 'sadewa', 'jabat', 'putus', 'menteri', 'uang', 'landas', 'atur', 'lomba', 'lihat', 'kemarin', 'lantik', 'minggu', 'lihat', 'lantik', 'putus', 'menteri', 'uang', 'tindak', 'lanjut', 'situ', 'beber', 'suahasil', 'lantik', 'istana', 'negara', 'jakarta', 'pusat', 'senin', 'ombak', 'ratus', 'jabat', 'lingkung', 'kemenkeu', 'purbaya', 'kamis', 'september', 'mayoritas', 'ombak', 'ditjen', 'bea', 'cukai', 'ditjen', 'pajak', 'ombak', 'jabat', 'pimpin', 'pratama', 'jabat', 'administrator', 'jabat', 'awas', 'jabat', 'fungsional', 'jabat', 'unit', 'organisasi', 'non', 'eselon', 'kemenkeu', 'simak', 'video', 'pakar', 'deret', 'tantang', 'menteri', 'suahasil', 'purbaya', 'lengser', 'gambasvideo', 'detik']",Finance
"Menteri Keuangan Suahasil Nazara hari ini menghadiri rapat terbatas untuk pertama kalinya usai dilantik Presiden Prabowo Subianto pada Senin kemarin. Suahasil dilantik menjadi Bendahara Negara menggantikan Purbaya Yudhi Sadewa. Ketika tiba di Istana, Suahasil cukup lebar memberikan senyuman ketika dihampiri awak media yang ingin bertanya. Hanya saja dia enggan bicara banyak soal rapat apa yang mau dilakukan. Suahasil cuma bilang dia akan memaparkan kondisi ekonomi terkini kepada Presiden Prabowo Subianto. ""Ya bentar, kondisi ekonomi kita selalu menyampaikan. Kita rapat dulu nanti kita sampaikan,"" ujar Suahasil sambil tersenyum ketika tiba di Kompleks Istana Kepresidenan, Jakarta Pusat, Rabu (16/9/2026). SCROLL TO CONTINUE WITH CONTENT  Dalam momen yang sama, Menteri ESDM Bahlil Lahadalia juga hadir ke Istana. Bahlil bilang rapat sore ini akan membahas soal kebijakan energi. ""Hari ini kami akan melakukan rapat dengan presiden terkait dengan beberapa langkah-langkah dalam rangka memenuhi kebutuhan energi di dalam negeri kita,"" beber Bahlil.  Simak juga Video: Pakar Ungkap Sederet Tantangan Menteri Suahasil Usai Purbaya Lengser  [Gambas:Video 20detik]  ","['menteri', 'uang', 'suahasil', 'nazara', 'hadir', 'rapat', 'batas', 'kali', 'lantik', 'presiden', 'prabowo', 'subianto', 'senin', 'kemarin', 'suahasil', 'lantik', 'bendahara', 'negara', 'ganti', 'purbaya', 'yudhi', 'sadewa', 'istana', 'suahasil', 'lebar', 'senyum', 'hampir', 'awak', 'media', 'enggan', 'bicara', 'rapat', 'suahasil', 'bilang', 'papar', 'kondisi', 'ekonomi', 'kini', 'presiden', 'prabowo', 'subianto', 'ya', 'bentar', 'kondisi', 'ekonomi', 'rapat', 'suahasil', 'senyum', 'kompleks', 'istana', 'presiden', 'jakarta', 'pusat', 'rabu', 'scroll', 'to', 'continue', 'with', 'content', 'momen', 'menteri', 'esdm', 'bahlil', 'lahadalia', 'hadir', 'istana', 'bahlil', 'bilang', 'rapat', 'sore', 'bahas', 'bijak', 'energi', 'rapat', 'presiden', 'kait', 'langkahlangkah', 'rangka', 'penuh', 'butuh', 'energi', 'negeri', 'beber', 'bahlil', 'simak', 'video', 'pakar', 'deret', 'tantang', 'menteri', 'suahasil', 'purbaya', 'lengser', 'gambasvideo', 'detik']",Finance
"Indeks Harga Saham Gabungan (IHSG) hari ini ditutup di zona merah. IHSG bergerak dua arah hingga akhirnya ditutup level 6.400-an. Dikutip dari RTI, Rabu (16/9/2026), IHSG pada penutupan turun sebesar 24,30 poin ke level 6.436,85 atau melemah 0,38%. IHSG dibuka di level 6.453,91 dengan level tertinggi 6.535,46 dan terendah 6.436,85.  SCROLL TO CONTINUE WITH CONTENT Volume transaksi tercatat 24,49 miliar saham, turnover Rp 12,15 triliun dengan frekuensi transaksi 1.851.583 kali. Sebanyak 201 saham menguat, 439 saham melemah, dan 151 saham tidak mengalami pergerakan. Pada bursa Asia lainnya, Hang Seng Index menguat 0,19%, Nikkei naik 0,78%, dan Shanghai Composite Index menguat 0,71%.  Lihat juga Video: Meskipun Merah, Inflasi di IHSG Cenderung ke Arah Positif  [Gambas:Video 20detik]  ","['indeks', 'harga', 'saham', 'gabung', 'ihsg', 'tutup', 'zona', 'merah', 'ihsg', 'gerak', 'arah', 'tutup', 'level', 'an', 'kutip', 'rti', 'rabu', 'ihsg', 'tutup', 'turun', 'poin', 'level', 'lemah', 'ihsg', 'buka', 'level', 'level', 'tinggi', 'rendah', 'scroll', 'to', 'continue', 'with', 'content', 'volume', 'transaksi', 'catat', 'miliar', 'saham', 'turnover', 'rp', 'triliun', 'frekuensi', 'transaksi', 'kali', 'saham', 'kuat', 'saham', 'lemah', 'saham', 'alami', 'gera', 'bursa', 'asia', 'hang', 'seng', 'index', 'kuat', 'nikkei', 'shanghai', 'composite', 'index', 'kuat', 'lihat', 'video', 'merah', 'inflasi', 'ihsg', 'cenderung', 'arah', 'positif', 'gambasvideo', 'detik']",Finance
"Bursa Efek Indonesia (BEI) akan mulai menerapkan perubahan batas minimum harga saham dari sebelumnya Rp 50 menjadi Rp 1 pada 28 September 2026. Implementasi aturan ini diketahui sempat ditunda dari jadwal sebelumnya karena terdapat Anggota Bursa (AB) yang belum siap menerapkan kebijakan tersebut. Direktur Utama BEI, Jeffrey Hendrik, mengatakan saat ini tinggal satu AB yang masih belum siap melakukan penghapusan batas minimum harga saham Rp 50. Namun ia memastikan, AB terkait dapat mengikuti ketentuan pada uji coba pada hari Sabtu (19/9) mendatang. ""Kami sangat optimis untukmockdi hari Sabtu ini, satu anggota bursa itu bisa ikutmockini dan kemudian siap untuk bisa ikut dalam perdagangan di tanggal 28 nanti, yang sudah tidak lagi menggunakan harga minimum Rp 50,"" ungkap Jeffrey di Gedung BEI, Jakarta Selatan, Rabu (16/9/2026). SCROLL TO CONTINUE WITH CONTENT  Jeffrey menjelaskan, kendala yang dialami AB dalam menerapkan kebijakan baru bersifat teknis dan tidak perlu dikhawatirkan. Ia juga menyebut, saat ini ada 92 AB yang siap menerapkan ketentuan baru tersebut. Di sisi lain, Jeffrey juga memastikan infrastruktur perdagangan BEI siap menerapkan peraturan ini. Bahkan pada saat uji coba pertama, terdapat 83 hingga 87 AB yang siap menghapus batas minimum harga saham tersebut. ""Di tahap awal itu saja sudah ada 83 atau 87 waktu itu yang sudah siap. Nah sekarang sudah hampir semuanya siap dan yang paling harus siap pertama ya infrastruktur bursa,"" pungkasnya.  Sebagai informasi, BEI berencana menghapus batas minimum harga saham menjadi Rp 1. Saat ini, harga saham paling rendah yang bisa diperdagangkan di BEI adalah Rp 50 per saham atau dikenal sebagai saham gocap. Jeffrey mengatakan perubahan ini dilakukan untuk memberi akses likuiditas dan proses penentuan harga pasar atau price discovery. Karenanya, BEI akan menghapus batas minimum harga tersebut. ""Untuk memberikan akses likuiditas dan price discovery yang lebih baik, kami akan menghapus batasan harga minimum Rp 50,"" jelas Jeffrey dalam keterangannya kepada wartawan, Kamis (20/8/2026). Sebelumnya, BEI menunda penerapan kebijakan yang sebelumnya dijadwalkan mulai 7 September 2026. Penundaan dilakukan karena masih ada AB yang belum siap menerapkan kebijakan baru tersebut.  Lihat juga Video: Dasco Kumpulkan Bos Bank BUMN Imbas Harga Saham Anjlok  [Gambas:Video 20detik]  ","['bursa', 'efek', 'indonesia', 'bei', 'terap', 'ubah', 'batas', 'minimum', 'harga', 'saham', 'rp', 'rp', 'september', 'implementasi', 'atur', 'tunda', 'jadwal', 'anggota', 'bursa', 'ab', 'terap', 'bijak', 'direktur', 'utama', 'bei', 'jeffrey', 'hendrik', 'tinggal', 'ab', 'hapus', 'batas', 'minimum', 'harga', 'saham', 'rp', 'ab', 'kait', 'ikut', 'tentu', 'uji', 'coba', 'sabtu', 'optimis', 'untukmockdi', 'sabtu', 'anggota', 'bursa', 'ikutmockini', 'dagang', 'tanggal', 'harga', 'minimum', 'rp', 'jeffrey', 'gedung', 'bei', 'jakarta', 'selatan', 'rabu', 'scroll', 'to', 'continue', 'with', 'content', 'jeffrey', 'kendala', 'alami', 'ab', 'terap', 'bijak', 'sifat', 'teknis', 'khawatir', 'sebut', 'ab', 'terap', 'tentu', 'sisi', 'jeffrey', 'infrastruktur', 'dagang', 'bei', 'terap', 'atur', 'uji', 'coba', 'ab', 'hapus', 'batas', 'minimum', 'harga', 'saham', 'tahap', 'ya', 'infrastruktur', 'bursa', 'pungkas', 'informasi', 'bei', 'rencana', 'hapus', 'batas', 'minimum', 'harga', 'saham', 'rp', 'harga', 'saham', 'rendah', 'dagang', 'bei', 'rp', 'saham', 'kenal', 'saham', 'gocap', 'jeffrey', 'ubah', 'akses', 'likuiditas', 'proses', 'tentu', 'harga', 'pasar', 'price', 'discovery', 'bei', 'hapus', 'batas', 'minimum', 'harga', 'akses', 'likuiditas', 'price', 'discovery', 'hapus', 'batas', 'harga', 'minimum', 'rp', 'jeffrey', 'terang', 'wartawan', 'kamis', 'bei', 'tunda', 'terap', 'bijak', 'jadwal', 'september', 'tunda', 'ab', 'terap', 'bijak', 'lihat', 'video', 'dasco', 'kumpul', 'bos', 'bank', 'bumn', 'imbas', 'harga', 'saham', 'anjlok', 'gambasvideo', 'detik']",Finance
"PT Pertamina Hulu Rokan (PHR) menandatangani kontrak bagi hasil migas non konvensional (MNK) di zona Rokan melalui anak usahanya PT PHE Rokan Nonkonvensional. Pengembangan MNK menjadi strategi PHR untuk menjaga keberlanjutan produksi dan membuka sumberdaya migas baru bagi ketahanan energi nasional. Perjalanan MNK Rokan dimulai dari pengeboran Gulamo DET-1 pada 2023 dan dilanjutkan dengan Kelok DET-1 pada 2024 sebagai bagian dari upaya studi potensi migas non-konvensional di struktur North Aman. Keberhasilan Gulamo DET-1 dan Kelok DET-1 memperkuat keyakinan PHR terhadap potensi pengembangan Migas Non Konvensional (MNK) di struktur North Aman dengan perkiraan recoverable resources mencapai 724 juta barel setara minyak (MMBOE). SCROLL TO CONTINUE WITH CONTENT Potensi ini menjadi dasar bagi PHR untuk melanjutkan tahapan appraisal sekaligus membuka peluang pengembangan pada struktur lain seperti South Aman, Rangau, dan Balam. Keunggulan ekosistem operasional Zona Rokan didukung oleh keberadaan infrastruktur produksi, fasilitas pendukung, akses operasional, serta ekosistem rantai pasok yang telah berkembang di Zona Rokan.   Seluruh fasilitas ini menjadi modal penting bagi PHR untuk mendukung pengembangan MNK Rokan secara bertahap. Pengembangan MNK membutuhkan penerapan teknologi kompleks serta dukungan dari berbagai komponen ekosistem MNK. Keputusan Menteri ESDM Nomor 246.K/MG.04/MEM.M/2026 pun hadir memberikan kepastian regulasi, skema cost recovery dengan split adaptif, hingga insentif investasi guna menyeimbangkan daya tarik investasi dengan penerimaan negara, sekaligus memastikan keberlanjutan proyek jangka panjang. Kepala Satuan Kerja Khusus Pelaksana Kegiatan Usaha Hulu Minyak dan Gas Bumi (SKK Migas) Djoko Siswanto menyampaikan pentingnya pengembangan MNK Rokan bagi sektor sektor hulu migas nasional. Langkah ini dinilai penting untuk membuka sumber pertumbuhan produksi baru di tengah penurunan kinerja lapangan-lapangan konvensional. ""Rokan kita dorong menjadi pionir sekaligus pembuktian bahwa Migas Non Konvensional dapat dikembangkan secara komersial di Indonesia,"" ujar Djoko dalam keterangan tertulis, Rabu (16/9/2026). Menurut Djoko potensi sumber daya yang besar harus segera diterjemahkan menjadi cadangan dan produksi nyata. Upaya ini membutuhkan percepatan appraisal, penerapan teknologi tepat guna, serta dukungan keekonomian dan regulasi yang kompetitif. ""Potensinya sudah kita lihat, regulasi dan insentif juga telah disiapkan. Sekarang yang paling penting adalah bagaimana seluruh tahapan dapat berjalan lebih cepat sampai menghasilkan produksi. Kalau MNK Rokan berhasil, ini akan membuka jalan bagi pengembangan potensi MNK di wilayah lain dan menjadi sumber baru untuk mendukung peningkatan produksi serta ketahanan energi nasional,"" tuturnya.  Wakil Direktur Utama PT Pertamina (Persero) Oki Muraza menegaskan pentingnya pengembangan MNK Rokan bagi masa depan energi nasional. Langkah ini menjadi langkah awal untuk membangun kapabilitas serta ekosistem Migas Non-Konvensional di Indonesia. ""Yang kita bangun bukan hanya sumurnya, tetapi ekosistemnya. MNK membutuhkan integrasi kemampuan subsurface, drilling dan completion, stimulasi, teknologi, supply chain, serta sumber daya manusia yang berbeda dari pengembangan migas konvensional. Rokan menjadi starting point bagi Pertamina dan Indonesia untuk membangun learning curve tersebut,"" jelas Oki. Oki juga menambahkan bahwa keberhasilan pembangunan ekosistem dan peningkatan daya saing ekonomi di Rokan dapat menjadi model untuk diterapkan pada potensi MNK lainnya. Langkah ini dinilai sebagai awal dari pengembangan skema MNK dalam skala yang jauh lebih besar di Indonesia. ""Jika ekosistem ini berhasil kita bangun dan keekonomiannya semakin kompetitif, model yang dikembangkan di Rokan dapat direplikasi ke potensi MNK lainnya. Inilah langkah awal menuju pengembangan MNK Indonesia dalam skala yang lebih besar,"" tambahnya. Sementara itu, Direktur Utama PT Pertamina Hulu Energi (PHE) Sunaryanto menyatakan optimismenya terhadap pengembangan MNK di Indonesia. Sebagai Subholding Upstream Pertamina, ia meyakini langkah ini akan berkontribusi signifikan terhadap produksi minyak nasional di masa mendatang. ""Pengembangan MNK memiliki potensi besar untuk mendukung peningkatan produksi minyak di dalam negeri,"" ujar Sunaryanto.  Direktur Utama PHR Muhamad Arifin melihat momen penandatanganan KBH MNK Rokan adalah langkah strategis memperkuat ketahanan energi nasional. Langkah ini diharapkan mampu memperkuat ketahanan energi nasional sekaligus membangun kompetensi baru di sektor hulu migas. ""MNK bukan hanya proyek eksplorasi, melainkan fondasi baru yang akan menjadi investasi strategis untuk meningkatkan ketahanan energi nasional dan membangun kompetensi baru di hulu migas di Indonesia,"" imbuh Arifin. Ia menambahkan, dengan dukungan regulasi, ekosistem operasional yang mumpuni, serta roadmap jelas menuju tahap komersialisasi, MNK Rokan sebagai game changer akan membuka harapan baru bagi industri energi Indonesia. Dengan langkah ini, PHR menegaskan komitmennya untuk menghadirkan inovasi, memperkuat ketahanan energi, dan menciptakan multiplier effect sekaligus menjadi referensi bagi pengembangan sumber migas non-konvensional di wilayah lain. Subholding Upstream Pertamina terus berkomitmen mengucurkan investasi pada bisnis hulu migas yang berkelanjutan berbasis prinsip Environmental, Social, and Governance (ESG). Langkah ini diimbangi dengan penguatan tata kelola perusahaan, budaya kepatuhan, serta pencegahan fraud demi mewujudkan lingkungan kerja yang profesional, transparan, dan beretika. ","['pt', 'pertamina', 'hulu', 'rok', 'phr', 'menandatangani', 'kontrak', 'hasil', 'migas', 'non', 'konvensional', 'mnk', 'zona', 'rok', 'anak', 'usaha', 'pt', 'phe', 'rok', 'nonkonvensional', 'kembang', 'mnk', 'strategi', 'phr', 'jaga', 'lanjut', 'produksi', 'buka', 'sumberdaya', 'migas', 'tahan', 'energi', 'nasional', 'jalan', 'mnk', 'rok', 'bor', 'gulamo', 'det', 'lanjut', 'kelok', 'det', 'upaya', 'studi', 'potensi', 'migas', 'nonkonvensional', 'struktur', 'north', 'aman', 'hasil', 'gulamo', 'det', 'kelok', 'det', 'kuat', 'yakin', 'phr', 'potensi', 'kembang', 'migas', 'non', 'konvensional', 'mnk', 'struktur', 'north', 'aman', 'kira', 'recoverable', 'resources', 'capai', 'juta', 'barel', 'tara', 'minyak', 'mmboe', 'scroll', 'to', 'continue', 'with', 'content', 'potensi', 'dasar', 'phr', 'lanjut', 'tahap', 'appraisal', 'buka', 'peluang', 'kembang', 'struktur', 'south', 'aman', 'rangau', 'balam', 'unggul', 'ekosistem', 'operasional', 'zona', 'rok', 'dukung', 'ada', 'infrastruktur', 'produksi', 'fasilitas', 'dukung', 'akses', 'operasional', 'ekosistem', 'rantai', 'pasok', 'kembang', 'zona', 'rok', 'fasilitas', 'modal', 'phr', 'dukung', 'kembang', 'mnk', 'rok', 'tahap', 'kembang', 'mnk', 'butuh', 'terap', 'teknologi', 'kompleks', 'dukung', 'komponen', 'ekosistem', 'mnk', 'putus', 'menteri', 'esdm', 'nomor', 'kmgmemm', 'hadir', 'pasti', 'regulasi', 'skema', 'cost', 'recovery', 'split', 'adaptif', 'insentif', 'investasi', 'imbang', 'daya', 'tarik', 'investasi', 'terima', 'negara', 'lanjut', 'proyek', 'jangka', 'kepala', 'satu', 'kerja', 'khusus', 'laksana', 'giat', 'usaha', 'hulu', 'minyak', 'gas', 'bumi', 'skk', 'migas', 'djoko', 'siswanto', 'kembang', 'mnk', 'rok', 'sektor', 'sektor', 'hulu', 'migas', 'nasional', 'langkah', 'nilai', 'buka', 'sumber', 'tumbuh', 'produksi', 'turun', 'kerja', 'lapanganlapangan', 'konvensional', 'rok', 'dorong', 'pionir', 'bukti', 'migas', 'non', 'konvensional', 'kembang', 'komersial', 'indonesia', 'djoko', 'terang', 'tulis', 'rabu', 'djoko', 'potensi', 'sumber', 'daya', 'terjemah', 'cadang', 'produksi', 'nyata', 'upaya', 'butuh', 'cepat', 'appraisal', 'terap', 'teknologi', 'dukung', 'ekonomi', 'regulasi', 'kompetitif', 'potensi', 'lihat', 'regulasi', 'insentif', 'siap', 'tahap', 'jalan', 'cepat', 'hasil', 'produksi', 'mnk', 'rok', 'hasil', 'buka', 'jalan', 'kembang', 'potensi', 'mnk', 'wilayah', 'sumber', 'dukung', 'tingkat', 'produksi', 'tahan', 'energi', 'nasional', 'wakil', 'direktur', 'utama', 'pt', 'pertamina', 'persero', 'oki', 'muraza', 'kembang', 'mnk', 'rok', 'energi', 'nasional', 'langkah', 'langkah', 'bangun', 'kapabilitas', 'ekosistem', 'migas', 'nonkonvensional', 'indonesia', 'bangun', 'sumur', 'ekosistem', 'mnk', 'butuh', 'integrasi', 'mampu', 'subsurface', 'drilling', 'completion', 'stimulasi', 'teknologi', 'supply', 'chain', 'sumber', 'daya', 'manusia', 'beda', 'kembang', 'migas', 'konvensional', 'rok', 'starting', 'point', 'pertamina', 'indonesia', 'bangun', 'learning', 'curve', 'oki', 'oki', 'hasil', 'bangun', 'ekosistem', 'tingkat', 'daya', 'saing', 'ekonomi', 'rok', 'model', 'terap', 'potensi', 'mnk', 'langkah', 'nilai', 'kembang', 'skema', 'mnk', 'skala', 'indonesia', 'ekosistem', 'hasil', 'bangun', 'ekonomi', 'kompetitif', 'model', 'kembang', 'rok', 'direplikasi', 'potensi', 'mnk', 'langkah', 'kembang', 'mnk', 'indonesia', 'skala', 'direktur', 'utama', 'pt', 'pertamina', 'hulu', 'energi', 'phe', 'sunaryanto', 'optimisme', 'kembang', 'mnk', 'indonesia', 'subholding', 'upstream', 'pertamina', 'langkah', 'kontribusi', 'signifikan', 'produksi', 'minyak', 'nasional', 'kembang', 'mnk', 'milik', 'potensi', 'dukung', 'tingkat', 'produksi', 'minyak', 'negeri', 'sunaryanto', 'direktur', 'utama', 'phr', 'muhamad', 'arifin', 'momen', 'penandatanganan', 'kbh', 'mnk', 'rok', 'langkah', 'strategis', 'kuat', 'tahan', 'energi', 'nasional', 'langkah', 'harap', 'kuat', 'tahan', 'energi', 'nasional', 'bangun', 'kompetensi', 'sektor', 'hulu', 'migas', 'mnk', 'proyek', 'eksplorasi', 'fondasi', 'investasi', 'strategis', 'tingkat', 'tahan', 'energi', 'nasional', 'bangun', 'kompetensi', 'hulu', 'migas', 'indonesia', 'imbuh', 'arifin', 'dukung', 'regulasi', 'ekosistem', 'operasional', 'mumpuni', 'roadmap', 'tahap', 'komersialisasi', 'mnk', 'rok', 'game', 'changer', 'buka', 'harap', 'industri', 'energi', 'indonesia', 'langkah', 'phr', 'komitmen', 'hadir', 'inovasi', 'kuat', 'tahan', 'energi', 'cipta', 'multiplier', 'effect', 'referensi', 'kembang', 'sumber', 'migas', 'nonkonvensional', 'wilayah', 'subholding', 'upstream', 'pertamina', 'komitmen', 'kucur', 'investasi', 'bisnis', 'hulu', 'migas', 'lanjut', 'bas', 'prinsip', 'environmental', 'social', 'and', 'governance', 'esg', 'langkah', 'imbang', 'kuat', 'tata', 'kelola', 'usaha', 'budaya', 'patuh', 'cegah', 'fraud', 'wujud', 'lingkung', 'kerja', 'profesional', 'transparan', 'etika']",Finance
"Gubernur DKI Jakarta Pramono Anung memberikan sinyal proyek MRT Jakarta koridor East-West akan mulai dikerjakan tahun ini. Jalur tersebut akan menjadi bagian dari pengembangan transportasi berbasis rel untuk melayani wilayah Jakarta, khususnya koridor barat hingga timur. Pramono mengatakan, pemerintah terus mengembangkan jaringan transportasi publik di Jakarta. Selain LRT yang akan diperluas untuk menghubungkan sejumlah wilayah, koridor barat-timur akan dikembangkan menggunakan MRT. ""Untuk Jakarta Barat kita akan kembangkan yang dari Barat ke Timur menggunakan MRT, tahun ini mudah-mudahan bisa di-groundbreaking oleh Bapak Presiden Prabowo Subianto,"" kata Pramono dalam peresmian perpanjangan jalur LRT Jakarta di Stasiun Manggarai, Jakarta, Rabu (16/9/2026). SCROLL TO CONTINUE WITH CONTENT Menurut Pramono, pihaknya sudah berkoordinasi dengan pemerintah pusat untuk menggarap proyek tersebut. Proyek MRT Jakarta akan dikembangkan sesuai dengan proyek yang saat ini beroperasi dari Lebak Bulus ke Bundaran HI. ""Dan tadi kami sudah mendiskusikan juga dengan Pemerintah Pusat mengenai share berapa yang perlu di share atau dibagi antara Pemerintah Pusat dengan juga dengan Pemerintah Jakarta. Dan prinsipnya melanjutkan apa yang sudah diatur di dalam MRT dari utara ke selatan,"" bebernya.  Proyek MRT Jakarta East-West Line (Lintas Timur-Barat) direncanakan membentang dari Banten, melewati DKI Jakarta, hingga ke Bekasi, Jawa Barat. Pada fase 1 tahap 1, rute akan membentang dari Tomang, Jakarta Barat hingga Medan Satria, Bekasi. Perpanjangan jalur dari Jakarta hingga ke Bekasi dan Tangerang sudah termuat dalam rencana MRT lintas Timur-Barat. Rencana pembangunan ini sudah masuk dalam daftar proyek strategis nasional (PSN) berdasarkan Peraturan Presiden (Perpres) Nomor 12 Tahun 2025. Di mana ujung barat layanan MRT akan berhenti di Balaraja, dan di ujung Timur moda transportasi kereta ini akan berakhir di Cikarang. Sepanjang jalur itu, rencananya akan ada 48 stasiun dan 3 depo MRT Jakarta.  Lihat juga Video: Pramono Targetkan MRT Kembangan-Balaraja Dibangun 1-2 Tahun Lagi  [Gambas:Video 20detik]  ","['gubernur', 'dki', 'jakarta', 'pramono', 'anung', 'sinyal', 'proyek', 'mrt', 'jakarta', 'koridor', 'eastwest', 'jalur', 'kembang', 'transportasi', 'bas', 'rel', 'layan', 'wilayah', 'jakarta', 'koridor', 'barat', 'timur', 'pramono', 'perintah', 'kembang', 'jaring', 'transportasi', 'publik', 'jakarta', 'lrt', 'luas', 'hubung', 'wilayah', 'koridor', 'barattimur', 'kembang', 'mrt', 'jakarta', 'barat', 'kembang', 'barat', 'timur', 'mrt', 'mudahmudahan', 'digroundbreaking', 'presiden', 'prabowo', 'subianto', 'pramono', 'resmi', 'panjang', 'jalur', 'lrt', 'jakarta', 'stasiun', 'manggarai', 'jakarta', 'rabu', 'scroll', 'to', 'continue', 'with', 'content', 'pramono', 'koordinasi', 'perintah', 'pusat', 'garap', 'proyek', 'proyek', 'mrt', 'jakarta', 'kembang', 'sesuai', 'proyek', 'operasi', 'lebak', 'bulus', 'bundar', 'hi', 'diskusi', 'perintah', 'pusat', 'share', 'share', 'bagi', 'perintah', 'pusat', 'perintah', 'jakarta', 'prinsip', 'lanjut', 'atur', 'mrt', 'utara', 'selatan', 'beber', 'proyek', 'mrt', 'jakarta', 'eastwest', 'line', 'lintas', 'timurbarat', 'rencana', 'bentang', 'banten', 'lewat', 'dki', 'jakarta', 'bekas', 'jawa', 'barat', 'fase', 'tahap', 'rute', 'bentang', 'tomang', 'jakarta', 'barat', 'medan', 'satria', 'bekas', 'panjang', 'jalur', 'jakarta', 'bekas', 'tangerang', 'muat', 'rencana', 'mrt', 'lintas', 'timurbarat', 'rencana', 'bangun', 'masuk', 'daftar', 'proyek', 'strategis', 'nasional', 'psn', 'dasar', 'atur', 'presiden', 'pres', 'nomor', 'ujung', 'barat', 'layan', 'mrt', 'henti', 'balaraja', 'ujung', 'timur', 'moda', 'transportasi', 'kereta', 'cikarang', 'jalur', 'rencana', 'stasiun', 'depo', 'mrt', 'jakarta', 'lihat', 'video', 'pramono', 'target', 'mrt', 'kembanganbalaraja', 'bangun', 'gambasvideo', 'detik']",Finance
"Presiden Prabowo Subianto mengumpulkan beberapa menterinya untuk membahas soal kebijakan energi. Menteri ESDM Bahlil Lahadalia, Kepala BP BUMN Dony Oskaria hingga, Menteri Keuangan Suahasil Nazara merapat ke Istana. ""Hari ini kami akan melakukan rapat dengan presiden terkait dengan beberapa langkah-langkah dalam rangka memenuhi kebutuhan energi di dalam negeri kita,"" beber Bahlil di Kompleks Istana Kepresidenan, Jakarta Pusat, Rabu (16/9/2026). Bahlil akan bicara soal pemanfaatan potensi dalam negeri dengan mendorong penggunaan Biodiesel B50. SCROLL TO CONTINUE WITH CONTENT ""Mungkin salah satu diantaranya kita akan melakukan pengembangan dengan memanfaatkan potensi dalam negeri kita. Mungkin kita akan mendorong atas B50,"" sebut Bahlil.  Sementara itu Dony mengatakan kemungkinan pihaknya dan Pertamina akan memberikan beberapa laporan. Diketahui, Wakil Dirut Pertamina Oki Muraza juga hadir dalam rapat. ""Kita biasa,updateaja. Berkaitan sama ada Pertamina juga nanti kan, berkaitan dengan energi. Nanti setelah rapat mungkin kita bisaupdateya lebih lanjut,"" ujar Dony.  Simak juga Video: Pakar Ungkap Sederet Tantangan Menteri Suahasil Usai Purbaya Lengser  [Gambas:Video 20detik]  ","['presiden', 'prabowo', 'subianto', 'kumpul', 'menteri', 'bahas', 'bijak', 'energi', 'menteri', 'esdm', 'bahlil', 'lahadalia', 'kepala', 'bp', 'bumn', 'dony', 'oskaria', 'menteri', 'uang', 'suahasil', 'nazara', 'rapat', 'istana', 'rapat', 'presiden', 'kait', 'langkahlangkah', 'rangka', 'penuh', 'butuh', 'energi', 'negeri', 'beber', 'bahlil', 'kompleks', 'istana', 'presiden', 'jakarta', 'pusat', 'rabu', 'bahlil', 'bicara', 'manfaat', 'potensi', 'negeri', 'dorong', 'guna', 'biodiesel', 'b', 'scroll', 'to', 'continue', 'with', 'content', 'salah', 'kembang', 'manfaat', 'potensi', 'negeri', 'dorong', 'b', 'bahlil', 'dony', 'pertamina', 'lapor', 'wakil', 'dirut', 'pertamina', 'oki', 'muraza', 'hadir', 'rapat', 'biasaupdateaja', 'kait', 'pertamina', 'kait', 'energi', 'rapat', 'bisaupdateya', 'dony', 'simak', 'video', 'pakar', 'deret', 'tantang', 'menteri', 'suahasil', 'purbaya', 'lengser', 'gambasvideo', 'detik']",Finance
"Menteri Energi dan Sumber Daya Mineral (ESDM) Bahlil Lahadalia mengatakan sedang membuat aturan untuk mencegah pengguna BBM non-subsidi beralih menggunakan BBM subsidi, alias dari Pertamax ke Pertalite. Bahlil mengatakan peralihan pengguna dari BBM non-subsidi ke BBM subsidi menjadi salah satu penyebab terjadinya antrean di sejumlah SPBU secara nasional, termasuk antrean yang ada di Makassar. Ia meminta agar masyarakat mampu tidak mengkonsumsi BBM subsidi. ""Ya memang kita lagi ada memformulasikan aturannya. Makanya dalam berbagai kesempatan kan saya menganjurkan agar saudara-saudara saya yang mampu, yang mobilnya bagus, tolonglah kita jangan sampai memakai BBM subsidi,"" ujar Bahlil saat ditemui di Gedung DPR, Jakarta, Rabu (16/9/2026). SCROLL TO CONTINUE WITH CONTENT Selain adanya peralihan konsumsi, Bahlil bilang ada faktor lain yang membuat antrean pembelian BBM subsidi di SPBU yang ada di Sulawesi. Dalam kesempatan ini Bahlil tidak menjelaskan detail. Ia hanya menyampaikan ada pihak-pihak yang sengaja antre dengan maksud tertentu. ""Kemudian yang terjadi di Sulawesi Selatan kemarin itu menjadi antrian panjang karena banyak faktor. Salah satu di antaranya adalah ada memang pihak-pihak, kan teman-teman media kan udah punya data. Ngantri di pompa bensin hanya untuk, ya ada maksud lain lah kira-kira begitu,"" katanya. Ia pun memastikan bahwa saat ini tidak ada kelangkaan BBM. Bahlil menyampaikan stok BBM nasional dalam kondisi aman. Di mana BBM nasional berada di atas batas minimal yang ada. ""BBM itu kan secara cadangan stok nasional kita kan dalam batas minimal nasional, 18-20 hari,"" terangnya. Sementara itu, Ditjen Minyak dan Gas Bumi Laode Sulaeman menyampaikan saat ini pihaknya bersama dengan aparat penegak hukum dan Pertamina tengah menggali adanya dugaan penimbunan BBM yang ada di Makassar. Karena hal ini kata Laode antrean BBM terjadi. Laode menjelaskan penimbunan BBM ini dilakukan dengan modus memperbesar tangki kendaraan. ""Ya dia ngisi tapi tangkinya diperbesar, contohnya kayak gitu. Tangkinya ditambah yang harusnya kapasitasnya X, ditambah X plus 50%, X plus 75%. Contohnya gitu,"" katanya.  Simak juga Video Harga Pertamax Turun, Bahlil: Mengikuti Harga Dunia  [Gambas:Video 20detik]  ","['menteri', 'energi', 'sumber', 'daya', 'mineral', 'esdm', 'bahlil', 'lahadalia', 'atur', 'cegah', 'guna', 'bbm', 'nonsubsidi', 'alih', 'bbm', 'subsidi', 'alias', 'pertamax', 'pertalite', 'bahlil', 'alih', 'guna', 'bbm', 'nonsubsidi', 'bbm', 'subsidi', 'salah', 'sebab', 'antre', 'spbu', 'nasional', 'antre', 'makassar', 'masyarakat', 'konsumsi', 'bbm', 'subsidi', 'ya', 'formulasi', 'atur', 'sempat', 'anjur', 'saudarasaudara', 'mobil', 'bagus', 'tolong', 'pakai', 'bbm', 'subsidi', 'bahlil', 'temu', 'gedung', 'dpr', 'jakarta', 'rabu', 'scroll', 'to', 'continue', 'with', 'content', 'alih', 'konsumsi', 'bahlil', 'bilang', 'faktor', 'antre', 'beli', 'bbm', 'subsidi', 'spbu', 'sulawesi', 'sempat', 'bahlil', 'detail', 'pihakpihak', 'sengaja', 'antre', 'maksud', 'sulawesi', 'selatan', 'kemarin', 'antri', 'faktor', 'salah', 'pihakpihak', 'temanteman', 'media', 'udah', 'data', 'ngantri', 'pompa', 'bensin', 'ya', 'maksud', 'kirakira', 'langka', 'bbm', 'bahlil', 'stok', 'bbm', 'nasional', 'kondisi', 'aman', 'bbm', 'nasional', 'batas', 'minimal', 'bbm', 'cadang', 'stok', 'nasional', 'batas', 'minimal', 'nasional', 'terang', 'ditjen', 'minyak', 'gas', 'bumi', 'laode', 'sulaeman', 'aparat', 'tegak', 'hukum', 'pertamina', 'gali', 'duga', 'timbun', 'bbm', 'makassar', 'laode', 'antre', 'bbm', 'laode', 'timbun', 'bbm', 'modus', 'besar', 'tangki', 'kendara', 'ya', 'ngisi', 'tangki', 'besar', 'contoh', 'kayak', 'gitu', 'tangki', 'tambah', 'kapasitas', 'x', 'tambah', 'x', 'plus', 'x', 'plus', 'contoh', 'gitu', 'simak', 'video', 'harga', 'pertamax', 'turun', 'bahlil', 'ikut', 'harga', 'dunia', 'gambasvideo', 'detik']",Finance
"Pelaku pasar modal di Indonesia menghadapi berbagai dinamika global dan domestik. Kondisi tersebut mendorong investor untuk lebih selektif dalam menentukan alokasi investasinya. Direktur Investasi Sucor Asset Management (AM), Dimas Yusuf, mengatakan perhatian pelaku pasar terhadap instrumen dengan profil risiko yang konservatif masih terlihat. Hal tersebut tercermin dari besaran Asset Under Management (AUM) hungga awal September 2026. ""Di tengah kondisi pasar yang dinamis, kami melihat investor semakin selektif dalam menentukan alokasi investasinya. Perhatian terhadap instrumen dengan profil risiko yang lebih konservatif masih terlihat, tercermin dari AUM reksa dana pasar uang Sucor AM yang mencapai Rp 22,48 triliun hingga 9 September 2026 tumbuh 23,3% YTD,"" ujar Dimas dalam keterangan tertulis, Rabu (16/9/2026). SCROLL TO CONTINUE WITH CONTENT  Sementara AUM reksa dana saham Sucor AM tercatat sebesar Rp 6,28 triliun atau tumbuh 6,2% YTD hingga 9 September 2026. Hal ini mencerminkan minat terhadap pasar saham pada investor dengan profil agresif dan horizon investasi jangka panjang. Secara umum, dana kelolaan reksa dana yang dikelola Sucor AM sendiri sebesar Rp 46,5 triliun dengan jumlah investor aktif lebih dari 900 ribu Single Investor Identification (SID). ""Setiap kelas aset memiliki dinamika dan karakteristik risiko yang berbeda. Karena itu, selektivitas menjadi hal penting, baik dalam menentukan alokasi aset maupun memilih instrumen yang sesuai dengan profil risiko dan tujuan investasi,"" lanjut Dimas. Dalam periode lima tahun hingga 31 Agustus 2026, dana kelolaan Sucor AM tercatat tumbuh 107% dengan peningkatan jumlah investor aktif sebesar 115%. Perusahaan juga mulai membentuk strategi hingga akhir 2026.  Pada reksa dana saham, Sucor AM akan fokus memilih emiten dengan fundamental kuat, valuasi menarik, dividend yield yang kompetitif, serta prospek pertumbuhan bisnis yang terjaga. Sementara untuk obligasi, fokus diarahkan pada kualitas kredit, profil risiko, dan likuiditas, dengan penyesuaian durasi reksa dana pendapatan tetap secara bertahap sesuai kondisi pasar. Strategi tersebut juga dibarengi dengan penguatan kerja sama dengan mitra distribusi, perluasan edukasi investor, serta komunikasi rutin mengenai perkembangan pasar dan strategi investasi. Sucor AM juga akan terus mengembangkan produk sesuai profil risiko dan jangka waktu investasi investor. Di sisi lain, disiplin manajemen risiko tetap menjadi prioritas dengan strategi yang disesuaikan berdasarkan karakteristik masing-masing kelas aset. Langkah ini dilakukan untuk menjaga kepercayaan investor sekaligus memenuhi kebutuhan investasi yang terus berkembang.  Lihat juga Video: Reksa Dana, Jalan Ninja Kelola Risiko Investasi?  [Gambas:Video 20detik]  ","['laku', 'pasar', 'modal', 'indonesia', 'hadap', 'dinamika', 'global', 'domestik', 'kondisi', 'dorong', 'investor', 'selektif', 'tentu', 'alokasi', 'investasi', 'direktur', 'investasi', 'sucor', 'asset', 'management', 'am', 'mas', 'yusuf', 'perhati', 'laku', 'pasar', 'instrumen', 'profil', 'risiko', 'konservatif', 'cermin', 'besar', 'asset', 'under', 'management', 'aum', 'hungga', 'september', 'kondisi', 'pasar', 'dinamis', 'investor', 'selektif', 'tentu', 'alokasi', 'investasi', 'perhati', 'instrumen', 'profil', 'risiko', 'konservatif', 'cermin', 'aum', 'reksa', 'dana', 'pasar', 'uang', 'sucor', 'am', 'capai', 'rp', 'triliun', 'september', 'tumbuh', 'ytd', 'mas', 'terang', 'tulis', 'rabu', 'scroll', 'to', 'continue', 'with', 'content', 'aum', 'reksa', 'dana', 'saham', 'sucor', 'am', 'catat', 'rp', 'triliun', 'tumbuh', 'ytd', 'september', 'cermin', 'minat', 'pasar', 'saham', 'investor', 'profil', 'agresif', 'horizon', 'investasi', 'jangka', 'dana', 'kelola', 'reksa', 'dana', 'kelola', 'sucor', 'am', 'rp', 'triliun', 'investor', 'aktif', 'ribu', 'single', 'investor', 'identification', 'sid', 'kelas', 'aset', 'milik', 'dinamika', 'karakteristik', 'risiko', 'beda', 'selektivitas', 'tentu', 'alokasi', 'aset', 'pilih', 'instrumen', 'sesuai', 'profil', 'risiko', 'tuju', 'investasi', 'mas', 'periode', 'agustus', 'dana', 'kelola', 'sucor', 'am', 'catat', 'tumbuh', 'tingkat', 'investor', 'aktif', 'usaha', 'bentuk', 'strategi', 'reksa', 'dana', 'saham', 'sucor', 'am', 'fokus', 'pilih', 'emiten', 'fundamental', 'kuat', 'valuasi', 'tarik', 'dividend', 'yield', 'kompetitif', 'prospek', 'tumbuh', 'bisnis', 'jaga', 'obligasi', 'fokus', 'arah', 'kualitas', 'kredit', 'profil', 'risiko', 'likuiditas', 'sesuai', 'durasi', 'reksa', 'dana', 'dapat', 'tahap', 'sesuai', 'kondisi', 'pasar', 'strategi', 'bareng', 'kuat', 'kerja', 'mitra', 'distribusi', 'luas', 'edukasi', 'investor', 'komunikasi', 'rutin', 'kembang', 'pasar', 'strategi', 'investasi', 'sucor', 'am', 'kembang', 'produk', 'sesuai', 'profil', 'risiko', 'jangka', 'investasi', 'investor', 'sisi', 'disiplin', 'manajemen', 'risiko', 'prioritas', 'strategi', 'sesuai', 'dasar', 'karakteristik', 'masingmasing', 'kelas', 'aset', 'langkah', 'jaga', 'percaya', 'investor', 'penuh', 'butuh', 'investasi', 'kembang', 'lihat', 'video', 'reksa', 'dana', 'jalan', 'ninja', 'kelola', 'risiko', 'investasi', 'gambasvideo', 'detik']",Finance
"Presiden Prabowo Subianto mengaku senang mendapatkan laporan dari Gubernur DKI Jakarta Pramono Anung soal pertumbuhan ekonomi yang melesat. Pramono melaporkan perusahaan-perusahaan yang tadinya lesu sedang bangkit di Jakarta, investasi pun melesat. ""Di dalam laporan dari Gubernur, pertumbuhan (ekonomi) DKI meningkat, perusahaan-perusahaan yang tadi agak lesu sekarang bangkit, investasi naik luar biasa,"" ujar Prabowo saat meresmikan LRT Jakarta di Stasiun Manggarai, Jakarta Selatan, Rabu (16/9/2026). Capaian baik ini terjadi karena semua pemimpin di pusat dan daerah saling gotong royong. Dia yakin bila semua orang bekerja, ekonomi Indonesia akan bangkit. SCROLL TO CONTINUE WITH CONTENT ""Ini menunjukkan bila pemimpin-pemimpin bisa kerja sama, bisa gotong royong, dan harus gotong royong, bisa dan mau gotong royong, mau kerja sama, bangsa ini akan bangkit menjadi bangsa yang luar biasa. Saya yakin itu,"" kata Prabowo.  Pramono dalam acara yang sama memaparkan ekonomi Jakarta triwulan II-2026 tumbuh 5,52%. Inflasi terjaga di 2,5% dan kontribusi bagi pertumbuhan ekonomi nasional mencapai 16,32%. ""Yang juga menggembirakan bapak presiden, kalau dulu di tahun 2021, selama satu tahun penuh investasi Jakarta itu Rp 103 triliun. Dalam era dua tahun ini, dalam kepemimpinan Bapak, Jakarta tumbuh 162%. Di tahun 2025, investasi di Jakarta Rp 270 triliun. Bahkan di triwulan kedua tahun ini, di tahun 2026, Jakarta investasinya Rp 173 triliun,"" papar Pramono.  Simak juga Video: Prabowo Ajak Ubah Kerentanan Jadi Kekuatan Ekonomi di KTT BRICS  [Gambas:Video 20detik]  ","['presiden', 'prabowo', 'subianto', 'aku', 'senang', 'lapor', 'gubernur', 'dki', 'jakarta', 'pramono', 'anung', 'tumbuh', 'ekonomi', 'lesat', 'pramono', 'lapor', 'perusahaanperusahaan', 'lesu', 'bangkit', 'jakarta', 'investasi', 'lesat', 'lapor', 'gubernur', 'tumbuh', 'ekonomi', 'dki', 'tingkat', 'perusahaanperusahaan', 'lesu', 'bangkit', 'investasi', 'prabowo', 'resmi', 'lrt', 'jakarta', 'stasiun', 'manggarai', 'jakarta', 'selatan', 'rabu', 'capai', 'pimpin', 'pusat', 'daerah', 'gotong', 'royong', 'orang', 'ekonomi', 'indonesia', 'bangkit', 'scroll', 'to', 'continue', 'with', 'content', 'pemimpinpemimpin', 'kerja', 'gotong', 'royong', 'gotong', 'royong', 'gotong', 'royong', 'kerja', 'bangsa', 'bangkit', 'bangsa', 'prabowo', 'pramono', 'acara', 'papar', 'ekonomi', 'jakarta', 'triwulan', 'ii', 'tumbuh', 'inflasi', 'jaga', 'kontribusi', 'tumbuh', 'ekonomi', 'nasional', 'capai', 'gembira', 'presiden', 'penuh', 'investasi', 'jakarta', 'rp', 'triliun', 'era', 'pimpin', 'jakarta', 'tumbuh', 'investasi', 'jakarta', 'rp', 'triliun', 'triwulan', 'jakarta', 'investasi', 'rp', 'triliun', 'papar', 'pramono', 'simak', 'video', 'prabowo', 'ajak', 'ubah', 'rentan', 'kuat', 'ekonomi', 'ktt', 'brics', 'gambasvideo', 'detik']",Finance
"Pertamina Patra Niaga menyebut kondisi penyaluran bahan bakar minyak (BBM) di sejumlah SPBU Kota Makassar dan wilayah sekitarnya mulai kondusif. Di mana pengisian BBM di SPBU berjalan dengan lebih tertib dan antrean kendaraan tidak lagi mengganggu arus lalu lintas di sekitar SPBU. ""Kondisi penyaluran BBM di Makassar, Gowa, Takalar, dan Maros saat ini sudah lebih kondusif. Ini tentu merupakan hasil kerja bersama antara Pertamina, pemerintah daerah, dan APH yang terus berkoordinasi dan melakukan pemantauan di lapangan,"" ujar Pjs. Area Manager Communication, Relations & CSR Pertamina Patra Niaga Regional Sulawesi, Okky Aditya Wibowo dalam keterangan tertulis, Rabu (16/9/2026). Okky menambahkan, Pertamina tidak hanya melakukan pemantauan di SPBU, tetapi juga memastikan penyaluran BBM ke lembaga penyalur terus berjalan secara berkelanjutan. Distribusi dilakukan dengan mempertimbangkan kebutuhan dan kondisi di lapangan. SCROLL TO CONTINUE WITH CONTENT Langkah ini dilakukan untuk memastikan kebutuhan masyarakat tetap dapat dilayani dan distribusi BBM berjalan sesuai dengan kondisi kebutuhan di masing-masing wilayah ""Dari sisi Pertamina, kami terus berupaya menjaga agar penyaluran BBM berjalan secara berkelanjutan. Distribusi ke lembaga penyalur terus kami lakukan dan kondisi di lapangan terus kami monitor. Kami juga terus berkoordinasi dengan pemerintah daerah dan APH apabila terdapat dinamika dalam penyaluran,"" tambah Okky. Pertamina mengapresiasi dukungan pemerintah daerah dan APH yang bersama-sama menjaga ketertiban di sekitar SPBU. Sinergi tersebut diharapkan dapat terus berjalan sehingga pelayanan kepada masyarakat semakin baik dan aktivitas pengisian BBM dapat berlangsung secara tertib. Pertamina juga mengimbau masyarakat untuk membeli BBM sesuai kebutuhan dan mengikuti arahan petugas di SPBU. Masyarakat diharapkan tidak melakukan pembelian secara berlebihan agar penyaluran BBM dapat berjalan dengan baik dan masyarakat lainnya tetap mendapatkan pelayanan. Informasi maupun pengaduan terkait produk dan layanan Pertamina dapat disampaikan melalui Pertamina Contact Center (PCC) 135 yang melayani pelanggan selama 24 jam.  Lihat juga Video Haykal Kamil Soroti Harga BBM Eceran di Aceh Tak Masuk Akal  [Gambas:Video 20detik]  ","['pertamina', 'patra', 'niaga', 'sebut', 'kondisi', 'salur', 'bahan', 'bakar', 'minyak', 'bbm', 'spbu', 'kota', 'makassar', 'wilayah', 'kondusif', 'isi', 'bbm', 'spbu', 'jalan', 'tertib', 'antre', 'kendara', 'ganggu', 'arus', 'lintas', 'spbu', 'kondisi', 'salur', 'bbm', 'makassar', 'gowa', 'takalar', 'maros', 'kondusif', 'hasil', 'kerja', 'pertamina', 'perintah', 'daerah', 'aph', 'koordinasi', 'pantau', 'lapang', 'pjs', 'area', 'manager', 'communication', 'relations', 'csr', 'pertamina', 'patra', 'niaga', 'regional', 'sulawesi', 'okky', 'aditya', 'wibowo', 'terang', 'tulis', 'rabu', 'okky', 'pertamina', 'pantau', 'spbu', 'salur', 'bbm', 'lembaga', 'salur', 'jalan', 'lanjut', 'distribusi', 'timbang', 'butuh', 'kondisi', 'lapang', 'scroll', 'to', 'continue', 'with', 'content', 'langkah', 'butuh', 'masyarakat', 'layan', 'distribusi', 'bbm', 'jalan', 'sesuai', 'kondisi', 'butuh', 'masingmasing', 'wilayah', 'sisi', 'pertamina', 'upaya', 'jaga', 'salur', 'bbm', 'jalan', 'lanjut', 'distribusi', 'lembaga', 'salur', 'laku', 'kondisi', 'lapang', 'monitor', 'koordinasi', 'perintah', 'daerah', 'aph', 'dinamika', 'salur', 'okky', 'pertamina', 'apresiasi', 'dukung', 'perintah', 'daerah', 'aph', 'bersamasama', 'jaga', 'tertib', 'spbu', 'sinergi', 'harap', 'jalan', 'layan', 'masyarakat', 'aktivitas', 'isi', 'bbm', 'tertib', 'pertamina', 'imbau', 'masyarakat', 'beli', 'bbm', 'sesuai', 'butuh', 'ikut', 'arah', 'tugas', 'spbu', 'masyarakat', 'harap', 'beli', 'salur', 'bbm', 'jalan', 'masyarakat', 'layan', 'informasi', 'adu', 'kait', 'produk', 'layan', 'pertamina', 'pertamina', 'contact', 'center', 'pcc', 'layan', 'langgan', 'jam', 'lihat', 'video', 'haykal', 'kamil', 'sorot', 'harga', 'bbm', 'ecer', 'aceh', 'masuk', 'akal', 'gambasvideo', 'detik']",Finance
"Konfederasi Serikat Pekerja Indonesia (KSPI) bersama Partai Buruh dan Koalisi Serikat Pekerja dan Partai Buruh (KSPPB) berencana melakukan gelombang aksi unjuk rasa pada bulan Oktober mendatang. Presiden KSPI sekaligus Presiden Partai Buruh, Said Iqbal, mengatakan waktu pasti unjuk rasa ini masih belum ditetapkan dan masih dalam pembahasan. Namun yang pasti aksi ini akan dilakukan bertahap dari tingkat daerah di kantor-kantor kepala daerah di seluruh Indonesia. ""KSPI, Koalisi Serikat Pekerja dan Partai Buruh, KSPPB, direncanakan bulan Oktober. Kapan? Itu nanti akan didiskusikan lebih lanjut. Aksinya dimulai dari daerah dulu. Dari setiap provinsi nanti akan ada aksi ke kantor-kantor gubernur,"" jelasnya dalam konferensi pers yang dilakukan secara online, Rabu (16/9/2026). SCROLL TO CONTINUE WITH CONTENT Lebih lanjut Said menegaskan buruh tidak akan melakukan aksi unjuk rasa bulan ini, September, sebab ia tidak ingin aksi yang dilakukan dikaitkan dengan kegiatan atau isu lain yang bersifat anarki alias rusuh. ""Aksinya itu tapi tidak bulan September ini, karena kami tidak mau terjebak dengan isu istilah 'Black September'. Kami nggak mau ikut-ikutan itu. Kami hanya memperjuangkan isu buruh. Tidak ikut-ikutan yang mengakibatkan kerusakan atau kericuhan,"" ujar Said. Dalam aksi gelombang yang disiapkan untuk bulan Oktober tersebut, kelompok buruh akan membawa lima agenda tuntutan utama: 1. Menuntut kenaikan UMP dan UMK tahun 2027 sebesar 7,5% - 9,5%.2. Menuntut DPR segera mengesahkan RUU Perlindungan Ketenagakerjaan.3. Segera melakukan revisi atau perubahan pada Permenaker Nomor 7 Tahun 2026 mengenai pekerja alih daya.4. Menghapus skema pesangon 0,5 kali menjadi minimal 1,0 kali sesuai Putusan MK Nomor 168.5. Meminta Kementerian Keuangan menghapus pemotongan pajak Jaminan Hari Tua (JHT) dari 5% menjadi 0%. ""Ini ada Menteri Keuangan yang baru, kami ingin mengingatkan Pak Suahasil agar permintaan kaum buruh dan para anggota masyarakat pajak jaminan hari tua itu adalah 0%. Sekarang ini kan 5%, pajaknya kami minta 0%"" ucap Said membacakan salah satu tuntutan buruh. ""Ada rencana aksi, tapi rencana aksi di daerah, di kota-kota industri, tidak bulan September ini. Kita nggak mau gerakan buruh menjadi sesuatu yang kontraproduktif kalau kita lakukan di September,"" pungkasnya.  Lihat juga Video: Demo Buruh Tuntut UMP DKI Naik jadi Rp 5,8 Juta  [Gambas:Video 20detik]  ","['konfederasi', 'serikat', 'kerja', 'indonesia', 'kspi', 'partai', 'buruh', 'koalisi', 'serikat', 'kerja', 'partai', 'buruh', 'ksppb', 'rencana', 'gelombang', 'aksi', 'unjuk', 'oktober', 'presiden', 'kspi', 'presiden', 'partai', 'buruh', 'said', 'iqbal', 'unjuk', 'tetap', 'bahas', 'aksi', 'tahap', 'tingkat', 'daerah', 'kantorkantor', 'kepala', 'daerah', 'indonesia', 'kspi', 'koalisi', 'serikat', 'kerja', 'partai', 'buruh', 'ksppb', 'rencana', 'oktober', 'diskusi', 'aksi', 'daerah', 'provinsi', 'aksi', 'kantorkantor', 'gubernur', 'konferensi', 'pers', 'online', 'rabu', 'scroll', 'to', 'continue', 'with', 'content', 'said', 'buruh', 'aksi', 'unjuk', 'september', 'aksi', 'kait', 'giat', 'isu', 'sifat', 'anarki', 'alias', 'rusuh', 'aksi', 'september', 'jebak', 'isu', 'istilah', 'black', 'september', 'nggak', 'ikutikutan', 'juang', 'isu', 'buruh', 'ikutikutan', 'akibat', 'rusa', 'ricuh', 'said', 'aksi', 'gelombang', 'siap', 'oktober', 'kelompok', 'buruh', 'bawa', 'agenda', 'tuntut', 'utama', 'tuntut', 'naik', 'ump', 'umk', 'tuntut', 'dpr', 'kesah', 'ruu', 'lindung', 'ketenagakerjaan', 'revisi', 'ubah', 'permenaker', 'nomor', 'kerja', 'alih', 'daya', 'hapus', 'skema', 'sangon', 'kali', 'minimal', 'kali', 'sesuai', 'putus', 'mk', 'nomor', 'menteri', 'uang', 'hapus', 'potong', 'pajak', 'jamin', 'tua', 'jht', 'menteri', 'uang', 'suahasil', 'minta', 'kaum', 'buruh', 'anggota', 'masyarakat', 'pajak', 'jamin', 'tua', 'pajak', 'said', 'baca', 'salah', 'tuntut', 'buruh', 'rencana', 'aksi', 'rencana', 'aksi', 'daerah', 'kotakota', 'industri', 'september', 'nggak', 'gera', 'buruh', 'kontraproduktif', 'laku', 'september', 'pungkas', 'lihat', 'video', 'demo', 'buruh', 'tuntut', 'ump', 'dki', 'rp', 'juta', 'gambasvideo', 'detik']",Finance
"Pemerintah Provinsi (Pemprov) DKI Jakarta bakal memperpanjang jalur LRT Jakarta dari Stasiun Manggari hingga kawasan Dukuh Atas. Proyek LRT Jakarta Manggarai-Dukuh Atas akan direalisasi tahun 2027. Menurut Gubernur DKI Jakarta Pramono Anung, butuh anggaran hingga Rp 2,7 triliun untuk mendanai proyek tersebut. Dananya bisa berasal dari obligasi, APBD, hingga Danantara. ""Untuk dari Manggarai sampai dengan Dukuh Atas Rp 2,7 triliun yang kita akan mulai di tahun 2027 awal ini sudah tersedia berapa Pak Dirut? Udah ada? Nggak perlu obligasi? Jadi intinya bisa dari obligasi, bisa dari APBD, bisa juga dari Danantara,"" terang Pramono dalam peresmian LRT Jakarta ke Manggarai, Jakarta Selatan, Rabu (16/9/2026). SCROLL TO CONTINUE WITH CONTENT  Pembangunan LRT Jakarta juga akan diteruskan hingga Jakarta International Stadium (JIS) dan kawasan stasiun Kereta Cepat Whoosh. Pengembangan LRT Jakarta akan dilanjutkan dari Kelapa Gading menuju JIS, sementara dari Velodrome jalurnya akan diperpanjang hingga Stasiun Whoosh di Halim. ""Tetapi yang saya bahagia dan saya happy adalah sesuai dengan arahan Bapak Presiden, kita akan lanjutkan sampai dengan JIS dari Kelapa Gading ke JIS, dari Velodrome ke Whoosh,"" tuturnya. Sementara itu, pengembangan transportasi berbasis rel untuk wilayah Jakarta Barat akan mengandalkan MRT. Pramono mengatakan MRT akan dikembangkan untuk melayani koridor barat-timur Jakarta. ""Memang orang banyak menanyakan bagaimana dengan Jakarta Barat untuk LRT, sedangkan untuk Jakarta Barat kita akan kembangkan yang dari barat ke timur menggunakan MRT,"" tutup Pramono ","['perintah', 'provinsi', 'pemprov', 'dki', 'jakarta', 'panjang', 'jalur', 'lrt', 'jakarta', 'stasiun', 'manggar', 'kawasan', 'dukuh', 'proyek', 'lrt', 'jakarta', 'manggaraidukuh', 'realisasi', 'gubernur', 'dki', 'jakarta', 'pramono', 'anung', 'butuh', 'anggar', 'rp', 'triliun', 'dana', 'proyek', 'dana', 'asal', 'obligasi', 'apbd', 'danantara', 'manggarai', 'dukuh', 'rp', 'triliun', 'sedia', 'dirut', 'udah', 'nggak', 'obligasi', 'inti', 'obligasi', 'apbd', 'danantara', 'terang', 'pramono', 'resmi', 'lrt', 'jakarta', 'manggarai', 'jakarta', 'selatan', 'rabu', 'scroll', 'to', 'continue', 'with', 'content', 'bangun', 'lrt', 'jakarta', 'terus', 'jakarta', 'international', 'stadium', 'jis', 'kawasan', 'stasiun', 'kereta', 'cepat', 'whoosh', 'kembang', 'lrt', 'jakarta', 'lanjut', 'kelapa', 'gading', 'jis', 'velodrome', 'jalur', 'panjang', 'stasiun', 'whoosh', 'halim', 'bahagia', 'happy', 'sesuai', 'arah', 'presiden', 'lanjut', 'jis', 'kelapa', 'gading', 'jis', 'velodrome', 'whoosh', 'kembang', 'transportasi', 'bas', 'rel', 'wilayah', 'jakarta', 'barat', 'andal', 'mrt', 'pramono', 'mrt', 'kembang', 'layan', 'koridor', 'barattimur', 'jakarta', 'orang', 'jakarta', 'barat', 'lrt', 'jakarta', 'barat', 'kembang', 'barat', 'timur', 'mrt', 'tutup', 'pramono']",Finance
"Menteri Keuangan (Menkeu), Suahasil Nazara, memilih bungkam saat diberondong sejumlah pertanyaan oleh awak media. Peristiwa tersebut terjadi usai dirinya menghadiri Sidang Paripurna DPD RI di Kompleks Parlemen, Senayan, Jakarta, Rabu (16/9/2026). Saat itu, Suahasil diketahui hadir dengan kemeja biru muda, dasi bergaris berwarna putih, dengan jas hitam. Ia hadir didampingi sejumlah jajarannya di ruang Sidang Paripurna DPD, Nusantara V. Ketika menghadapi awak media, Suahasil memilih bungkam. Sejumlah pertanyaan yang diajukan juga mencakup berbagai pertanyaan yang menjadi isu pada masa kepemimpinan Purbaya Yudhi Sadewa di Kementerian Keuangan. SCROLL TO CONTINUE WITH CONTENT  Sejumlah pertanyaan tersebut di antaranya terkait keputusan Fitch Ratings Indonesia yang menyesuaikan peringkat utang Indonesia Investment Authority's (INA) menjadi BBB dengan Outlook Negatif hingga nasib penyelesaian utang proyek kereta cepat Whoosh yang diketahui dilimpahkan ke Kementerian Keuangan (Kemenkeu) mulai 15 September. Ia juga sempat ditanya terkait Saldo Anggaran Lebih (SAL) yang ditempatkan di perbankan nasional. Suahasil juga tidak menanggapi pertanyaan terkait dividen Badan Pengelola Investasi (BPI) Daya Anagata Nusantara (Danantara) yang akan disetorkan ke Kemenkeu Rp 120 triliun. Ia memberi isyarat untuk menjawab sejumlah isu tersebut pada agenda rutin di kantor Kemenkeu, yakni APBN KITA. Agenda tersebut rencana digelar dalam waktu dekat. Suahasil dilantik sebagai Menkeu berdasarkan Keputusan Presiden 97 P Tahun 2026 Pemberhentian dan Pengangkatan Kabinet Merah Putih di sisa masa jabatan 2024-2029. Ia dilantik langsung oleh Prabowo sebagai pengganti Purbaya yang telah menjabat sebagai Menkeu selama satu tahun terakhir. Kemudian pada Selasa (15/9), Purbaya Yudhi Sadewa resmi melepas jabatannya sebagai Menkeu usai satu tahun memimpin Kementerian Keuangan kepada Suahasil Nazara. Proses Serah Terima Jabatan (Sertijab) berlangsung hari ini di Aula Mezzanine, Gedung Djuanda 1 Kementerian Keuangan di Jakarta Pusat.  Simak juga Video: Pakar Ungkap Sederet Tantangan Menteri Suahasil Usai Purbaya Lengser  [Gambas:Video 20detik]  ","['menteri', 'uang', 'menkeu', 'suahasil', 'nazara', 'pilih', 'bungkam', 'berondong', 'awak', 'media', 'peristiwa', 'hadir', 'sidang', 'paripurna', 'dpd', 'ri', 'kompleks', 'parlemen', 'senayan', 'jakarta', 'rabu', 'suahasil', 'hadir', 'kemeja', 'biru', 'muda', 'dasi', 'gar', 'warna', 'putih', 'jas', 'hitam', 'hadir', 'damping', 'jajar', 'ruang', 'sidang', 'paripurna', 'dpd', 'nusantara', 'v', 'hadap', 'awak', 'media', 'suahasil', 'pilih', 'bungkam', 'aju', 'cakup', 'isu', 'pimpin', 'purbaya', 'yudhi', 'sadewa', 'menteri', 'uang', 'scroll', 'to', 'continue', 'with', 'content', 'kait', 'putus', 'fitch', 'ratings', 'indonesia', 'sesuai', 'peringkat', 'utang', 'indonesia', 'investment', 'authoritys', 'ina', 'bbb', 'outlook', 'negatif', 'nasib', 'selesai', 'utang', 'proyek', 'kereta', 'cepat', 'whoosh', 'limpah', 'menteri', 'uang', 'kemenkeu', 'september', 'kait', 'saldo', 'anggar', 'sal', 'tempat', 'perban', 'nasional', 'suahasil', 'tanggap', 'kait', 'dividen', 'badan', 'kelola', 'investasi', 'bpi', 'daya', 'anagata', 'nusantara', 'danantara', 'setor', 'kemenkeu', 'rp', 'triliun', 'isyarat', 'isu', 'agenda', 'rutin', 'kantor', 'kemenkeu', 'apbn', 'agenda', 'rencana', 'gelar', 'suahasil', 'lantik', 'menkeu', 'dasar', 'putus', 'presiden', 'p', 'henti', 'angkat', 'kabinet', 'merah', 'putih', 'sisa', 'jabat', 'lantik', 'langsung', 'prabowo', 'ganti', 'purbaya', 'jabat', 'menkeu', 'selasa', 'purbaya', 'yudhi', 'sadewa', 'resmi', 'lepas', 'jabat', 'menkeu', 'pimpin', 'menteri', 'uang', 'suahasil', 'nazara', 'proses', 'serah', 'terima', 'jabat', 'sertijab', 'aula', 'mezzanine', 'gedung', 'djuanda', 'menteri', 'uang', 'jakarta', 'pusat', 'simak', 'video', 'pakar', 'deret', 'tantang', 'menteri', 'suahasil', 'purbaya', 'lengser', 'gambasvideo', 'detik']",Finance
"Sebanyak 7 trainset KRL iE305/CLI 225 tengah menjalani perawatan di fasilitas PT Industri Kereta Api (Persero) atau INKA. Proses tersebut mencakup pemeriksaan sistem, komponen teknis, serta aspek keselamatan sarana sebelum kembali digunakan dalam pelayanan. Vice President Corporate Communication KAI Anne Purba menjelaskan bahwa saat ini satu trainset KRL iE305/CLI 225 sedang dalam tahap akhir pengecekan dan ditargetkan siap pada minggu ini. Selanjutnya, enam trainset lainnya diselesaikan secara bertahap dengan target tiga trainset selesai pada 25 September 2026 dan tiga trainset berikutnya selesai pada 9 Oktober 2026. ""Setiap trainset yang telah menyelesaikan seluruh rangkaian pemeriksaan dan dinyatakan siap akan diserahkan kepada KAI Commuter untuk mendukung pelayanan Commuter Line Jabodetabek sesuai kebutuhan operasional,"" ujar Anne dalam keterangan tertulis, Rabu (16/9/2026). SCROLL TO CONTINUE WITH CONTENT KAI memastikan kolaborasi KAI Commuter sebagai anak usaha KAI dan INKA terus berjalan untuk menyelesaikan proses perawatan 7 trainset KRL iE305/CLI 225 sesuai target waktu yang telah ditetapkan. Kolaborasi tersebut menjadi bagian penting dalam menjaga kesiapan layanan Commuter Line Jabodetabek yang mendukung kebutuhan mobilitas masyarakat di wilayah Jabodetabek. ""Pemeriksaan dilakukan secara menyeluruh untuk memastikan setiap trainset yang kembali beroperasi memenuhi standar keselamatan, keandalan sarana, serta kebutuhan operasional Commuter Line Jabodetabek,"" kata Anne. Commuter Line Jabodetabek menjadi salah satu layanan transportasi utama masyarakat dengan tingkat mobilitas yang terus meningkat. Dalam satu dekade terakhir, jumlah pengguna KRL Jabodetabek meningkat dari 257 juta pelanggan pada 2015 menjadi 401 juta pelanggan pada 2025. Hingga Januari-Agustus 2026, jumlah pelanggan telah mencapai 277,2 juta. Peningkatan mobilitas tersebut berjalan seiring dengan perkembangan jaringan layanan KRL Jabodetabek. Jumlah stasiun meningkat dari 71 stasiun pada 2015 menjadi 85 stasiun pada 2026 untuk mendukung kebutuhan perjalanan masyarakat. KAI memastikan proses perawatan sarana terus dilakukan melalui koordinasi antara KAI, INKA, KAI Commuter, dan pihak terkait. Setiap tahapan pekerjaan diarahkan untuk menjaga kesiapan operasional Commuter Line Jabodetabek dengan mengutamakan aspek keselamatan pelanggan. ""KAI bersama seluruh pihak terkait akan terus menjaga kualitas layanan Commuter Line Jabodetabek melalui kesiapan sarana dan evaluasi berkelanjutan sesuai standar keselamatan yang berlaku,"" tutup Anne.  Simak juga Video 'DPR Soroti Pengurangan Perjalanan KRL Jakarta-Bogor Bikin Penuh Sesak':  [Gambas:Video 20detik]  ","['trainset', 'krl', 'iecli', 'jalan', 'awat', 'fasilitas', 'pt', 'industri', 'kereta', 'api', 'persero', 'inka', 'proses', 'cakup', 'periksa', 'sistem', 'komponen', 'teknis', 'aspek', 'selamat', 'sarana', 'layan', 'vice', 'president', 'corporate', 'communication', 'kai', 'anne', 'purba', 'trainset', 'krl', 'iecli', 'tahap', 'kece', 'target', 'minggu', 'enam', 'trainset', 'selesai', 'tahap', 'target', 'trainset', 'selesai', 'september', 'trainset', 'selesai', 'oktober', 'trainset', 'selesai', 'rangkai', 'periksa', 'nyata', 'serah', 'kai', 'commuter', 'dukung', 'layan', 'commuter', 'line', 'jabodetabek', 'sesuai', 'butuh', 'operasional', 'anne', 'terang', 'tulis', 'rabu', 'scroll', 'to', 'continue', 'with', 'content', 'kai', 'kolaborasi', 'kai', 'commuter', 'anak', 'usaha', 'kai', 'inka', 'jalan', 'selesai', 'proses', 'awat', 'trainset', 'krl', 'iecli', 'sesuai', 'target', 'tetap', 'kolaborasi', 'jaga', 'kesiap', 'layan', 'commuter', 'line', 'jabodetabek', 'dukung', 'butuh', 'mobilitas', 'masyarakat', 'wilayah', 'jabodetabek', 'periksa', 'trainset', 'operasi', 'penuh', 'standar', 'selamat', 'andal', 'sarana', 'butuh', 'operasional', 'commuter', 'line', 'jabodetabek', 'anne', 'commuter', 'line', 'jabodetabek', 'salah', 'layan', 'transportasi', 'utama', 'masyarakat', 'tingkat', 'mobilitas', 'tingkat', 'dekade', 'guna', 'krl', 'jabodetabek', 'tingkat', 'juta', 'langgan', 'juta', 'langgan', 'januariagustus', 'langgan', 'capai', 'juta', 'tingkat', 'mobilitas', 'jalan', 'iring', 'kembang', 'jaring', 'layan', 'krl', 'jabodetabek', 'stasiun', 'tingkat', 'stasiun', 'stasiun', 'dukung', 'butuh', 'jalan', 'masyarakat', 'kai', 'proses', 'awat', 'sarana', 'koordinasi', 'kai', 'inka', 'kai', 'commuter', 'kait', 'tahap', 'kerja', 'arah', 'jaga', 'kesiap', 'operasional', 'commuter', 'line', 'jabodetabek', 'utama', 'aspek', 'selamat', 'langgan', 'kai', 'kait', 'jaga', 'kualitas', 'layan', 'commuter', 'line', 'jabodetabek', 'kesiap', 'sarana', 'evaluasi', 'lanjut', 'sesuai', 'standar', 'selamat', 'laku', 'tutup', 'anne', 'simak', 'video', 'dpr', 'sorot', 'kurang', 'jalan', 'krl', 'jakartabogor', 'bikin', 'penuh', 'sesak', 'gambasvideo', 'detik']",Finance
"Pemerintah Provinsi (Pemprov) DKI Jakarta berencana melanjutkan pembangunan LRT Jakarta hingga terkoneksi dengan Jakarta International Stadium (JIS) dan stasiun Kereta Cepat Whoosh. Rencana tersebut disampaikan Gubernur DKI Jakarta Pramono Anung usai peresmian proyek tersebut. Pramono mengatakan, pengembangan LRT Jakarta akan dilanjutkan dari Kelapa Gading menuju JIS. Sementara dari Velodrome, jalur LRT Jakarta akan diperpanjang hingga terhubung dengan Stasiun Whoosh di Halim. ""Tetapi yang saya bahagia dan saya happy adalah sesuai dengan arahan Bapak Presiden, kita akan lanjutkan sampai dengan JIS dari Kelapa Gading ke JIS, dari Velodrome ke Whoosh,"" kata Pramono di Stasiun Manggarai, Jakarta, Rabu (16/9/2026). SCROLL TO CONTINUE WITH CONTENT  Menurut Pramono, pengembangan tersebut akan membuat jaringan LRT Jakarta semakin terintegrasi. Moda transportasi itu nantinya akan menghubungkan wilayah utara, timur, selatan hingga pusat Jakarta. Selain itu, Pemprov DKI akan melanjutkan pembangunan LRT dari Manggarai menuju Dukuh Atas. Pramono menyebut proyek tersebut membutuhkan anggaran sekitar Rp 2,7 triliun dan direncanakan mulai dikerjakan pada awal 2027. ""Untuk dari Manggarai sampai dengan Dukuh Atas Rp 2,7 triliun yang kita akan mulai di tahun 2027 awal ini sudah tersedia berapa Pak Dirut? Udah ada? Nggak perlu obligasi? Jadi intinya bisa dari obligasi, bisa dari APBD, bisa juga dari Danantara,"" terang Pramono. Sementara itu, pengembangan transportasi berbasis rel untuk wilayah Jakarta Barat akan mengandalkan MRT. Pramono mengatakan MRT akan dikembangkan untuk melayani koridor barat-timur Jakarta. ""Memang orang banyak menanyakan bagaimana dengan Jakarta Barat untuk LRT, sedangkan untuk Jakarta Barat kita akan kembangkan yang dari barat ke timur menggunakan MRT,"" tutup Pramono.  Lihat Video 'Prabowo Jajal LRT Rute Kelapa Gading-Manggarai Bareng Pramono':  [Gambas:Video 20detik]  ","['perintah', 'provinsi', 'pemprov', 'dki', 'jakarta', 'rencana', 'lanjut', 'bangun', 'lrt', 'jakarta', 'koneksi', 'jakarta', 'international', 'stadium', 'jis', 'stasiun', 'kereta', 'cepat', 'whoosh', 'rencana', 'gubernur', 'dki', 'jakarta', 'pramono', 'anung', 'resmi', 'proyek', 'pramono', 'kembang', 'lrt', 'jakarta', 'lanjut', 'kelapa', 'gading', 'jis', 'velodrome', 'jalur', 'lrt', 'jakarta', 'panjang', 'hubung', 'stasiun', 'whoosh', 'halim', 'bahagia', 'happy', 'sesuai', 'arah', 'presiden', 'lanjut', 'jis', 'kelapa', 'gading', 'jis', 'velodrome', 'whoosh', 'pramono', 'stasiun', 'manggarai', 'jakarta', 'rabu', 'scroll', 'to', 'continue', 'with', 'content', 'pramono', 'kembang', 'jaring', 'lrt', 'jakarta', 'integrasi', 'moda', 'transportasi', 'hubung', 'wilayah', 'utara', 'timur', 'selatan', 'pusat', 'jakarta', 'pemprov', 'dki', 'lanjut', 'bangun', 'lrt', 'manggarai', 'dukuh', 'pramono', 'sebut', 'proyek', 'butuh', 'anggar', 'rp', 'triliun', 'rencana', 'manggarai', 'dukuh', 'rp', 'triliun', 'sedia', 'dirut', 'udah', 'nggak', 'obligasi', 'inti', 'obligasi', 'apbd', 'danantara', 'terang', 'pramono', 'kembang', 'transportasi', 'bas', 'rel', 'wilayah', 'jakarta', 'barat', 'andal', 'mrt', 'pramono', 'mrt', 'kembang', 'layan', 'koridor', 'barattimur', 'jakarta', 'orang', 'jakarta', 'barat', 'lrt', 'jakarta', 'barat', 'kembang', 'barat', 'timur', 'mrt', 'tutup', 'pramono', 'lihat', 'video', 'prabowo', 'jajal', 'lrt', 'rute', 'kelapa', 'gadingmanggarai', 'bareng', 'pramono', 'gambasvideo', 'detik']",Finance
"Presiden Prabowo Subianto mengaku sangat bangga dengan kemajuan sistem transportasi di Indonesia, khususnya di Manggarai, Jakarta Selatan yang menjadi hub transportasi. Prabowo memaparkan transportasi massal yang sudah eksis, antara lain commuter line (KRL), Transjakarta, dan LRT Jakarta. Menurutnya, 5-10 tahun ke belakang tidak ada yang mengira sistem transportasi di Jakarta bisa sebegitu maju. ""Tadi dikatakan, 5-6 tahun yang lalu atau 10 tahun yang lalu, siapa mengira kita bisa punya sistem transportasi seperti sekarang? Ini di Manggarai ada LRT, ada KRL, ada TransJakarta, ada TransJabodetabek, ya kan? Kereta bandara. Ini menjadi transport hub,"" ujar Prabowo saat meresmikan LRT Jakarta Manggarai, Rabu (16/9/2026). SCROLL TO CONTINUE WITH CONTENT  Prabowo juga menyampaikan akan dibangun hunian vertikal untuk masyarakat berpenghasilan rendah (MBR) di Manggarai dan diyakini menjadi pusat perekonomian baru di Jakarta. ""Dan ini nanti akan dibangun menara-menara perumahan untuk rakyat yang berpenghasilan rendah,"" beber Prabowo. Prabowo mengaku sangat bahagia dan meminta capaian ini harus ditingkatkan. ""Oleh karena itu, hari ini adalah hari yang sangat membahagiakan saya. Hari ini adalah hari yang membanggakan, bahwa bangsa kita terus teratur, mungkin tidak fantastis tapi kita maju setapak demi setapak demi setapak,"" beber Prabowo.  Simak Video 'Prabowo Jajal LRT Rute Kelapa Gading-Manggarai Bareng Pramono':  [Gambas:Video 20detik]  ","['presiden', 'prabowo', 'subianto', 'aku', 'bangga', 'maju', 'sistem', 'transportasi', 'indonesia', 'manggarai', 'jakarta', 'selatan', 'hub', 'transportasi', 'prabowo', 'papar', 'transportasi', 'massal', 'eks', 'commuter', 'line', 'krl', 'transjakarta', 'lrt', 'jakarta', 'turut', 'sistem', 'transportasi', 'jakarta', 'maju', 'sistem', 'transportasi', 'manggarai', 'lrt', 'krl', 'transjakarta', 'transjabodetabek', 'ya', 'kereta', 'bandara', 'transport', 'hub', 'prabowo', 'resmi', 'lrt', 'jakarta', 'manggarai', 'rabu', 'scroll', 'to', 'continue', 'with', 'content', 'prabowo', 'bangun', 'huni', 'vertikal', 'masyarakat', 'hasil', 'rendah', 'mbr', 'manggarai', 'yakin', 'pusat', 'ekonomi', 'jakarta', 'bangun', 'menaramenara', 'rumah', 'rakyat', 'hasil', 'rendah', 'beber', 'prabowo', 'prabowo', 'aku', 'bahagia', 'capai', 'tingkat', 'bahagia', 'bangga', 'bangsa', 'atur', 'fantastis', 'maju', 'setapak', 'setapak', 'setapak', 'beber', 'prabowo', 'simak', 'video', 'prabowo', 'jajal', 'lrt', 'rute', 'kelapa', 'gadingmanggarai', 'bareng', 'pramono', 'gambasvideo', 'detik']",Finance
"Konfederasi Serikat Pekerja Indonesia (KSPI) bersama Partai Buruh dan Koalisi Serikat Pekerja dan Partai Buruh (KSPPB) menyampaikan usulan kenaikan Upah Minimum Provinsi (UMP) dan Upah Minimum Kabupaten/Kota (UMK) tahun 2027 sebesar 7,5-9,5%. Presiden KSPI sekaligus Presiden Partai Buruh, Said Iqbal menjelaskan perhitungan usulan tersebut mengacu pada ketentuan Peraturan Pemerintah Nomor 49 Tahun 2026 yang menggunakan angka inflasi, angka pertumbuhan ekonomi dan indeks tertentu (alpha). ""Jelas 7,5% sampai 9,5% yang akan diperjuangkan oleh kaum buruh, khususnya KSPI dan Partai Buruh, dan juga yang bergabung di Koalisi Serikat Pekerja dan Partai Buruh, KSPPB. Yaitu usulannya 7,5% sampai 9,5%,"" kata Said dalam konferensi pers yang dilakukan secara online, Rabu (16/9/2026). SCROLL TO CONTINUE WITH CONTENT Dalam hal ini, ia mengatakan untuk angka yang digunakan dalam formula perhitungan usulan UMP 2027, buruh memilih indeks tertentu tertinggi sebesar 0,9. Kemudian untuk pertumbuhan ekonomi menggunakan rata-rata nasional 5,43% dan inflasi 3,20%. ""Berdasarkan data BPS, kita lihat inflasi dulu. Dari Oktober 2025 sampai dengan Agustus 2026 rata-rata inflasi nasional itu adalah 3,20%. Kemudian menurut BPS, rata-rata pertumbuhan ekonomi dari Oktober 2025 sampai Agustus 2026 secara nasional 5,43%,"" ujarnya. Lebih lanjut, ia menjelaskan dengan mengalikan pertumbuhan ekonomi dengan indeks tertentu 0,9 lalu ditambahkan angka inflasi tadi, diperoleh angka perhitungan rata-rata nasional sebesar 7,7%. ""Kita sekarang dapat menghitung berapa kenaikan upah minimum rata-rata nasional, karena mereka pakai data nasional. Jadi, 3,20% ditambah 5,43% dikali 0,9. Saya ulangi 3,20% ditambah 5,43% dikali 0,9 indeks tertentunya. Maka ketemu angka 7,7%,"" jelas Said. Meski begitu, menurutnya angka kenaikan UMP 7,7% tadi merupakan perhitungan umum dengan data rata-rata nasional yang digunakan sebagai perhitungan. Namun, mempertimbangkan variasi pertumbuhan ekonomi di setiap daerah, Said menilai setiap daerah harus memiliki perhitungan kenaikan upah masing-masing. Ia mencontohkan Maluku Utara yang memiliki pertumbuhan ekonomi tertinggi mencapai 20,05%. Dengan angka tersebut, meski kenaikan upah minimum 2027 dihitung menggunakan indeks tertentu 0,5, nilai kenaikan UMP Maluku Utara bisa naik hingga 12,5%. ""Tetapi yurisprudensi di Indonesia, kenaikan upah minimum dalam 10 tahun terakhir jarang sampai dua digit. Paling tinggi ada satu aturan sebelumnya ya, tapi sekarang sudah dihapus, paling tinggi kenaikan upah minimum itu 10%. Ini kan sudah 12,5% Maluku Utara,"" paparnya. ""Karena tadi kan saya bilang jarang ada dua digit. Maluku Utara dua digit, maka saya ambil angka di bawah 10%, itu 9,5%"" tegas Said lagi. Atas dasar inilah, Said menambahkan angka 7,5% diambil untuk mengakomodasi daerah dengan pertumbuhan ekonomi di bawah rata-rata nasional, sedangkan batas atas 9,5% ditetapkan memperhitungkan kenaikan upah minimum di Indonesia yang jarang menyentuh dua digit. ""Jadi sekarang jelas, usulan buruh kenaikan upah minimum adalah 7,5%. Kenapa 7,5%? Karena tadi secara nasional kan sudah dapat hitungannya 7,7%. Kenapa saya turunkan 7,5%? Nanti daerah tertentu ada pertumbuhan ekonominya lebih rendah dari nasional,"" jelas Said terkait usulan minimal kenaikan UMP 2027. ""Saya pakai 7,5% sampai dengan 9,5%.Kenapa 9,5%? Karena Maluku Utara tertinggi, dia ada dua digit. Yurisprudensi jarang, jadi saya mendekati yang dua digit, dua digit kan 10% angkanya, maka saya ambil 9,5%,"" pungkasnya.  Simak juga Video 'Kabar Gembira Buat Warga DKI, 2.843 Loker Bergaji UMP Menanti':  [Gambas:Video 20detik] ","['konfederasi', 'serikat', 'kerja', 'indonesia', 'kspi', 'partai', 'buruh', 'koalisi', 'serikat', 'kerja', 'partai', 'buruh', 'ksppb', 'usul', 'naik', 'upah', 'minimum', 'provinsi', 'ump', 'upah', 'minimum', 'kabupatenkota', 'umk', 'presiden', 'kspi', 'presiden', 'partai', 'buruh', 'said', 'iqbal', 'hitung', 'usul', 'acu', 'tentu', 'atur', 'perintah', 'nomor', 'angka', 'inflasi', 'angka', 'tumbuh', 'ekonomi', 'indeks', 'alpha', 'juang', 'kaum', 'buruh', 'kspi', 'partai', 'buruh', 'gabung', 'koalisi', 'serikat', 'kerja', 'partai', 'buruh', 'ksppb', 'usul', 'said', 'konferensi', 'pers', 'online', 'rabu', 'scroll', 'to', 'continue', 'with', 'content', 'angka', 'formula', 'hitung', 'usul', 'ump', 'buruh', 'pilih', 'indeks', 'tinggi', 'tumbuh', 'ekonomi', 'ratarata', 'nasional', 'inflasi', 'dasar', 'data', 'bps', 'lihat', 'inflasi', 'oktober', 'agustus', 'ratarata', 'inflasi', 'nasional', 'bps', 'ratarata', 'tumbuh', 'ekonomi', 'oktober', 'agustus', 'nasional', 'ali', 'tumbuh', 'ekonomi', 'indeks', 'angka', 'inflasi', 'oleh', 'angka', 'hitung', 'ratarata', 'nasional', 'hitung', 'naik', 'upah', 'minimum', 'ratarata', 'nasional', 'pakai', 'data', 'nasional', 'tambah', 'kali', 'ulang', 'tambah', 'kali', 'indeks', 'tentu', 'ketemu', 'angka', 'said', 'turut', 'angka', 'naik', 'ump', 'hitung', 'data', 'ratarata', 'nasional', 'hitung', 'timbang', 'variasi', 'tumbuh', 'ekonomi', 'daerah', 'said', 'nilai', 'daerah', 'milik', 'hitung', 'naik', 'upah', 'masingmasing', 'contoh', 'malu', 'utara', 'milik', 'tumbuh', 'ekonomi', 'tinggi', 'capai', 'angka', 'naik', 'upah', 'minimum', 'hitung', 'indeks', 'nilai', 'naik', 'ump', 'malu', 'utara', 'yurisprudensi', 'indonesia', 'naik', 'upah', 'minimum', 'jarang', 'digit', 'atur', 'ya', 'hapus', 'naik', 'upah', 'minimum', 'malu', 'utara', 'papar', 'bilang', 'jarang', 'digit', 'malu', 'utara', 'digit', 'ambil', 'angka', 'said', 'dasar', 'said', 'angka', 'ambil', 'akomodasi', 'daerah', 'tumbuh', 'ekonomi', 'ratarata', 'nasional', 'batas', 'tetap', 'hitung', 'naik', 'upah', 'minimum', 'indonesia', 'jarang', 'sentuh', 'digit', 'usul', 'buruh', 'naik', 'upah', 'minimum', 'nasional', 'hitung', 'turun', 'daerah', 'tumbuh', 'ekonomi', 'rendah', 'nasional', 'said', 'kait', 'usul', 'minimal', 'naik', 'ump', 'pakai', 'malu', 'utara', 'tinggi', 'digit', 'yurisprudensi', 'jarang', 'dekat', 'digit', 'digit', 'angka', 'ambil', 'pungkas', 'simak', 'video', 'kabar', 'gembira', 'warga', 'dki', 'loker', 'gaji', 'ump', 'gambasvideo', 'detik']",Finance
Jakarta- Konsumsi LPG 3 kilogram terus meningkat dan membebani anggaran subsidi. Pemerintah menyiapkan penyaluran berbasis desil agar subsidi lebih tepat sasaran.,"['jakarta', 'konsumsi', 'lpg', 'kilogram', 'tingkat', 'beban', 'anggar', 'subsidi', 'perintah', 'salur', 'bas', 'desil', 'subsidi', 'sasar']",Finance
"Menteri Keuangan (Menkeu), Suahasil Nazara, menghadiri Sidang Paripurna DPD RI di Kompleks Parlemen, Senayan, Jakarta, Rabu (16/9). Kehadiran Suahasil hari ini melanjutkan agenda sidang yang sebelumnya ditinggalkan Purbaya Yudhi Sadewa, Senin (14/9). Pada Senin kemarin, Purbaya meninggalkan rapat kerja gabungan bersama Komite IV DPD RI. Rapat tersebut membahas tentang Rancangan Undang-Undang (RUU) Anggaran Pendapatan dan Belanja Negara (APBN) Tahun Anggaran 2027 dan Nota Keuangan. Kala itu, Purbaya diketahui meninggalkan rapat secara mendadak. Tak lama setelahnya, ia diketahui menerima informasi pemecatan. SCROLL TO CONTINUE WITH CONTENT  Informasi tersebut juga ia terima melalui sambungan telepon di tengah rapat bersama DPD siang itu. Purbaya juga sempat menyebut sambungan telepon itu datang dari Menteri Sekretaris Negara Prasetyo Hadi. Sebagai informasi, Suahasil dilantik sebagai berdasarkan Keputusan Presiden 97 P Tahun 2026 Pemberhentian dan Pengangkatan Kabinet Merah Putih di sisa masa jabatan 2024-2029. Ia dilantik langsung oleh Prabowo sebagai pengganti Purbaya yang telah menjabat sebagai Menkeu selama satu tahun terakhir. Kemudian pada Selasa (15/9), Purbaya Yudhi Sadewa resmi melepas jabatannya sebagai Menkeu usai satu tahun memimpin Kementerian Keuangan kepada Suahasil Nazara. Proses Serah Terima Jabatan (Sertijab) berlangsung hari ini di Aula Mezzanine, Gedung Djuanda 1 Kementerian Keuangan di Jakarta Pusat. Di balik pergantian Purbaya ke Suahasil ini, muncul isu masalah internal di Kementerian Keuangan. Banyak pihak mengatakan ada masalah internal kementerian yang membuat Purbaya digantikan Suahasil, khususnya soal urusan Direktorat Jenderal Pajak dan Bea Cukai. Namun, Purbaya menepis kabar tersebut. ""Enggak, enggak ada. Gesekan sih enggak ada, yang jelas ya itu hak prerogatif Presiden yang beliau udah memutuskan,"" ujar Purbaya usai sertijab di Kementerian Keuangan (Kemenkeu), Jakarta Pusat, Selasa (15/9/2026).  Simak juga Video 'Blak-blakan Purbaya soal Alasan Dicopot':  [Gambas:Video 20detik]  ","['menteri', 'uang', 'menkeu', 'suahasil', 'nazara', 'hadir', 'sidang', 'paripurna', 'dpd', 'ri', 'kompleks', 'parlemen', 'senayan', 'jakarta', 'rabu', 'hadir', 'suahasil', 'lanjut', 'agenda', 'sidang', 'tinggal', 'purbaya', 'yudhi', 'sadewa', 'senin', 'senin', 'kemarin', 'purbaya', 'tinggal', 'rapat', 'kerja', 'gabung', 'komite', 'iv', 'dpd', 'ri', 'rapat', 'bahas', 'rancang', 'undangundang', 'ruu', 'anggar', 'dapat', 'belanja', 'negara', 'apbn', 'anggar', 'nota', 'uang', 'purbaya', 'tinggal', 'rapat', 'dadak', 'telah', 'terima', 'informasi', 'pecat', 'scroll', 'to', 'continue', 'with', 'content', 'informasi', 'terima', 'sambung', 'telepon', 'rapat', 'dpd', 'siang', 'purbaya', 'sebut', 'sambung', 'telepon', 'menteri', 'sekretaris', 'negara', 'prasetyo', 'had', 'informasi', 'suahasil', 'lantik', 'dasar', 'putus', 'presiden', 'p', 'henti', 'angkat', 'kabinet', 'merah', 'putih', 'sisa', 'jabat', 'lantik', 'langsung', 'prabowo', 'ganti', 'purbaya', 'jabat', 'menkeu', 'selasa', 'purbaya', 'yudhi', 'sadewa', 'resmi', 'lepas', 'jabat', 'menkeu', 'pimpin', 'menteri', 'uang', 'suahasil', 'nazara', 'proses', 'serah', 'terima', 'jabat', 'sertijab', 'aula', 'mezzanine', 'gedung', 'djuanda', 'menteri', 'uang', 'jakarta', 'pusat', 'ganti', 'purbaya', 'suahasil', 'muncul', 'isu', 'internal', 'menteri', 'uang', 'internal', 'menteri', 'purbaya', 'ganti', 'suahasil', 'urus', 'direktorat', 'jenderal', 'pajak', 'bea', 'cukai', 'purbaya', 'menep', 'kabar', 'gesek', 'sih', 'ya', 'hak', 'prerogatif', 'presiden', 'beliau', 'udah', 'putus', 'purbaya', 'sertijab', 'menteri', 'uang', 'kemenkeu', 'jakarta', 'pusat', 'selasa', 'simak', 'video', 'blakblakan', 'purbaya', 'alas', 'copot', 'gambasvideo', 'detik']",Finance
"Gubernur DKI Jakarta Pramono Anung meminta bantuan kepada Presiden Prabowo Subianto untuk pengembangan rute LRT Jakarta. LRT Jakarta Kelapa Gading-Manggarai hari ini diresmikan Prabowo. Pramono mengatakan LRT Jakarta akan dilanjutkan sampai Stadion Jakarta International Stadium (JIS) dan Halim. Khusus di Halim, LRT Jakarta akan tersambung Kereta Cepat Whoosh. ""Dan yang juga menggembirakan adalah kami akan melanjutkan LRT ini dari Kelapa Gading sampai dengan JIS, kemudian dari Velodrome sampai dengan Halim, kereta cepat Bapak Presiden,"" beber Pramono pada saat peresmian di Stasiun LRT Manggarai, Jakarta Selatan, Rabu (16/9/2026). SCROLL TO CONTINUE WITH CONTENT  Dia mengatakan akan lebih baik bila pemerintah pusat menugaskan BPI Danantara ikut membantu proses pembangunannya. ""Akan lebih menggembirakan kalau kemudian bapak tugaskan Danaantara juga ikut membantu kami pak,"" ujar Pramono. Prabowo meminta agar Danantara mengikuti kemauan Pramono. Niat baik dari Pemprov DKI Jakarta harus dilanjutkan karena sebagai ibu kota, Jakarta merupakan kota milik semua orang. ""Tadi ada harapan dari Gubernur DKI, Danantara ikut membantu, saya kira Danantara wajib membantu. Karena DKI bukan hanya milik orang yang tinggal di DKI, DKI milik seluruh bangsa,"" tegas Prabowo.  Simak juga Video 'Prabowo Jajal LRT Rute Kelapa Gading-Manggarai Bareng Pramono':  [Gambas:Video 20detik]  ","['gubernur', 'dki', 'jakarta', 'pramono', 'anung', 'bantu', 'presiden', 'prabowo', 'subianto', 'kembang', 'rute', 'lrt', 'jakarta', 'lrt', 'jakarta', 'kelapa', 'gadingmanggarai', 'resmi', 'prabowo', 'pramono', 'lrt', 'jakarta', 'lanjut', 'stadion', 'jakarta', 'international', 'stadium', 'jis', 'halim', 'khusus', 'halim', 'lrt', 'jakarta', 'sambung', 'kereta', 'cepat', 'whoosh', 'gembira', 'lanjut', 'lrt', 'kelapa', 'gading', 'jis', 'velodrome', 'halim', 'kereta', 'cepat', 'presiden', 'beber', 'pramono', 'resmi', 'stasiun', 'lrt', 'manggarai', 'jakarta', 'selatan', 'rabu', 'scroll', 'to', 'continue', 'with', 'content', 'perintah', 'pusat', 'tugas', 'bpi', 'danantara', 'bantu', 'proses', 'bangun', 'gembira', 'tugas', 'danaantara', 'bantu', 'pramono', 'prabowo', 'danantara', 'ikut', 'mau', 'pramono', 'niat', 'pemprov', 'dki', 'jakarta', 'lanjut', 'kota', 'jakarta', 'kota', 'milik', 'orang', 'harap', 'gubernur', 'dki', 'danantara', 'bantu', 'danantara', 'wajib', 'bantu', 'dki', 'milik', 'orang', 'tinggal', 'dki', 'dki', 'milik', 'bangsa', 'prabowo', 'simak', 'video', 'prabowo', 'jajal', 'lrt', 'rute', 'kelapa', 'gadingmanggarai', 'bareng', 'pramono', 'gambasvideo', 'detik']",Finance
"Kementerian Energi dan Sumber Daya Mineral (ESDM) buka suara soal PT Bayan Resources Tbk (BYAN) mengumumkan keadaan kahar alias force majeure karena persetujuan revisi Rencana Kerja dan Anggaran Biaya (RKAB) 2026 belum terbit. Direktur Jenderal Mineral dan Batu Bara, Tri Winarno, menyampaikan belum terbitnya revisi RKAB ini karena masih dalam tahap evaluasi. Meski begitu, Tri tidak menjelaskan detail terkait evaluasi yang apa yang dilakukannya. ""Karena kan lagi evaluasi, mungkin ada beberapa hal yang perlu dilakukan pencermatan atau evaluasi. Yang lain kan juga sudah kelar,"" ujar Tri saat ditemui di Gedung DPR, Jakarta, Rabu (16/9/2026). SCROLL TO CONTINUE WITH CONTENT Tri menyampaikan, saat ini evaluasi revisi RKAB BYAN sedang berjalan. Ia meyakini bahwa RKAB tersebut akan selesai dalam waktu dekat ini. ""Secara spesifik saya belum melihat, tapi poinnya adalah sedang proses lah. Mudah-mudahan minggu ini kelar,"" katanya. Sebelumnya, PT Bayan Resources Tbk (BYAN) mengumumkan keadaan kahar alias force majeure. Kondisi tersebut terjadi karena persetujuan perubahan Rencana Kerja dan Anggaran Biaya (RKAB) 2026 belum terbit. Dikutip dari keterbukaan informasi, Selasa (15/9/2026), manajemen BYAN menjelaskan bahwa pada 11 September 2026, ketiga anak usahanya yakni, PT Tiwa Abadi (TA), PT Tanur Jaya (TJ), dan PT Fajar Sakti Prima (FSP) menyampaikan pemberitahuan keadaan Kahar terhadap kewajiban pemenuhan penyediaan batubara berdasarkan Perjanjian Penyediaan Batubara atau Coal Supply Agreement kepada para pelanggannya akibat RKAB 2026 belum terbit. Padahal kata manajemen, permohonan persetujuan perubahan RKAB telah diajukan sesuai dengan ketentuan perundang-undangan yang berlaku. Dengan belum terbitnya persetujuan perubahan RKAB tersebut, kondisi saat ini memengaruhi kemampuan Bayan Resources dan anak-anak usahanya untuk memenuhi kewajiban pasokan batu bara kepada pelanggan. ""Sehubungan dengan hal tersebut, Perseroan dan anak-anak perusahaannya memberitahukan keadaan tersebut di atas sebagai suatu peristiwa Keadaan Kahar/Force Majeure kepada para pelanggannya,"" tulis keterangan tertulis dikutip dari keterbukaan informasi. Dengan belum diterbitkannya persetujuan perubahan RKAB mengakibatkan dampak yang cukup material terhadap kelangsungan usaha Perseroan. Namun demikian, dengan dilakukannya pemberitahuan keadaan kahar ini diharapkan dapat meminimalisir risiko dan atau konsekuensi bagi Perseroan dan anak-anak perusahaannya.","['menteri', 'energi', 'sumber', 'daya', 'mineral', 'esdm', 'buka', 'suara', 'pt', 'bayan', 'resources', 'tbk', 'byan', 'umum', 'kahar', 'alias', 'force', 'majeure', 'tuju', 'revisi', 'rencana', 'kerja', 'anggar', 'biaya', 'rkab', 'terbit', 'direktur', 'jenderal', 'mineral', 'batu', 'bara', 'tri', 'winarno', 'terbit', 'revisi', 'rkab', 'tahap', 'evaluasi', 'tri', 'detail', 'kait', 'evaluasi', 'laku', 'evaluasi', 'cermat', 'evaluasi', 'kelar', 'tri', 'temu', 'gedung', 'dpr', 'jakarta', 'rabu', 'scroll', 'to', 'continue', 'with', 'content', 'tri', 'evaluasi', 'revisi', 'rkab', 'byan', 'jalan', 'rkab', 'selesai', 'spesifik', 'poin', 'proses', 'mudahmudahan', 'minggu', 'kelar', 'pt', 'bayan', 'resources', 'tbk', 'byan', 'umum', 'kahar', 'alias', 'force', 'majeure', 'kondisi', 'tuju', 'ubah', 'rencana', 'kerja', 'anggar', 'biaya', 'rkab', 'terbit', 'kutip', 'buka', 'informasi', 'selasa', 'manajemen', 'byan', 'september', 'tiga', 'anak', 'usaha', 'pt', 'tiwa', 'abadi', 'ta', 'pt', 'tanur', 'jaya', 'tj', 'pt', 'fajar', 'sakti', 'prima', 'fsp', 'pemberitahuan', 'kahar', 'wajib', 'penuh', 'sedia', 'batubara', 'dasar', 'janji', 'sedia', 'batubara', 'coal', 'supply', 'agreement', 'langgan', 'akibat', 'rkab', 'terbit', 'manajemen', 'mohon', 'tuju', 'ubah', 'rkab', 'aju', 'sesuai', 'tentu', 'perundangundangan', 'laku', 'terbit', 'tuju', 'ubah', 'rkab', 'kondisi', 'pengaruh', 'mampu', 'bayan', 'resources', 'anakanak', 'usaha', 'penuh', 'wajib', 'pasok', 'batu', 'bara', 'langgan', 'hubung', 'persero', 'anakanak', 'usaha', 'memberitahukan', 'peristiwa', 'kaharforce', 'majeure', 'langgan', 'tulis', 'terang', 'tulis', 'kutip', 'buka', 'informasi', 'terbit', 'tuju', 'ubah', 'rkab', 'akibat', 'dampak', 'material', 'langsung', 'usaha', 'persero', 'laku', 'pemberitahuan', 'kahar', 'harap', 'meminimalisir', 'risiko', 'konsekuensi', 'persero', 'anakanak', 'usaha']",Finance
"Gubernur DKI Jakarta Pramono Anung mengumumkan tarif khusus LRT Jakarta sebesar Rp 8 selama delapan hari. Tarif khusus ini berlaku mulai hari ini setelah LRT Jakarta rute Kelapa Gading-Manggarai diresmikan Presiden Prabowo Subianto. Pramono mengatakan kebijakan tarif Rp 8 diberikan sebagai bagian dari sosialisasi kepada masyarakat. Dengan tarif tersebut, ia berharap masyarakat dapat menjajal sekaligus merasakan kenyamanan menggunakan LRT Jakarta. ""Selama 8 hari, kami akan membebaskan bagi seluruh warga Jakarta yang akan menggunakan. Mulai sekarang setelah diresmikan Bapak Presiden, nanti akan beroperasi sepenuhnya, selama 8 hari tarifnya Rp 8 perak. Sebenarnya hampir saja gratis, Pak,"" kata Pramono dalam peresmian LRT Jakarta di Stasiun Manggarai, Jakarta, Rabu (16/9/2026). SCROLL TO CONTINUE WITH CONTENT  LRT Jakarta yang kini menghubungkan Kelapa Gading hingga Manggarai memiliki panjang lintasan 12,2 kilometer. Proyek tersebut sepenuhnya dibangun menggunakan dana APBD DKI Jakarta hingga BUMD dengan nilai investasi mencapai Rp 12,1 triliun. Pramono menyebut satu rangkaian atau trainset LRT Jakarta mampu mengangkut 270 penumpang. Setelah beroperasi penuh, jumlah penumpangnya diproyeksikan mencapai sekitar 80 ribu orang per hari. ""LRT Jakarta sepenuhnya dibangun oleh Jakpro, BUMD. Dan sepenuhnya menggunakan dana APBD pemerintah DKI Jakarta. LRT dari Kelapa Gading sampai dengan Manggarai ini, Panjangnya 12,2 km, Investasinya Rp 12,1 triliun,"" jelas Pramono. Perpanjangan jalur ini membuat LRT Jakarta kini memiliki 11 stasiun, yakni Kelapa Gading, Boulevard Utara, Boulevard Selatan, Pulomas, Equestrian, Velodrome, Rawamangun, Pramuka, Matraman, Proklamasi, dan Manggarai.  Lihat Video 'Prabowo Jajal LRT Rute Kelapa Gading-Manggarai Bareng Pramono':  [Gambas:Video 20detik]  ","['gubernur', 'dki', 'jakarta', 'pramono', 'anung', 'umum', 'tarif', 'khusus', 'lrt', 'jakarta', 'rp', 'delapan', 'tarif', 'khusus', 'laku', 'lrt', 'jakarta', 'rute', 'kelapa', 'gadingmanggarai', 'resmi', 'presiden', 'prabowo', 'subianto', 'pramono', 'bijak', 'tarif', 'rp', 'sosialisasi', 'masyarakat', 'tarif', 'harap', 'masyarakat', 'jajal', 'rasa', 'nyaman', 'lrt', 'jakarta', 'bebas', 'warga', 'jakarta', 'resmi', 'presiden', 'operasi', 'sepenuh', 'tarif', 'rp', 'perak', 'gratis', 'pramono', 'resmi', 'lrt', 'jakarta', 'stasiun', 'manggarai', 'jakarta', 'rabu', 'scroll', 'to', 'continue', 'with', 'content', 'lrt', 'jakarta', 'hubung', 'kelapa', 'gading', 'manggarai', 'milik', 'lintas', 'kilometer', 'proyek', 'sepenuh', 'bangun', 'dana', 'apbd', 'dki', 'jakarta', 'bumd', 'nilai', 'investasi', 'capai', 'rp', 'triliun', 'pramono', 'sebut', 'rangkai', 'trainset', 'lrt', 'jakarta', 'angkut', 'tumpang', 'operasi', 'penuh', 'tumpang', 'proyeksi', 'capai', 'ribu', 'orang', 'lrt', 'jakarta', 'sepenuh', 'bangun', 'jakpro', 'bumd', 'sepenuh', 'dana', 'apbd', 'perintah', 'dki', 'jakarta', 'lrt', 'kelapa', 'gading', 'manggarai', 'panjang', 'km', 'investasi', 'rp', 'triliun', 'pramono', 'panjang', 'jalur', 'lrt', 'jakarta', 'milik', 'stasiun', 'kelapa', 'gading', 'boulevard', 'utara', 'boulevard', 'selatan', 'pulomas', 'equestrian', 'velodrome', 'rawamangun', 'pramuka', 'matraman', 'proklamasi', 'manggarai', 'lihat', 'video', 'prabowo', 'jajal', 'lrt', 'rute', 'kelapa', 'gadingmanggarai', 'bareng', 'pramono', 'gambasvideo', 'detik']",Finance
"Presiden Prabowo Subianto meresmikan perpanjangan layanan LRT Jakarta ke kawasan Manggarai. Kini, moda kereta ringan itu telah resmi tersambung dari Kelapa Gading, Jakarta Utara, hingga Manggarai, Jakarta Selatan. Sebelum meresmikan, Prabowo sempat menjajal terlebih dahulu kereta LRT Jakarta dari Kelapa Gading hingga Manggarai. ""Hari ini kita berkumpul dalam acara yang membanggakan yaitu meresmikan LRT Jakarta rute Velodrome-Manggarai,"" ujar Prabowo di Stasiun LRT Manggarai, Jakarta Selatan, Rabu (16/9/2026). SCROLL TO CONTINUE WITH CONTENT Prabowo juga mengaku nyaman menjajal LRT Jakarta. ""Enak naik LRT,"" kata Prabowo. LRT Jakarta dioperasikan oleh PT Jakarta Propertindo. Sementara itu BUMN konstruksi PT Waskita Karya membangun jalur sepanjang 6,4 kilometer (km) dari Velodrome ke Manggarai. Mulanya, LRT hanya beroperasi pada rute yang cukup pendek yaitu dari Kelapa Gading ke Velodrome sejak 2019 sekitar 5 km. Kini jalurnya dilanjutkan ke Manggarai dengan dilengkapi lima stasiun mencakup Rawamangun, Pramuka, Matraman, Proklamasi, serta Manggarai. Semua stasiun LRT Jakarta dirancang agar bisa terintegrasi dengan transportasi umum lainnya. Stasiun Manggarai terintegrasi langsung dengan Kereta Rel Listrik (KRL) Commuter Line, layanan bus Transjakarta, dan kereta bandara menuju Bandara Soekarno-Hatta. Diharapkan langkah ini dapat meningkatkan modernisasi sistem transportasi di Indonesia, khususnya di Jakarta sebagai pusat kegiatan ekonomi, pemerintahan, serta pertukaran budaya.  Lihat Video 'Prabowo Jajal LRT Rute Kelapa Gading-Manggarai Bareng Pramono':  [Gambas:Video 20detik]  ","['presiden', 'prabowo', 'subianto', 'resmi', 'panjang', 'layan', 'lrt', 'jakarta', 'kawasan', 'manggarai', 'moda', 'kereta', 'ringan', 'resmi', 'sambung', 'kelapa', 'gading', 'jakarta', 'utara', 'manggarai', 'jakarta', 'selatan', 'resmi', 'prabowo', 'jajal', 'kereta', 'lrt', 'jakarta', 'kelapa', 'gading', 'manggarai', 'kumpul', 'acara', 'bangga', 'resmi', 'lrt', 'jakarta', 'rute', 'velodromemanggarai', 'prabowo', 'stasiun', 'lrt', 'manggarai', 'jakarta', 'selatan', 'rabu', 'scroll', 'to', 'continue', 'with', 'content', 'prabowo', 'aku', 'nyaman', 'jajal', 'lrt', 'jakarta', 'enak', 'lrt', 'prabowo', 'lrt', 'jakarta', 'operasi', 'pt', 'jakarta', 'propertindo', 'bumn', 'konstruksi', 'pt', 'waskita', 'karya', 'bangun', 'jalur', 'kilometer', 'km', 'velodrome', 'manggarai', 'lrt', 'operasi', 'rute', 'pendek', 'kelapa', 'gading', 'velodrome', 'km', 'jalur', 'lanjut', 'manggarai', 'lengkap', 'stasiun', 'cakup', 'rawamangun', 'pramuka', 'matraman', 'proklamasi', 'manggarai', 'stasiun', 'lrt', 'jakarta', 'rancang', 'integrasi', 'transportasi', 'stasiun', 'manggarai', 'integrasi', 'langsung', 'kereta', 'rel', 'listrik', 'krl', 'commuter', 'line', 'layan', 'bus', 'transjakarta', 'kereta', 'bandara', 'bandara', 'soekarnohatta', 'harap', 'langkah', 'tingkat', 'modernisasi', 'sistem', 'transportasi', 'indonesia', 'jakarta', 'pusat', 'giat', 'ekonomi', 'perintah', 'tukar', 'budaya', 'lihat', 'video', 'prabowo', 'jajal', 'lrt', 'rute', 'kelapa', 'gadingmanggarai', 'bareng', 'pramono', 'gambasvideo', 'detik']",Finance
"Presiden Prabowo Subianto meresmikan LRT Jakarta hari ini. Sebelum itu, Prabowo menjajal langsung LRT Jakarta, dari Stasiun LRT Jakarta Kelapa Gading menuju Stasiun Manggarai. Dalam kesempatan ini, Prabowo didampingi Gubernur DKI Jakarta Pramono Anung hingga Menteri Sekretaris Negara Prasetyo Hadi. Prabowo tampak memasuki kereta sekitar pukul 13.10 WIB. Prabowo duduk di barisan kursi penumpang bersama Pramono dan dua penumpang siswa sekolah. Saat kereta berjalan, Prabowo berbincang dengan Pramono membahas proyek tersebut. SCROLL TO CONTINUE WITH CONTENT  Pramono sempat meminta bantuan ke Prabowo untuk mengerahkan Danantara mendanai perpanjangan LRT Jakarta. Proyek ini memang diproyeksikan dilanjut dari Manggarai ke Dukuh Atas yang akan selesai 2029. ""Nah kalo bapak izinkan sebenarnya tinggal dibantu sedikit dengan Danantara. Kan selama ini Jakarta sendiri pak,"" ucap Pramono kepada Prabowo, disiarkan YouTube Sekretariat Presiden, Rabu (16/9/2026). Prabowo lantas menimpali permintaan Pramono dan menyebut bahwa Jakarta tergolong provinsi yang kaya. ""Jakarta kaya,"" ujar Prabowo sambil tertawa. Sebagai informasi, perpanjangan jalur LRT Jakarta telah selesai dilakukan. Jalur yang sebelumnya dimulai dari Kelapa Gading, Jakarta Utara dan berakhir di Velodrome, Jakarta Timur, kini diperpanjang hingga Stasiun Manggarai, Jakarta Selatan. Proyek ini memiliki panjang 12,2 kilometer dengan nilai investasi Rp 12,1 triliun. Berikut daftar 11 stasiun yang akan dilalui LRT Jakarta: - Stasiun Kelapa Gading- Stasiun Boulevard Utara- Stasiun Boulevard Selatan- Stasiun Pulomas- Stasiun Equestrian- Stasiun Velodrome- Stasiun Rawamangun- Stasiun Pramuka- Stasiun Matraman- Stasiun Proklamasi- Stasiun Manggarai  Simak Video 'Prabowo Jajal LRT Rute Kelapa Gading-Manggarai Bareng Pramono':  [Gambas:Video 20detik]  ","['presiden', 'prabowo', 'subianto', 'resmi', 'lrt', 'jakarta', 'prabowo', 'jajal', 'langsung', 'lrt', 'jakarta', 'stasiun', 'lrt', 'jakarta', 'kelapa', 'gading', 'stasiun', 'manggarai', 'sempat', 'prabowo', 'damping', 'gubernur', 'dki', 'jakarta', 'pramono', 'anung', 'menteri', 'sekretaris', 'negara', 'prasetyo', 'had', 'prabowo', 'pasuk', 'kereta', 'wib', 'prabowo', 'duduk', 'baris', 'kursi', 'tumpang', 'pramono', 'tumpang', 'siswa', 'sekolah', 'kereta', 'jalan', 'prabowo', 'bincang', 'pramono', 'bahas', 'proyek', 'scroll', 'to', 'continue', 'with', 'content', 'pramono', 'bantu', 'prabowo', 'kerah', 'danantara', 'dana', 'panjang', 'lrt', 'jakarta', 'proyek', 'proyeksi', 'lanjut', 'manggarai', 'dukuh', 'selesai', 'kalo', 'izin', 'tinggal', 'bantu', 'danantara', 'jakarta', 'pramono', 'prabowo', 'siar', 'youtube', 'sekretariat', 'presiden', 'rabu', 'prabowo', 'lantas', 'timpal', 'minta', 'pramono', 'sebut', 'jakarta', 'golong', 'provinsi', 'kaya', 'jakarta', 'kaya', 'prabowo', 'tertawa', 'informasi', 'panjang', 'jalur', 'lrt', 'jakarta', 'selesai', 'jalur', 'kelapa', 'gading', 'jakarta', 'utara', 'velodrome', 'jakarta', 'timur', 'panjang', 'stasiun', 'manggarai', 'jakarta', 'selatan', 'proyek', 'milik', 'kilometer', 'nilai', 'investasi', 'rp', 'triliun', 'daftar', 'stasiun', 'lrt', 'jakarta', 'stasiun', 'kelapa', 'gading', 'stasiun', 'boulevard', 'utara', 'stasiun', 'boulevard', 'selatan', 'stasiun', 'pulomas', 'stasiun', 'equestrian', 'stasiun', 'velodrome', 'stasiun', 'rawamangun', 'stasiun', 'pramuka', 'stasiun', 'matraman', 'stasiun', 'proklamasi', 'stasiun', 'manggarai', 'simak', 'video', 'prabowo', 'jajal', 'lrt', 'rute', 'kelapa', 'gadingmanggarai', 'bareng', 'pramono', 'gambasvideo', 'detik']",Finance
"Wakil Menteri Dalam Negeri (Wamendagri) Bima Arya Sugiarto menyoroti persoalan yang ada pada kepala daerah. Pertama yakni soal kurangnya kepala daerah memahami desain perkotaan dan minimnya kepekaan terhadap kondisi di lapangan. Ia menjelaskan salah satunya terkait transportasi di berbagai daerah yang belum tersedia dengan baik. Bima meyakini kondisi penyediaan transportasi yang belum memadai itu terjadi karena banyak kepala daerah yang tak pernah merasakan apa yang dirasakan oleh masyarakat dalam menggunakan transportasi umum. Di mana ketika warga yang melakukan mobilitas menggunakan transportasi umum, harus berdesak-desakan. SCROLL TO CONTINUE WITH CONTENT ""Seringkali kepala daerah itu, permasalahan utamanya, kurang pemahaman yang baik tentangurban design, dan yang kedua, nggak punyasensetentang apa yang terjadi di lapangan. Karena itu, saya setiap kunjungan ke daerah, saya menyempatkan diri untuk naik transport publik di Medan, bersama Pak Wali Kota Medan, misalnya,"" ujar Bima Sugiarto dalam acara Urban Climate Forum 2026 di Jakarta, Rabu (16/9/2026). ""Tetapi, sangat banyak kepala daerah, yang saya nggak yakin pernah naik angkot, pernah naik bus, pernah naik kereta. Nggak yakin saya,"" sambungnya. Menurut Bima, pengalaman menggunakan transportasi publik secara langsung penting bagi kepala daerah untuk dapat merasakan apa yang dialami masyarakat. Dengan begitu, persoalan transportasi yang ada bisa langsung dibenahi oleh pemerintah daerah agar sistem transportasi tersebut nyaman dan terintegrasi. ""Jadi bagaimanasenseitu bisa ada, bahwa rakyat membutuhkan? Pernah nggak merasakan berdesakan, seperti digencet di kaleng sarden, seperti cendol, gitu ya. Kadang pergi, maka akan merasakan betapa dahaga warga atasurban mobilityitu begitu mendesak,"" ujarnya. Bima menilaiurban mobilitytidak bisa hanya dipandang sebagai penyediaan transportasi pada ujungnya saja. Melainkan mobilitas perkotaan harus menjadi bagian dari perencanaan kota secara menyeluruh. ""Kami mengapresiasi beberapa daerah, agak maju, untuk membangun integrasi tadi, dengan sistem subsidi. Tapi kami mendorong, agar semua kepala fokus pada urban mobility itu ini, tidak saja dalam konteks peninggian di ujung, tapi mulai dari perencanaan di awal, sehingga semua terintegrasi. Palembang adalah satu contoh, ada PR masalah integrasi di sana. LRT dibangun, tapi tidak sesuaikan dengan konsep data ruang secara keseluruhan, dan tidak terlalu integrasi,"" katanya.  Simak juga Video 'Pramono untuk 5 Abad Jakarta: Transum Rp 1-Tempat Wisata Gratis 5 Hari':  [Gambas:Video 20detik]  ","['wakil', 'menteri', 'negeri', 'wamendagri', 'bima', 'arya', 'sugiarto', 'sorot', 'kepala', 'daerah', 'kurang', 'kepala', 'daerah', 'paham', 'desain', 'kota', 'minim', 'peka', 'kondisi', 'lapang', 'salah', 'satu', 'kait', 'transportasi', 'daerah', 'sedia', 'bima', 'kondisi', 'sedia', 'transportasi', 'pada', 'kepala', 'daerah', 'rasa', 'rasa', 'masyarakat', 'transportasi', 'warga', 'mobilitas', 'transportasi', 'berdesakdesakan', 'scroll', 'to', 'continue', 'with', 'content', 'seringkali', 'kepala', 'daerah', 'masalah', 'utama', 'paham', 'tentangurban', 'design', 'nggak', 'punyasensetentang', 'lapang', 'kunjung', 'daerah', 'sempat', 'transport', 'publik', 'medan', 'wali', 'kota', 'medan', 'bima', 'sugiarto', 'acara', 'urban', 'climate', 'forum', 'jakarta', 'rabu', 'kepala', 'daerah', 'nggak', 'angkot', 'bus', 'kereta', 'nggak', 'sambung', 'bima', 'alam', 'transportasi', 'publik', 'langsung', 'kepala', 'daerah', 'rasa', 'alami', 'masyarakat', 'transportasi', 'langsung', 'benah', 'perintah', 'daerah', 'sistem', 'transportasi', 'nyaman', 'integrasi', 'bagaimanasenseitu', 'rakyat', 'butuh', 'nggak', 'rasa', 'desa', 'gencet', 'kaleng', 'sarden', 'cendol', 'gitu', 'ya', 'kadang', 'pergi', 'rasa', 'betapa', 'dahaga', 'warga', 'atasurban', 'mobilityitu', 'desak', 'bima', 'menilaiurban', 'mobilitytidak', 'pandang', 'sedia', 'transportasi', 'ujung', 'mobilitas', 'kota', 'rencana', 'kota', 'apresiasi', 'daerah', 'maju', 'bangun', 'integrasi', 'sistem', 'subsidi', 'dorong', 'kepala', 'fokus', 'urban', 'mobility', 'konteks', 'tinggi', 'ujung', 'rencana', 'integrasi', 'palembang', 'contoh', 'pr', 'integrasi', 'lrt', 'bangun', 'sesuai', 'konsep', 'data', 'ruang', 'integrasi', 'simak', 'video', 'pramono', 'abad', 'jakarta', 'transum', 'rp', 'wisata', 'gratis', 'gambasvideo', 'detik']",Finance
"Presiden Prabowo Subianto menjajal LRT Jakarta yang akan diresmikan hari ini. Prabowo berangkat dari Stasiun LRT Jakarta Kelapa Gading dan dijadwalkan menuju Stasiun Manggarai. Tampak mendampingi Prabowo, Gubernur DKI Jakarta Pramono Anung hingga Menteri Sekretaris Negara Prasetyo Hadi. Sekitar pukul 13.10 WIB, Prabowo memasuki gerbong kereta. Prabowo duduk di barisan kursi penumpang bersama Pramono dan dua penumpang siswa sekolah. Saat kereta berjalan, Prabowo berbincang dengan Pramono membahas proyek tersebut. SCROLL TO CONTINUE WITH CONTENT Pramono sempat meminta bantuan ke Prabowo untuk mengerahkan Danantara mendanai perpanjangan LRT Jakarta. Proyek ini memang diproyeksikan dilanjut dari Manggarai ke Dukuh Atas yang akan selesai 2029.  ""Nah kalo bapak izinkan sebenarnya tinggal dibantu sedikit dengan Danantara. Kan selama ini Jakarta sendiri pak,"" ucap Pramono kepada Prabowo, disiarkan YouTube Sekretariat Presiden, Rabu (16/9/2026). Prabowo lantas menimpali permintaan Pramono dan menyebut bahwa Jakarta tergolong provinsi yang kaya. ""Jakarta kaya,"" ujar Prabowo sambil tertawa. Sebagai informasi, perpanjangan jalur LRT Jakarta telah selesai dilakukan. Jalur yang sebelumnya dimulai dari Kelapa Gading, Jakarta Utara dan berakhir di Velodrome, Jakarta Timur, kini diperpanjang hingga Stasiun Manggarai, Jakarta Selatan. Proyek ini memiliki panjang 12,2 kilometer dengan nilai investasi Rp 12,1 triliun. Berikut daftar 11 stasiun yang akan dilalui LRT Jakarta: - Stasiun Kelapa Gading- Stasiun Boulevard Utara- Stasiun Boulevard Selatan- Stasiun Pulomas- Stasiun Equestrian- Stasiun Velodrome- Stasiun Rawamangun- Stasiun Pramuka- Stasiun Matraman- Stasiun Proklamasi- Stasiun Manggarai  Simak juga Video 'Siap Diresmikan Bulan Ini, LRT Kelapa Gading-Manggarai Cuma 28 Menit':  [Gambas:Video 20detik]  ","['presiden', 'prabowo', 'subianto', 'jajal', 'lrt', 'jakarta', 'resmi', 'prabowo', 'berangkat', 'stasiun', 'lrt', 'jakarta', 'kelapa', 'gading', 'jadwal', 'stasiun', 'manggarai', 'damping', 'prabowo', 'gubernur', 'dki', 'jakarta', 'pramono', 'anung', 'menteri', 'sekretaris', 'negara', 'prasetyo', 'had', 'wib', 'prabowo', 'pasuk', 'gerbong', 'kereta', 'prabowo', 'duduk', 'baris', 'kursi', 'tumpang', 'pramono', 'tumpang', 'siswa', 'sekolah', 'kereta', 'jalan', 'prabowo', 'bincang', 'pramono', 'bahas', 'proyek', 'scroll', 'to', 'continue', 'with', 'content', 'pramono', 'bantu', 'prabowo', 'kerah', 'danantara', 'dana', 'panjang', 'lrt', 'jakarta', 'proyek', 'proyeksi', 'lanjut', 'manggarai', 'dukuh', 'selesai', 'kalo', 'izin', 'tinggal', 'bantu', 'danantara', 'jakarta', 'pramono', 'prabowo', 'siar', 'youtube', 'sekretariat', 'presiden', 'rabu', 'prabowo', 'lantas', 'timpal', 'minta', 'pramono', 'sebut', 'jakarta', 'golong', 'provinsi', 'kaya', 'jakarta', 'kaya', 'prabowo', 'tertawa', 'informasi', 'panjang', 'jalur', 'lrt', 'jakarta', 'selesai', 'jalur', 'kelapa', 'gading', 'jakarta', 'utara', 'velodrome', 'jakarta', 'timur', 'panjang', 'stasiun', 'manggarai', 'jakarta', 'selatan', 'proyek', 'milik', 'kilometer', 'nilai', 'investasi', 'rp', 'triliun', 'daftar', 'stasiun', 'lrt', 'jakarta', 'stasiun', 'kelapa', 'gading', 'stasiun', 'boulevard', 'utara', 'stasiun', 'boulevard', 'selatan', 'stasiun', 'pulomas', 'stasiun', 'equestrian', 'stasiun', 'velodrome', 'stasiun', 'rawamangun', 'stasiun', 'pramuka', 'stasiun', 'matraman', 'stasiun', 'proklamasi', 'stasiun', 'manggarai', 'simak', 'video', 'resmi', 'lrt', 'kelapa', 'gadingmanggarai', 'menit', 'gambasvideo', 'detik']",Finance
"Menteri Energi dan Sumber Daya Mineral (ESDM), Bahlil Lahadalia, menegaskan perubahan anggota Kabinet Merah Putih menjadi hak prerogatif Presiden Prabowo Subianto. Hal tersebut ia tegaskan menyusul pelantikan Suahasil Nazara sebagai Menteri Keuangan (Menkeu) menggantikan Purbaya Yudhi Sadewa. Bahlil menegaskan, seluruh pihak harus menghargai setiap keputusan Prabowo. Bahkan keputusan yang berkaitan dengan perubahan menteri dan wakil menteri. ""Menyangkutreshuffleitu adalah hak prerogatif bapak presiden. Setiap menteri, setiap wakil menteri, setiap anggota kabinet diangkat atau diberhentikan kita harus hargai hak prerogatif bapak presiden,"" ungkap Bahlil di Kompleks Parlemen, Senayan, Jakarta, Rabu (16/92026). SCROLL TO CONTINUE WITH CONTENT  Sebagai informasi, Suahasil dilantik sebagai berdasarkan Keputusan Presiden 97 P Tahun 2026 Pemberhentian dan Pengangkatan Kabinet Merah Putih di sisa masa jabatan 2024-2029. Ia dilantik langsung oleh Prabowo sebagai pengganti Purbaya yang telah menjabat sebagai Menkeu selama satu tahun terakhir. Kemudian pada Selasa (15/9), Purbaya Yudhi Sadewa resmi melepas jabatannya sebagai Menkeu usai satu tahun memimpin Kementerian Keuangan kepada Suahasil Nazara. Proses Serah Terima Jabatan (Sertijab) berlangsung hari ini di Aula Mezzanine, Gedung Djuanda 1 Kementerian Keuangan di Jakarta Pusat. Di balik pergantian Purbaya ke Suahasil ini, muncul isu masalah internal di Kementerian Keuangan. Banyak pihak mengatakan ada masalah internal kementerian yang membuat Purbaya digantikan Suahasil, khususnya soal urusan Direktorat Jenderal Pajak dan Bea Cukai. Namun, Purbaya menepis kabar tersebut. ""Enggak, enggak ada. Gesekan sih enggak ada, yang jelas ya itu hak prerogatif presiden yang beliau udah memutuskan,"" ujar Purbaya usai sertijab di Kementerian Keuangan (Kemenkeu), Jakarta Pusat, Selasa (15/9/2026).  Simak juga Video 'Blak-blakan Purbaya soal Alasan Dicopot':  [Gambas:Video 20detik]  ","['menteri', 'energi', 'sumber', 'daya', 'mineral', 'esdm', 'bahlil', 'lahadalia', 'ubah', 'anggota', 'kabinet', 'merah', 'putih', 'hak', 'prerogatif', 'presiden', 'prabowo', 'subianto', 'tegas', 'susul', 'lantik', 'suahasil', 'nazara', 'menteri', 'uang', 'menkeu', 'ganti', 'purbaya', 'yudhi', 'sadewa', 'bahlil', 'harga', 'putus', 'prabowo', 'putus', 'kait', 'ubah', 'menteri', 'wakil', 'menteri', 'menyangkutreshuffleitu', 'hak', 'prerogatif', 'presiden', 'menteri', 'wakil', 'menteri', 'anggota', 'kabinet', 'angkat', 'henti', 'harga', 'hak', 'prerogatif', 'presiden', 'bahlil', 'kompleks', 'parlemen', 'senayan', 'jakarta', 'rabu', 'scroll', 'to', 'continue', 'with', 'content', 'informasi', 'suahasil', 'lantik', 'dasar', 'putus', 'presiden', 'p', 'henti', 'angkat', 'kabinet', 'merah', 'putih', 'sisa', 'jabat', 'lantik', 'langsung', 'prabowo', 'ganti', 'purbaya', 'jabat', 'menkeu', 'selasa', 'purbaya', 'yudhi', 'sadewa', 'resmi', 'lepas', 'jabat', 'menkeu', 'pimpin', 'menteri', 'uang', 'suahasil', 'nazara', 'proses', 'serah', 'terima', 'jabat', 'sertijab', 'aula', 'mezzanine', 'gedung', 'djuanda', 'menteri', 'uang', 'jakarta', 'pusat', 'ganti', 'purbaya', 'suahasil', 'muncul', 'isu', 'internal', 'menteri', 'uang', 'internal', 'menteri', 'purbaya', 'ganti', 'suahasil', 'urus', 'direktorat', 'jenderal', 'pajak', 'bea', 'cukai', 'purbaya', 'menep', 'kabar', 'gesek', 'sih', 'ya', 'hak', 'prerogatif', 'presiden', 'beliau', 'udah', 'putus', 'purbaya', 'sertijab', 'menteri', 'uang', 'kemenkeu', 'jakarta', 'pusat', 'selasa', 'simak', 'video', 'blakblakan', 'purbaya', 'alas', 'copot', 'gambasvideo', 'detik']",Finance
"Urusan buang sampah yang sering diabaikan masyarakat kini mendatangkan cuan bagi banyak anak muda di China. Layanan ini menjelma jadi tren bisnis langganan baru yang mendadak laku keras. MelansirSCMP, Rabu (16/9/2026), layanan buang sampah ini ramai dipromosikan di media sosial dengan biaya berkisar antara tiga hingga lima yuan atau Rp 6.600-11.000 (kurs Rp 2.200/yuan) per pengambilan. Ada juga yang menawarkan layanan dengan opsi paket bulanan seharga sekitar 100 yuan atau Rp 220.000. Layanan bulanan ini mencakup pengumpulan sampah harian, yang hanya mengharuskan para pelanggan untuk meletakkan kantong sampah mereka di luar pintu rumah agar mudah diambil. SCROLL TO CONTINUE WITH CONTENT Bisnis layanan berlangganan ini menjadi aspek baru dari sektor 'ekonomi malas' yang banyak menyasar jasa layanan yang menghemat waktu, menghemat tenaga, dan nyaman, atau mengikuti jejak penawaran viral lainnya seperti menjemput anak-anak dari sekolah dan mengambil paket untuk pelanggan. Namun yang hal mengejutkan adalah banyak orang menyatakan benar-benar membutuhkan layanan dari sektor jasa 'ekonomi malas' seperti pembuangan sampah ini. Terutama untuk masyarakat yang tinggal di kota-kota besar dan sibuk. Sebagai contoh di Shanghai, kota pertama China yang menerapkan sistem pemilahan sampah rumah tangga wajib, beberapa kompleks perumahan hanya mengizinkan pengumpulan sampah selama dua jam di pagi hari dan dua jam lagi di malam hari. Padahal banyak penduduk di sana sibuk bekerja setiap hari. ""Sebagai pekerja kantoran biasa, mudah bagi saya untuk melewatkan empat jam (waktu pengumpulan sampah) itu,"" jelas mereka. Selain mereka yang sibuk bekerja, seorang penyedia layanan buang sampah di Jiaxing, provinsi Zhejiang di China bagian timur yang dikenal dengan nama belakangnya Fei, mengatakan bahwa timnya juga menyasar para lansia dengan masalah mobilitas yang tinggal di lantai atas apartemen tanpa lift sebagai pelanggan. Fei melaporkan menerima tiga pesanan di bulan pertamanya membuka layanan buang sampah itu. Namun ia tetap optimis terkait potensi pertumbuhan usahanya itu dan berencana untuk berkolaborasi dengan komunitas warga sekitar dengan fokus pada kebutuhan klien lanjut usia. Sementara itu penyedia jasa buang sampah lain dari Hangzhou, Zhejiang, bernama Mihan mengklaim telah mendapatkan lebih dari 20 pesanan hanya dalam tiga hari setelah meluncurkan bisnisnya. Sebagai layanan tambahan, ia sesekali mengambil paket untuk kliennya. ""Para pekerja kantoran saat ini bersedia mengeluarkan sedikit uang untuk menghemat waktu,"" kata Mihan sembari menekankan bahwa kunci keberhasilan model bisnis ini adalah keterjangkauan harga  Lihat juga Video 'Ada Robot Bionik yang Bisa Ikutan Nangis Pas Dengerin Curhat!':  [Gambas:Video 20detik]  ","['urus', 'buang', 'sampah', 'abai', 'masyarakat', 'cuan', 'anak', 'muda', 'china', 'layan', 'jelma', 'tren', 'bisnis', 'langgan', 'dadak', 'laku', 'keras', 'melansirscmp', 'rabu', 'layan', 'buang', 'sampah', 'ramai', 'promosi', 'media', 'sosial', 'biaya', 'kisar', 'yuan', 'rp', 'kurs', 'rp', 'yuan', 'ambil', 'tawar', 'layan', 'opsi', 'paket', 'bulan', 'harga', 'yuan', 'rp', 'layan', 'bulan', 'cakup', 'kumpul', 'sampah', 'hari', 'harus', 'langgan', 'letak', 'kantong', 'sampah', 'pintu', 'rumah', 'mudah', 'ambil', 'scroll', 'to', 'continue', 'with', 'content', 'bisnis', 'layan', 'langgan', 'aspek', 'sektor', 'ekonomi', 'malas', 'sasar', 'jasa', 'layan', 'hemat', 'hemat', 'tenaga', 'nyaman', 'ikut', 'jejak', 'tawar', 'viral', 'jemput', 'anakanak', 'sekolah', 'ambil', 'paket', 'langgan', 'kejut', 'orang', 'benarbenar', 'butuh', 'layan', 'sektor', 'jasa', 'ekonomi', 'malas', 'buang', 'sampah', 'masyarakat', 'tinggal', 'kotakota', 'sibuk', 'contoh', 'shanghai', 'kota', 'china', 'terap', 'sistem', 'pilah', 'sampah', 'rumah', 'tangga', 'wajib', 'kompleks', 'rumah', 'izin', 'kumpul', 'sampah', 'jam', 'pagi', 'jam', 'malam', 'duduk', 'sibuk', 'kerja', 'kantor', 'mudah', 'lewat', 'jam', 'kumpul', 'sampah', 'sibuk', 'sedia', 'layan', 'buang', 'sampah', 'jiaxing', 'provinsi', 'zhejiang', 'china', 'timur', 'kenal', 'nama', 'belakang', 'fei', 'tim', 'sasar', 'lansia', 'mobilitas', 'tinggal', 'lantai', 'apartemen', 'lift', 'langgan', 'fei', 'lapor', 'terima', 'pesan', 'pertama', 'buka', 'layan', 'buang', 'sampah', 'optimis', 'kait', 'potensi', 'tumbuh', 'usaha', 'rencana', 'kolaborasi', 'komunitas', 'warga', 'fokus', 'butuh', 'klien', 'usia', 'sedia', 'jasa', 'buang', 'sampah', 'hangzhou', 'zhejiang', 'nama', 'mihan', 'klaim', 'pesan', 'luncur', 'bisnis', 'layan', 'tambah', 'ambil', 'paket', 'klien', 'kerja', 'kantor', 'sedia', 'keluar', 'uang', 'hemat', 'mihan', 'sembari', 'tekan', 'kunci', 'hasil', 'model', 'bisnis', 'jangkau', 'harga', 'lihat', 'video', 'robot', 'bionik', 'ikut', 'nang', 'pas', 'dengerin', 'curhat', 'gambasvideo', 'detik']",Finance
"Menteri Energi dan Sumber Daya Mineral (ESDM), Bahlil Lahadalia, mengakui operasional Pembangkit Listrik Tenaga Air (PLTA) di Sulawesi Selatan (Sulsel) terganggu. Kondisi ini terjadi imbas El Nino yang terjadi di wilayah tersebut. Berdasarkan laporan yang ia terima, gangguan terjadi terjadi imbas berkurangnya sumber daya air di Sulsel. Kondisi ini berdampak pada operasional PLTA. ""Laporan yang saya terima bahwa di Sulawesi Selatan, itu kan ada beberapa pembangkit yang memang kita pakai PLTA, dan akibat El Nino ini kan daya kekuatan air itu berkurang,"" ungkap Bahlil di Kompleks Parlemen, Senayan, Jakarta, Rabu (16/9/2026). SCROLL TO CONTINUE WITH CONTENT  Bahlil menegaskan pemerintah telah mencari solusi untuk mengatasi persoalan tersebut, salah satunya mengganti sementara kebutuhan listrik dengan pembangkit lainnya. ""Kita sudah mencari solusi adalah mengganti sementara dengan pembangkit yang lain,"" jelasnya. Di sisi lain, pemerintah juga tengah melakukan perbaikan pasokan listrik di wilayah Kalimantan. Gangguan pasokan listrik di wilayah ini terjadi karena perbaikan pada sejumlah pembangkit. ""Kita tahu bahwa di Kalimantan juga ada terjadi kekurangan karena ada perbaikanpower plant-nya. Daerah-daerah lain sebentar kita akan rapatkan dengan PLN untuk kita mitigasi sejak awal,"" pungkasnya.  Simak juga Video 'Kombo Pemanasan Global-El Nino Bikin Agustus 2026 Masuk Bulan Terpanas':  [Gambas:Video 20detik]  ","['menteri', 'energi', 'sumber', 'daya', 'mineral', 'esdm', 'bahlil', 'lahadalia', 'aku', 'operasional', 'bangkit', 'listrik', 'tenaga', 'air', 'plta', 'sulawesi', 'selatan', 'sulsel', 'ganggu', 'kondisi', 'imbas', 'el', 'nino', 'wilayah', 'dasar', 'lapor', 'terima', 'ganggu', 'imbas', 'kurang', 'sumber', 'daya', 'air', 'sulsel', 'kondisi', 'dampak', 'operasional', 'plta', 'lapor', 'terima', 'sulawesi', 'selatan', 'bangkit', 'pakai', 'plta', 'akibat', 'el', 'nino', 'daya', 'kuat', 'air', 'kurang', 'bahlil', 'kompleks', 'parlemen', 'senayan', 'jakarta', 'rabu', 'scroll', 'to', 'continue', 'with', 'content', 'bahlil', 'perintah', 'cari', 'solusi', 'atas', 'salah', 'satu', 'ganti', 'butuh', 'listrik', 'bangkit', 'cari', 'solusi', 'ganti', 'bangkit', 'sisi', 'perintah', 'baik', 'pasok', 'listrik', 'wilayah', 'kalimantan', 'ganggu', 'pasok', 'listrik', 'wilayah', 'baik', 'bangkit', 'kalimantan', 'kurang', 'perbaikanpower', 'plantnya', 'daerahdaerah', 'sebentar', 'rapat', 'pln', 'mitigasi', 'pungkas', 'simak', 'video', 'kombo', 'panas', 'globalel', 'nino', 'bikin', 'agustus', 'masuk', 'panas', 'gambasvideo', 'detik']",Finance
"Kementerian Ketenagakerjaan (Kemnaker) mulai melakukan seleksi dan penetapan peserta Pemagangan Nasional (MagangHub) 2026 Batch 2 Angkatan II pada 16-18 September 2026. Pengumuman peserta dijadwalkan pada 18 September 2026, sedangkan pemagangan dimulai pada 21 September 2026. Peserta yang mengikuti tahapan tersebut telah melalui proses rekrutmen dan pengusulan oleh mitra penyelenggara. ""Seleksi dan penetapan peserta dilakukan terhadap peserta yang telah diusulkan oleh mitra penyelenggara sesuai dengan ketentuan program,"" kata Direktur Jenderal Pembinaan Pelatihan Vokasi dan Produktivitas (Binalavotas) Kemnaker Darmawansyah dalam keterangan tertulis, Rabu (16/9/2026). SCROLL TO CONTINUE WITH CONTENT  Darmawansyah mengatakan, peserta yang memenuhi ketentuan selanjutnya ditetapkan untuk mengikuti Pemagangan Nasional sesuai dengan program yang telah dipilih. ""Setelah ditetapkan, peserta yang dinyatakan lolos akan mengikuti pemagangan mulai 21 September 2026,"" ujarnya. Rangkaian Pemagangan Nasional 2026 Batch 2 Angkatan II diawali dengan pendaftaran mitra penyelenggara dan lowongan pada 21-31 Agustus 2026, dilanjutkan verifikasi dan penayangan lowongan pada 1-3 September. Lalu pendaftaran peserta pada 3-8 September, serta rekrutmen dan pengusulan peserta oleh mitra penyelenggara pada 9-15 September 2026 sebelum memasuki tahap seleksi dan penetapan yang saat ini tengah dilakukan. ","['menteri', 'ketenagakerjaan', 'kemnaker', 'seleksi', 'tetap', 'serta', 'magang', 'nasional', 'maganghub', 'batch', 'angkat', 'ii', 'september', 'umum', 'serta', 'jadwal', 'september', 'magang', 'september', 'serta', 'ikut', 'tahap', 'proses', 'rekrutmen', 'usul', 'mitra', 'selenggara', 'seleksi', 'tetap', 'serta', 'serta', 'usul', 'mitra', 'selenggara', 'sesuai', 'tentu', 'program', 'direktur', 'jenderal', 'bina', 'latih', 'vokasi', 'produktivitas', 'binalavotas', 'kemnaker', 'darmawansyah', 'terang', 'tulis', 'rabu', 'scroll', 'to', 'continue', 'with', 'content', 'darmawansyah', 'serta', 'penuh', 'tentu', 'tetap', 'ikut', 'magang', 'nasional', 'sesuai', 'program', 'pilih', 'tetap', 'serta', 'nyata', 'lolos', 'ikut', 'magang', 'september', 'rangkai', 'magang', 'nasional', 'batch', 'angkat', 'ii', 'awal', 'daftar', 'mitra', 'selenggara', 'lowong', 'agustus', 'lanjut', 'verifikasi', 'tayang', 'lowong', 'september', 'daftar', 'serta', 'september', 'rekrutmen', 'usul', 'serta', 'mitra', 'selenggara', 'september', 'pasuk', 'tahap', 'seleksi', 'tetap']",Finance
"Purbaya Yudhi Sadewa sudah turun dari jabatannya dari Menteri Keuangan (Menkeu). Sebelum digantikan Suahasil Nazara, Purbaya tercatat menjabat sebagai menkeu sekitar satu tahun. Diketahui, Purbaya dilantik sebagai Menteri Keuangan oleh Presiden Prabowo Subianto pada 8 September 2025. Namun setahun kemudian, Prabowo melantik Suahasil jadi Menkeu berdasarkan Keputusan Presiden Nomor 97/P Tahun 2026 pada Senin (14/9). Meski hanya bekerja sekitar satu tahun sebagai menteri, Purbaya bisa mendapat tunjangan seumur hidup dari negara. Hal ini sesuai Peraturan Pemerintah (PP) 50 Tahun 1980 tentang Hak Keuangan/Administratif Menteri Negara dan Bekas Menteri Negara Serta Janda/Dudanya. SCROLL TO CONTINUE WITH CONTENT Dalam aturan itu dijelaskan setiap menteri yang berhenti dengan hormat dari jabatannya berhak memperoleh pensiun. Meski besaran uang pensiun ini ditetapkan berdasarkan lama masa jabatan yang bersangkutan. ""Besarnya pensiun pokok sebulan adalah 1% dari dasar pensiun untuk tiap-tiap satu bulan masa jabatan dengan ketentuan bahwa besarnya pensiun pokok sekurang-kurangnya 6% dari dasar pensiun,"" tulis Pasal 11 Ayat 2 PP 50 Tahun 1980. Dengan asumsi besaran pensiun pokok ditetapkan sebesar 1% dari dasar pensiun untuk setiap satu bulan masa jabatan. Maka Purbaya yang genap menjabat 12 bulan berhak mendapatkan besaran pensiun pokok 12% dari dasar pensiun. Dalam hal ini, dasar pensiun merupakan gaji pokok terakhir berdasarkan peraturan perundang-undangan. Sementara besaran gaji pokok menteri negara ditetapkan Rp 5.040.000 per bulan berdasarkan PP Nomor 60 Tahun 2000. Jika dihitung, 12% dari Rp 5.040.000 menghasilkan sekitar Rp 604.800 per bulan. Nominal tersebut merupakan estimasi pensiun pokok berdasarkan ketentuan persentase dan masa jabatan. Besaran itu belum termasuk Tabungan Hari Tua. Sementara itu, dalam catatandetikcomyang mengutip situs resmi Kementerian Pendayagunaan Aparatur Negara dan Reformasi Birokrasi (PANRB) dijelaskan seorang mantan menteri negara bisa mendapatkan uang pensiun dan Tunjangan Hari Tua (THT) setelah menyelesaikan masa jabatannya. Uang pensiun dan THT ini biasanya akan disalurkan pemerintah melalui PT Taspen (Persero). Namun ditegaskan seorang mantan menteri berhak atau tidak mendapat uang pensiun dan THT ini ditentukan oleh presiden. Di mana uang pensiun dan THT menteri baru bisa diberikan jika sudah mendapatkan persetujuan dari presiden dalam bentuk SK Pensiun. Untuk besaran uang pensiun menteri didasarkan pada PP Nomor 60/2000 seperti yang sudah dijelaskan sebelumnya. Sedangkan untuk THT, seorang mantan menteri baru bisa mendapat tunjangan itu jika yang bersangkutan pernah memberikan iuran melalui gaji pokoknya. Mengingat Purbaya sudah bekerja mulai September 2025 hingga September 2026, seharusnya ia otomatis telah membayar iuran THT melalui potongan gaji pokoknya sebagai menteri selama kurang lebih 12 bulan menjabat. Dengan begitu ia memenuhi syarat untuk menerima THT ini dari Taspen.  Saksikan Live DetikPagi:  Simak juga Video 'Kelakar Purbaya Mau Mancing Sambil Melamun: Kenapa Dipecat?':  [Gambas:Video 20detik]  ","['purbaya', 'yudhi', 'sadewa', 'turun', 'jabat', 'menteri', 'uang', 'menkeu', 'ganti', 'suahasil', 'nazara', 'purbaya', 'catat', 'jabat', 'menkeu', 'purbaya', 'lantik', 'menteri', 'uang', 'presiden', 'prabowo', 'subianto', 'september', 'tahun', 'prabowo', 'lantik', 'suahasil', 'menkeu', 'dasar', 'putus', 'presiden', 'nomor', 'p', 'senin', 'menteri', 'purbaya', 'tunjang', 'umur', 'hidup', 'negara', 'sesuai', 'atur', 'perintah', 'pp', 'hak', 'keuanganadministratif', 'menteri', 'negara', 'bekas', 'menteri', 'negara', 'jandadudanya', 'scroll', 'to', 'continue', 'with', 'content', 'atur', 'menteri', 'henti', 'hormat', 'jabat', 'hak', 'oleh', 'pensiun', 'besar', 'uang', 'pensiun', 'tetap', 'dasar', 'jabat', 'sangkut', 'besar', 'pensiun', 'pokok', 'bulan', 'dasar', 'pensiun', 'tiaptiap', 'jabat', 'tentu', 'besar', 'pensiun', 'pokok', 'sekurangkurangnya', 'dasar', 'pensiun', 'tulis', 'pasal', 'ayat', 'pp', 'asumsi', 'besar', 'pensiun', 'pokok', 'tetap', 'dasar', 'pensiun', 'jabat', 'purbaya', 'genap', 'jabat', 'hak', 'besar', 'pensiun', 'pokok', 'dasar', 'pensiun', 'dasar', 'pensiun', 'gaji', 'pokok', 'dasar', 'atur', 'perundangundangan', 'besar', 'gaji', 'pokok', 'menteri', 'negara', 'tetap', 'rp', 'dasar', 'pp', 'nomor', 'hitung', 'rp', 'hasil', 'rp', 'nominal', 'estimasi', 'pensiun', 'pokok', 'dasar', 'tentu', 'persentase', 'jabat', 'besar', 'tabung', 'tua', 'catatandetikcomyang', 'kutip', 'situs', 'resmi', 'menteri', 'pendayagunaan', 'aparatur', 'negara', 'reformasi', 'birokrasi', 'panrb', 'mantan', 'menteri', 'negara', 'uang', 'pensiun', 'tunjang', 'tua', 'tht', 'selesai', 'jabat', 'uang', 'pensiun', 'tht', 'salur', 'perintah', 'pt', 'taspen', 'persero', 'mantan', 'menteri', 'hak', 'uang', 'pensiun', 'tht', 'tentu', 'presiden', 'uang', 'pensiun', 'tht', 'menteri', 'tuju', 'presiden', 'bentuk', 'sk', 'pensiun', 'besar', 'uang', 'pensiun', 'menteri', 'dasar', 'pp', 'nomor', 'tht', 'mantan', 'menteri', 'tunjang', 'sangkut', 'iur', 'gaji', 'pokok', 'purbaya', 'september', 'september', 'otomatis', 'bayar', 'iur', 'tht', 'potong', 'gaji', 'pokok', 'menteri', 'jabat', 'penuh', 'syarat', 'terima', 'tht', 'taspen', 'saksi', 'live', 'detikpagi', 'simak', 'video', 'kelakar', 'purbaya', 'mancing', 'lamun', 'pecat', 'gambasvideo', 'detik']",Finance
"PT Industri Kereta Api (Persero) atau INKA buka suara soal arahan terbaru dari Badan Pengaturan BUMN (BP BUMN) untuk melakukan langkah transformasi dan pembenahan perusahaan. General Manager Corporate Secretary PT INKA (Persero), Bambang Sutrisno menyampaikan arahan tersebut menjadi momentum untuk memperkuat perbaikan perusahaan secara menyeluruh, mulai dari proses internal hingga efektivitas pelaksanaan proyek. ""INKA menindaklanjuti arahan BP BUMN dengan mempercepat transformasi yang saat ini terus berjalan. Fokus kami adalah membangun fundamental perusahaan yang lebih sehat, proses bisnis yang semakin efektif, serta kemampuan yang semakin kuat dalam menjalankan dan menyelesaikan setiap proyek,"" ujar Bambang dalam keterangan tertulis, Rabu (16/9/2026). SCROLL TO CONTINUE WITH CONTENT  Pembenahan dilakukan dengan memperkuat keterkaitan antara perencanaan, pengelolaan kontrak, pelaksanaan proyek, proses produksi hingga penyelesaian pekerjaan kepada pelanggan.Sejalan dengan itu, INKA juga terus melakukan langkah perbaikan terhadap kondisi likuiditas dan struktur keuangan perusahaan. Menurut Bambang, disiplin pengelolaan proyek menjadi bagian penting dalam memperkuat kinerja perusahaan, baik dalam pengendalian jadwal, biaya, risiko maupun pemenuhan komitmen kepada pelanggan. ""Setiap proyek harus dikelola secara disiplin sejak awal, baik dari aspek teknis, kontraktual maupun finansial. Dengan pengelolaan yang semakin baik, setiap pekerjaan harus mampu memberikan nilai bagi pelanggan sekaligus memperkuat kondisi perusahaan,"" lanjut Bambang. Pada saat yang sama, INKA terus memperkuat proses produksi dan sistem kualitas untuk memastikan sarana yang dihasilkan memenuhi aspek keselamatan, keandalan serta standar yang dipersyaratkan. Transformasi tersebut juga diarahkan untuk menjaga dan mengembangkan kapabilitas industri perkeretaapian nasional, mulai dari kemampuan engineering dan manufaktur, tenaga kerja terampil, teknologi hingga ekosistem industri pendukung. ""Yang ingin kami bangun bukan hanya keberlanjutan perusahaan, tetapi juga kemampuan industri perkeretaapian Indonesia. Untuk itu, INKA harus semakin sehat, profesional, berkualitas, dan kompetitif dengan melibatkan seluruhstakeholderperkeretaapian,"" tutup Bambang.  Sebelumnya, Kepala Badan Pengaturan (BP) Badan Usaha Milik Negara (BUMN) sekaligus COO Badan Pengelola Investasi (BPI) Daya Anagata Nusantara (Danantara), Dony Oskaria mendorong perbaikan kinerja keuangan INKA. Dia menyebut kerugian yang dialami INKA mencapai Rp 677 miliar denganunsustain loanatau utang sebesar Rp 4,7 triliun. Menurutnya perbaikan harus dilakukan lewat tata kelola yang kuat, perencanaan yang komprehensif, dan benchmark ke praktik terbaik di industri. Ia meminta seluruh jajaran untuk punya komitmen yang sama untuk membawa INKA jadi lebih baik. ""Jadi menurut saya, INKA ini tidak dalam kondisi yang baik-baik saja. Kan aneh, Pak, masa kita rugi Rp 677 miliar. Orang perusahaan manufaktur, kemudian juga jelas yang diservisnya siapa. Rugi, terus ada unsustain loan Rp 4,7 triliun itu lawannya apa dulu,"" ungkap Dony sebagaimana dikutip dalam unggahan Instagram @bumn_id, Selasa (15/9/2026). BP BUMN mendorong transformasi total di tubuh INKA. Mulai dari model bisnis, tata kelola, budaya kerja, kualitas produksi, hingga sistem operasional. Dari semua itu, peningkatan kualitas produksi jadi prioritas utama. Dony juga meminta INKA untuk segera menyusun grand plan transformasi.  Simak juga Video 'Nasib Pengalihan Utang Whoosh ke Kemenkeu Usai Suahasil Gantikan Purbaya':  [Gambas:Video 20detik]  ","['pt', 'industri', 'kereta', 'api', 'persero', 'inka', 'buka', 'suara', 'arah', 'baru', 'badan', 'atur', 'bumn', 'bp', 'bumn', 'langkah', 'transformasi', 'benah', 'usaha', 'general', 'manager', 'corporate', 'secretary', 'pt', 'inka', 'persero', 'bambang', 'sutrisno', 'arah', 'momentum', 'kuat', 'baik', 'usaha', 'proses', 'internal', 'efektivitas', 'laksana', 'proyek', 'inka', 'menindaklanjuti', 'arah', 'bp', 'bumn', 'cepat', 'transformasi', 'jalan', 'fokus', 'bangun', 'fundamental', 'usaha', 'sehat', 'proses', 'bisnis', 'efektif', 'mampu', 'kuat', 'jalan', 'selesai', 'proyek', 'bambang', 'terang', 'tulis', 'rabu', 'scroll', 'to', 'continue', 'with', 'content', 'benah', 'kuat', 'kait', 'rencana', 'kelola', 'kontrak', 'laksana', 'proyek', 'proses', 'produksi', 'selesai', 'kerja', 'pelanggansejalan', 'inka', 'langkah', 'baik', 'kondisi', 'likuiditas', 'struktur', 'uang', 'usaha', 'bambang', 'disiplin', 'kelola', 'proyek', 'kuat', 'kerja', 'usaha', 'kendali', 'jadwal', 'biaya', 'risiko', 'penuh', 'komitmen', 'langgan', 'proyek', 'kelola', 'disiplin', 'aspek', 'teknis', 'kontraktual', 'finansial', 'kelola', 'kerja', 'nilai', 'langgan', 'kuat', 'kondisi', 'usaha', 'bambang', 'inka', 'kuat', 'proses', 'produksi', 'sistem', 'kualitas', 'sarana', 'hasil', 'penuh', 'aspek', 'selamat', 'andal', 'standar', 'syarat', 'transformasi', 'arah', 'jaga', 'kembang', 'kapabilitas', 'industri', 'perkeretaapian', 'nasional', 'mampu', 'engineering', 'manufaktur', 'tenaga', 'kerja', 'terampil', 'teknologi', 'ekosistem', 'industri', 'dukung', 'bangun', 'lanjut', 'usaha', 'mampu', 'industri', 'perkeretaapian', 'indonesia', 'inka', 'sehat', 'profesional', 'kualitas', 'kompetitif', 'libat', 'seluruhstakeholderperkeretaapian', 'tutup', 'bambang', 'kepala', 'badan', 'atur', 'bp', 'badan', 'usaha', 'milik', 'negara', 'bumn', 'coo', 'badan', 'kelola', 'investasi', 'bpi', 'daya', 'anagata', 'nusantara', 'danantara', 'dony', 'oskaria', 'dorong', 'baik', 'kerja', 'uang', 'inka', 'sebut', 'rugi', 'alami', 'inka', 'capai', 'rp', 'miliar', 'denganunsustain', 'loanatau', 'utang', 'rp', 'triliun', 'turut', 'baik', 'tata', 'kelola', 'kuat', 'rencana', 'komprehensif', 'benchmark', 'praktik', 'baik', 'industri', 'jajar', 'komitmen', 'bawa', 'inka', 'inka', 'kondisi', 'baikbaik', 'aneh', 'rugi', 'rp', 'miliar', 'orang', 'usaha', 'manufaktur', 'servis', 'rugi', 'unsustain', 'loan', 'rp', 'triliun', 'lawan', 'dony', 'kutip', 'unggah', 'instagram', 'bumn id', 'selasa', 'bp', 'bumn', 'dorong', 'transformasi', 'total', 'tubuh', 'inka', 'model', 'bisnis', 'tata', 'kelola', 'budaya', 'kerja', 'kualitas', 'produksi', 'sistem', 'operasional', 'tingkat', 'kualitas', 'produksi', 'prioritas', 'utama', 'dony', 'inka', 'susun', 'grand', 'plan', 'transformasi', 'simak', 'video', 'nasib', 'alih', 'utang', 'whoosh', 'kemenkeu', 'suahasil', 'ganti', 'purbaya', 'gambasvideo', 'detik']",Finance
"PT Varnion Technology Semesta (Varnion) menggandeng Omada by TP-Link melalui penandatanganan Memorandum of Understanding (MoU) dalam acara pengenalan teknologi Wi-Fi 8 di Kuala Lumpur, Malaysia. Kerja sama ini bagian dari upaya memperkuat pengembangan konektivitas generasi terbaru di sektorhospitalitydanenterpriseIndonesia. Anak usaha PT Sarana Menara Nusantara Tbk (TOWR) tersebut akan mendapatkan akses ke perangkat terbaru dan dukungan dari tim pengembangan Omada. Dukungan ini akan digunakan untuk mendukung riset, pengujian, hingga pengembangan produk dan layanan. Lewat kolaborasi tersebut, Varnion juga dapat mengevaluasi teknologi sesuai dengan kebutuhan operasional pelanggan, sekaligus mengintegrasikannya ke dalam ekosistem aplikasi Varnion. Dukungan terhadap riset dan pengembangan ini menjadi alasan utama Varnion memilih Omada sebagai mitra strategis. SCROLL TO CONTINUE WITH CONTENT ""Omada memberikan akses terhadap perangkat terbaru dan dukungan langsung dari tim pengembangannya. Hal ini memungkinkan kami menguji teknologi, memberikan masukan dari pengalaman implementasi di lapangan, serta mengembangkan produk dan layanan yang semakin relevan bagi pelanggan di Indonesia,"" ujar Founder & President Director Varnion, Alexander Budiman, dalam keterangan tertulis, Rabu (16/9/2026).  Sementara itu Director TP-Link Indonesia, Jimmy Gu, menjelaskan inovasi bukan hanya tentang menghadirkan teknologi terbaru, tetapi memberikan manfaat nyata bagi bisnis. Menurutnya, kolaborasi dengan Varnion menjadi kesempatan untuk menggabungkan kemampuan teknologi Omada dengan pemahaman terhadap kebutuhan pelanggan di lapangan. Saat ini, Varnion tengah mengembangkan Wi-Fi 8 melalui standar IEEE 802.11bn, mengusung pendekatan Ultra High Reliability (UHR). Fokusnya adalah meningkatkan keandalan dan konsistensi koneksi, terutama pada lingkungan dengan kepadatan perangkat tinggi, interferensi antarsinyal, dan pengguna yang terus bergerak. Pengembangan Wi-Fi 8 mencakup teknologi yang memungkinkan access point mengatur penggunaan spektrum dan sinyal secara lebih terkoordinasi. Teknologi ini ditujukan untuk mengurangi gangguan sinyal, menekan lonjakan latensi dan kehilangan data, serta membuat perpindahan koneksi antar-access point atau roaming menjadi lebih lancar.  Keandalan jaringan semakin penting untuk mendukung video, aplikasi cloud, perangkat IoT, hingga layanan berbasis AI yang membutuhkan koneksi cepat dan stabil. Di hotel, kualitas jaringan berpengaruh pada pengalaman tamu, sementara bagi perusahaan, koneksi yang stabil membantu menjaga produktivitas dan kelancaran operasional. Sebagai ISP yang menyediakan solusi berbasis aplikasi, Varnion menggabungkan layanan konektivitas dan aplikasi dalam satu ekosistem. Layanan tersebut mencakup CloudOne, Megalos untuk mengelola konektivitas, Keponet untuk pekerjaan operasional, serta Vlepo untuk layanan TV dan pengalaman digital bagi tamu. ""Tujuan kami adalah menerjemahkan perkembangan teknologi menjadi manfaat nyata bagi pelanggan. Dukungan Omada memperkuat kemampuan riset kami untuk menghadirkan jaringan yang andal, aplikasi yang terintegrasi, dan layanan yang membantu pelanggan menjalankan bisnisnya dengan lebih baik,"" tutup Alexander.  Simak juga Video 'Jangan Sering Cabut Kabel WiFi di Malam Hari!':  [Gambas:Video 20detik]  ","['pt', 'varnion', 'technology', 'semesta', 'varnion', 'gandeng', 'omada', 'by', 'tplink', 'penandatanganan', 'memorandum', 'of', 'understanding', 'mou', 'acara', 'kenal', 'teknologi', 'wifi', 'kuala', 'lumpur', 'malaysia', 'kerja', 'upaya', 'kuat', 'kembang', 'konektivitas', 'generasi', 'baru', 'sektorhospitalitydanenterpriseindonesia', 'anak', 'usaha', 'pt', 'sarana', 'menara', 'nusantara', 'tbk', 'towr', 'akses', 'perangkat', 'baru', 'dukung', 'tim', 'kembang', 'omada', 'dukung', 'dukung', 'riset', 'uji', 'kembang', 'produk', 'layan', 'kolaborasi', 'varnion', 'evaluasi', 'teknologi', 'sesuai', 'butuh', 'operasional', 'langgan', 'integrasi', 'ekosistem', 'aplikasi', 'varnion', 'dukung', 'riset', 'kembang', 'alas', 'utama', 'varnion', 'pilih', 'omada', 'mitra', 'strategis', 'scroll', 'to', 'continue', 'with', 'content', 'omada', 'akses', 'perangkat', 'baru', 'dukung', 'langsung', 'tim', 'kembang', 'uji', 'teknologi', 'masuk', 'alam', 'implementasi', 'lapang', 'kembang', 'produk', 'layan', 'relevan', 'langgan', 'indonesia', 'founder', 'president', 'director', 'varnion', 'alexander', 'budiman', 'terang', 'tulis', 'rabu', 'director', 'tplink', 'indonesia', 'jimmy', 'gu', 'inovasi', 'hadir', 'teknologi', 'baru', 'manfaat', 'nyata', 'bisnis', 'turut', 'kolaborasi', 'varnion', 'sempat', 'gabung', 'mampu', 'teknologi', 'omada', 'paham', 'butuh', 'langgan', 'lapang', 'varnion', 'kembang', 'wifi', 'standar', 'ieee', 'bn', 'usung', 'dekat', 'ultra', 'high', 'reliability', 'uhr', 'fokus', 'tingkat', 'andal', 'konsistensi', 'koneksi', 'lingkung', 'padat', 'perangkat', 'interferensi', 'antarsinyal', 'guna', 'gerak', 'kembang', 'wifi', 'cakup', 'teknologi', 'access', 'point', 'atur', 'guna', 'spektrum', 'sinyal', 'koordinasi', 'teknologi', 'kurang', 'ganggu', 'sinyal', 'tekan', 'lonjak', 'latensi', 'hilang', 'data', 'pindah', 'koneksi', 'antaraccess', 'point', 'roaming', 'lancar', 'andal', 'jaring', 'dukung', 'video', 'aplikasi', 'cloud', 'perangkat', 'iot', 'layan', 'bas', 'ai', 'butuh', 'koneksi', 'cepat', 'stabil', 'hotel', 'kualitas', 'jaring', 'pengaruh', 'alam', 'tamu', 'usaha', 'koneksi', 'stabil', 'bantu', 'jaga', 'produktivitas', 'lancar', 'operasional', 'isp', 'sedia', 'solusi', 'bas', 'aplikasi', 'varnion', 'gabung', 'layan', 'konektivitas', 'aplikasi', 'ekosistem', 'layan', 'cakup', 'cloudone', 'megalos', 'kelola', 'konektivitas', 'keponet', 'kerja', 'operasional', 'vlepo', 'layan', 'tv', 'alam', 'digital', 'tamu', 'tuju', 'terjemah', 'kembang', 'teknologi', 'manfaat', 'nyata', 'langgan', 'dukung', 'omada', 'kuat', 'mampu', 'riset', 'hadir', 'jaring', 'andal', 'aplikasi', 'integrasi', 'layan', 'bantu', 'langgan', 'jalan', 'bisnis', 'tutup', 'alexander', 'simak', 'video', 'cabut', 'kabel', 'wifi', 'malam', 'gambasvideo', 'detik']",Finance
"Riau- Peternak lebah Apis mellifera di Siak, Riau, mampu menghasilkan hingga 300 kilogram madu dalam sekali panen yang dilakukan setiap bulan.","['riau', 'ternak', 'lebah', 'apis', 'mellifera', 'siak', 'riau', 'hasil', 'kilogram', 'madu', 'panen']",Finance
"Jepang mengalami penurunan populasi dalam beberapa dekade terakhir. Namun terdapat kelompok usia tertentu yang mengalami lonjakan jumlah lebih banyak dari sebelumnya. Dikutip dariCNN, Rabu (16/9/2026), saat ini jumlah orang berusia 100 tahun ke atas di Jepang telah melampaui 100.000 jiwa. Capaian ini memperkuat rekor Jepang sebagai negara dengan angka harapan hidup yang tinggi. Jumlah penduduk berusia 100 tahun ke atas kembali mencatat kenaikan untuk ke-56 kalinya secara berturut-turut. Pemerintah Jepang mencatat, kelompok usia ini mencapai 107.677 orang per September, atau bertambah hampir 8.000 orang dibandingkan tahun sebelumnya. SCROLL TO CONTINUE WITH CONTENT Dari jumlah tersebut, mayoritas merupakan perempuan. Tercatat sebanyak 94.298 orang atau sekitar 88% dari total penduduk berusia 100 tahun ke atas adalah perempuan. Menteri Kesehatan Jepang, Kenichiro Ueno, menyambut positif kondisi tersebut. Menurutnya, hal ini menunjukkan bahwa warga Jepang sehat dan tetap aktif.  Jepang secara konsisten menduduki peringkat teratas sebagai salah satu negara dengan angka harapan hidup terpanjang di dunia. Menurut Bank Dunia, rata-rata harapan hidup di Jepang mencapai 84 tahun pada 2024. Para ilmuwan mengaitkan tingginya angka harapan hidup di Jepang dengan pola makan yang sehat serta sistem layanan kesehatan yang maju. Meski negara ini dikenal memiliki budaya kerja dengan jam kerja panjang, terutama di kota-kota besar, sebagian masyarakat Jepang juga menjalani filosofi ikigai, yakni mencari nilai dan kebahagiaan dalam kehidupan sehari-hari. Jepang juga menjadi rumah bagi sejumlah orang tertua di dunia. Menurut pemerintah Jepang, dua di antaranya adalah Fuyo Kishimoto, perempuan berusia 114 tahun asal Kyoto, dan Hikaru Kato, pria berusia 112 tahun dari Kumamoto. Meski begitu, populasi yang menua juga memberikan tekanan yang besar terhadap perekonomian terbesar keempat di dunia itu. Pasalnya, banyaknya populasi usia tua turut meningkatkan biaya perawatan lansia dan mengurangi angkatan kerja. Meskipun generasi saat ini memiliki harapan hidup lebih panjang, populasi Jepang yang berjumlah 123 juta jiwa terus menurun seiring dengan angka kelahiran yang mencapai rekor terendah. Negara ini juga telah membuka pintu bagi pekerja terampil dan buruh dalam beberapa tahun terakhir, meskipun pemerintah baru-baru ini memperketat persyaratan visa di tengah meningkatnya sentimen anti-asing.  Lihat juga Video '5 Warganya Hilang saat Banjir Nepal, Jepang Ambil Langkah Darurat':  [Gambas:Video 20detik]  ","['jepang', 'alami', 'turun', 'populasi', 'dekade', 'kelompok', 'usia', 'alami', 'lonjak', 'kutip', 'daricnn', 'rabu', 'orang', 'usia', 'jepang', 'lampau', 'jiwa', 'capai', 'kuat', 'rekor', 'jepang', 'negara', 'angka', 'harap', 'hidup', 'duduk', 'usia', 'catat', 'naik', 'kali', 'berturutturut', 'perintah', 'jepang', 'catat', 'kelompok', 'usia', 'capai', 'orang', 'september', 'tambah', 'orang', 'banding', 'scroll', 'to', 'continue', 'with', 'content', 'mayoritas', 'perempuan', 'catat', 'orang', 'total', 'duduk', 'usia', 'perempuan', 'menteri', 'sehat', 'jepang', 'kenichiro', 'ueno', 'sambut', 'positif', 'kondisi', 'turut', 'warga', 'jepang', 'sehat', 'aktif', 'jepang', 'konsisten', 'duduk', 'peringkat', 'atas', 'salah', 'negara', 'angka', 'harap', 'hidup', 'panjang', 'dunia', 'bank', 'dunia', 'ratarata', 'harap', 'hidup', 'jepang', 'capai', 'ilmuwan', 'kait', 'tinggi', 'angka', 'harap', 'hidup', 'jepang', 'pola', 'makan', 'sehat', 'sistem', 'layan', 'sehat', 'maju', 'negara', 'kenal', 'milik', 'budaya', 'kerja', 'jam', 'kerja', 'kotakota', 'masyarakat', 'jepang', 'jalan', 'filosofi', 'ikigai', 'cari', 'nilai', 'bahagia', 'hidup', 'seharihari', 'jepang', 'rumah', 'orang', 'tua', 'dunia', 'perintah', 'jepang', 'fuyo', 'kishimoto', 'perempuan', 'usia', 'kyoto', 'hikaru', 'kato', 'pria', 'usia', 'kumamoto', 'populasi', 'tua', 'tekan', 'ekonomi', 'besar', 'empat', 'dunia', 'pasal', 'banyak', 'populasi', 'usia', 'tua', 'tingkat', 'biaya', 'awat', 'lansia', 'kurang', 'angkat', 'kerja', 'generasi', 'milik', 'harap', 'hidup', 'populasi', 'jepang', 'juta', 'jiwa', 'turun', 'iring', 'angka', 'lahir', 'capai', 'rekor', 'rendah', 'negara', 'buka', 'pintu', 'kerja', 'terampil', 'buruh', 'perintah', 'barubaru', 'ketat', 'syarat', 'visa', 'tingkat', 'sentimen', 'antiasing', 'lihat', 'video', 'warga', 'hilang', 'banjir', 'nepal', 'jepang', 'ambil', 'langkah', 'darurat', 'gambasvideo', 'detik']",Finance
"Mata uang rupiah kembali melemah di hadapan dolar Amerika Serikat (AS) pada perdagangan Rabu (16/9/2026). Mata uang Paman Sam itu bergerak menguat pada level Rp 17.700-an. Berdasarkan data RTI Bloomberg, dolar AS menguat 0,24% ke level Rp 17.737 pagi ini. Pada perdagangan sebelumnya, Selasa (15/9), dolar AS diketahui ditutup pada level Rp 17.694.  SCROLL TO CONTINUE WITH CONTENT Sementara berdasarkan data RTI Business, dolar AS pagi ini menguat 0,23% di level Rp 17.718. Mata uang Paman Sam itu tercatat menguat sepanjang perdagangan sepekan terakhir sebesar 0,70%. Dolar AS bergerak variatif terhadap sejumlah mata uang negara besar lainnya. Terhadap UER, dolar AS tercatat melemah 0,06%. Sementara terhadap mata uang GBP, dolar AS juga melemah 0,04%. Kemudian terhadap mata uang AUD, mata uang Paman Sam itu melemah 0,13%. Selanjutnya pada mata uang JPY dolar AS menguat 0,12%. Dolar AS juga menguat terhadap mata uang CAD sebesar 0,10%. Kemudian terhadap mata uang CHF, dolar AS menguat 0,06%.  Simak juga Video 'Kata Menteri UMKM soal Dampak Kenaikan Dolar ke Pelaku Usaha':  [Gambas:Video 20detik]  ","['mata', 'uang', 'rupiah', 'lemah', 'hadap', 'dolar', 'amerika', 'serikat', 'as', 'dagang', 'rabu', 'mata', 'uang', 'paman', 'sam', 'gerak', 'kuat', 'level', 'rp', 'an', 'dasar', 'data', 'rti', 'bloomberg', 'dolar', 'as', 'kuat', 'level', 'rp', 'pagi', 'dagang', 'selasa', 'dolar', 'as', 'tutup', 'level', 'rp', 'scroll', 'to', 'continue', 'with', 'content', 'dasar', 'data', 'rti', 'business', 'dolar', 'as', 'pagi', 'kuat', 'level', 'rp', 'mata', 'uang', 'paman', 'sam', 'catat', 'kuat', 'dagang', 'pek', 'dolar', 'as', 'gerak', 'variatif', 'mata', 'uang', 'negara', 'uer', 'dolar', 'as', 'catat', 'lemah', 'mata', 'uang', 'gbp', 'dolar', 'as', 'lemah', 'mata', 'uang', 'aud', 'mata', 'uang', 'paman', 'sam', 'lemah', 'mata', 'uang', 'jpy', 'dolar', 'as', 'kuat', 'dolar', 'as', 'kuat', 'mata', 'uang', 'cad', 'mata', 'uang', 'chf', 'dolar', 'as', 'kuat', 'simak', 'video', 'menteri', 'umkm', 'dampak', 'naik', 'dolar', 'laku', 'usaha', 'gambasvideo', 'detik']",Finance
"Harga emas Antam hari ini tipis, setelah dua hari belakangan ini mengalami penurunan harga. Pada Rabu (16/9/2026), harga emas Antam 24 karat naik Rp 1.000 per gram menjadi Rp 2.593.000 per gram. Berdasarkan situs Logam Mulia Antam, Selasa (16/9/2026), satuan harga emas hari ini yang terkecil ukuran 0,5 gram berada di angka Rp 1.346.500. Sementara harga emas 10 gram dijual dengan harga Rp 25.425.000 dan ukuran emas terbesar yakni 1.000 gram (1 kg) dibanderol Rp 2.533.600.000. Jika ditarik dalam sepekan terakhir, harga emas Antam berada dalam rentang Rp 2.610.000-2.593.000 per gram. Sementara dalam sebulan terakhir, harga emas Antam bergerak dalam rentang Rp 2.677.000-2.593.000 per gram. SCROLL TO CONTINUE WITH CONTENT Harga emas hari ini untuk buyback emas Antam juga naik sebesar Rp 1.000 dan berada di level Rp 2.438.000 per gram. Harga buyback adalah jika Anda ingin menjual emas, maka Antam akan membelinya dengan harga tersebut. Sesuai Peraturan Menteri Keuangan (PMK) Nomor 34 Tahun 2017, pembelian emas batangan akan dikenakan PPh 22 sebesar 0,9%. Jika ingin mendapatkan potongan pajak lebih rendah sebesar 0,45%, harus menyertakan NPWP untuk transaksinya. Berikut rincian Harga Emas Hari Ini dari Antam 1 Gram hingga 1.000 Gram, Rabu (16/9/2026). Harga emas 0,5 gram: Rp 1.346.500Harga emas 1 gram: Rp 2.593.000Harga emas 2 gram Rp 5.126.000Harga emas 3 gram Rp 7.664.000Harga emas 5 gram: Rp 12.740.000Harga emas 10 gram: Rp 25.425.000Harga emas 25 gram: Rp 63.437.000Harga emas 50 gram: Rp 126.795.000Harga emas 100 gram: Rp 253.512.000Harga emas 250 gram: Rp 633.515.000Harga emas 500 gram: Rp 1.266.820.000Harga emas 1.000 gram: Rp 2.533.600.000 Demikian rincian harga emas hari ini keluaran Antam 1 gram hingga 1.000 gram, Rabu (16/9/2026).  Simak juga Video 'Mau Tingkatkan Likuiditas, BEI Wacanakan Hapus Batas Rp 50 Saham:  [Gambas:Video 20detik]  ","['harga', 'emas', 'antam', 'tipis', 'alami', 'turun', 'harga', 'rabu', 'harga', 'emas', 'antam', 'karat', 'rp', 'gram', 'rp', 'gram', 'dasar', 'situs', 'logam', 'mulia', 'antam', 'selasa', 'satu', 'harga', 'emas', 'kecil', 'ukur', 'gram', 'angka', 'rp', 'harga', 'emas', 'gram', 'jual', 'harga', 'rp', 'ukur', 'emas', 'besar', 'gram', 'kg', 'banderol', 'rp', 'tarik', 'pek', 'harga', 'emas', 'antam', 'rentang', 'rp', 'gram', 'bulan', 'harga', 'emas', 'antam', 'gerak', 'rentang', 'rp', 'gram', 'scroll', 'to', 'continue', 'with', 'content', 'harga', 'emas', 'buyback', 'emas', 'antam', 'rp', 'level', 'rp', 'gram', 'harga', 'buyback', 'jual', 'emas', 'antam', 'bel', 'harga', 'sesuai', 'atur', 'menteri', 'uang', 'pmk', 'nomor', 'beli', 'emas', 'batang', 'kena', 'pph', 'potong', 'pajak', 'rendah', 'serta', 'npwp', 'transaksi', 'rincian', 'harga', 'emas', 'antam', 'gram', 'gram', 'rabu', 'harga', 'emas', 'gram', 'rp', 'harga', 'emas', 'gram', 'rp', 'harga', 'emas', 'gram', 'rp', 'harga', 'emas', 'gram', 'rp', 'harga', 'emas', 'gram', 'rp', 'harga', 'emas', 'gram', 'rp', 'harga', 'emas', 'gram', 'rp', 'harga', 'emas', 'gram', 'rp', 'harga', 'emas', 'gram', 'rp', 'harga', 'emas', 'gram', 'rp', 'harga', 'emas', 'gram', 'rp', 'harga', 'emas', 'gram', 'rp', 'rincian', 'harga', 'emas', 'keluar', 'antam', 'gram', 'gram', 'rabu', 'simak', 'video', 'tingkat', 'likuiditas', 'bei', 'wacana', 'hapus', 'batas', 'rp', 'saham', 'gambasvideo', 'detik']",Finance
"Indeks Harga Saham Gabungan (IHSG) pagi ini bergerak melemah di zona merah. IHSG terpantau terus bergerak ke level di 6.400-an. Dikutip dari RTI, Rabu (16/9/2026), IHSG pukul 9.02 WIB berada di level 6.452,47, turun 0,13% atau 8,67 poin. Sementara IHSG pada pembukaan berada di level 6.453,91. Kemudian pada awal perdagangan ini, nilai indeks saham Garuda tercatat mencapai level tertinggi 6.460,81 dan terendah 6.445,23. SCROLL TO CONTINUE WITH CONTENT  Volume transaksi tercatat 845,18 juta saham, turnover Rp 392,72 miliar dengan frekuensi transaksi 75.421 kali. Sebanyak 181 saham menguat, 241 saham melemah, dan 234 saham tidak mengalami perubahan. IHSG tercatat sudah melemah 3,41% secara mingguan. Namun nilai indeks saham Garuda ini masih berada di zona hijau jika selama bulanan dengan kenaikan 0,01%. Begitu juga jika dilihat per tiga bulan yang masih naik 7,37%.  Simak juga Video 'Mau Tingkatkan Likuiditas, BEI Wacanakan Hapus Batas Rp 50 Saham':  [Gambas:Video 20detik]  ","['indeks', 'harga', 'saham', 'gabung', 'ihsg', 'pagi', 'gerak', 'lemah', 'zona', 'merah', 'ihsg', 'pantau', 'gerak', 'level', 'an', 'kutip', 'rti', 'rabu', 'ihsg', 'wib', 'level', 'turun', 'poin', 'ihsg', 'buka', 'level', 'dagang', 'nilai', 'indeks', 'saham', 'garuda', 'catat', 'capai', 'level', 'tinggi', 'rendah', 'scroll', 'to', 'continue', 'with', 'content', 'volume', 'transaksi', 'catat', 'juta', 'saham', 'turnover', 'rp', 'miliar', 'frekuensi', 'transaksi', 'kali', 'saham', 'kuat', 'saham', 'lemah', 'saham', 'alami', 'ubah', 'ihsg', 'catat', 'lemah', 'minggu', 'nilai', 'indeks', 'saham', 'garuda', 'zona', 'hijau', 'bulan', 'naik', 'simak', 'video', 'tingkat', 'likuiditas', 'bei', 'wacana', 'hapus', 'batas', 'rp', 'saham', 'gambasvideo', 'detik']",Finance
"Berat dan penempatan muatan menjadi salah satu aspek yang perlu dievaluasi dalam kecelakaan KM Virgo Transport 8. Pemeriksaan diperlukan untuk mengetahui kemampuan daya apung dan stabilitas kapal saat membawa muatan. Anggota DPR RI Bambang Haryo Soekartono menyoroti persoalan tersebut saat mengunjungi Posko Terpadu kecelakaan KM Virgo Transport 8 di Pelabuhan Tanjung Perak. Menurut Bambang, usia kapal tidak bisa menjadi satu-satunya dasar untuk melihat penyebab kecelakaan. KM Virgo Transport 8 disebut masih berusia 39 tahun. ""Kapal ini KM Virgo Transport 8 masih relatif muda yaitu 39 tahun. Apalagi kapal ex Jepang mempunyai teknologi yang tinggi. Bahkan plat dari kapal jepang semua menggunakan plat high tensile. Yang mempunyai kekuatan tekuk, tekan, dan tarik ( strength ) yang sangat kuat. Seperti hal nya kapal kapal dari negara negara maju Eropa. Makanya kapal kapal ex Jepang yang ada di Indonesia walaupun berusia tua kondisinya masih bagus dan mempunyai kelayakan kapal sesuai dengan standarisasi Kelas dan Perhubungan Laut Indonesia,"" kata Bambang dalam keterangannya, Rabu (16/9/2026). SCROLL TO CONTINUE WITH CONTENT Bambang meminta Komite Nasional Keselamatan Transportasi (KNKT) dan penyidik pegawai negeri sipil (PNS) memeriksa muatan yang dibawa kapal, termasuk kesesuaiannya dengan kemampuan kapal. ""Dan ini saya serahkan kepada Komisi Nasional Keselamatan Transportasi (KNKT) dan Pegawai Negeri Sipil untuk menyelidiki muatan yang diangkut oleh kapal tersebut. Apakah kapal tersebut masih mempunyai kemampuan untuk mengangkut muatan tersebut,"" kata BHS. Dari sisi penumpang, Bambang menyebut jumlah 243 orang masih jauh di bawah kapasitas maksimum kapal yang mencapai 570 orang. ""Kalau dari sisi penumpang yang hanya 243 orang masih jauh dari kapasitas maksimum, dimana batasan kapasitas maksimum nya sebesar 570 orang,"" Menurutnya, berat dan penempatan muatan menjadi penting untuk diperiksa karena dapat memengaruhi stabilitas kapal, terutama saat menghadapi gelombang besar. Bambang juga menyoroti informasi mengenai truk dengan muatan sangat berat. Ia menyebut jembatan timbang milik Pelindo yang sebelumnya berkapasitas 60 ton mengalami kerusakan hingga kapasitasnya dinaikkan menjadi 100 ton. ""Ini sangat membahayakan kondisi daripada kapal baik daya apung kapal yang terbatas sesuai dengan perhitungan maupun kekuatan konstruksi yang rata rata setiap exceload tidak lebih dari 15 ton,"" ungkapnya. Ia menilai penempatan muatan berat di dek kendaraan bagian atas juga perlu diperiksa karena dapat memengaruhi stabilitas kapal. ""Semua kondisi diatas yang harus mengetahui kemampuan daripada kapal adalah nahkoda. Jadi data kemampuan kapal baik daya apung maupun stabilitas harus disesuaikan dengan kondisi muatan yang akan naik kapal. Dan KNKT serta PNS harus meneliti secara maksimal,"" Kata BHS.  Simak juga Video 'Nakhoda KM Virgo Selamat, Kini Sedang Diperiksa':  [Gambas:Video 20detik]  ","['berat', 'tempat', 'muat', 'salah', 'aspek', 'evaluasi', 'celaka', 'km', 'virgo', 'transport', 'periksa', 'mampu', 'daya', 'apung', 'stabilitas', 'kapal', 'bawa', 'muat', 'anggota', 'dpr', 'ri', 'bambang', 'haryo', 'soekartono', 'sorot', 'unjung', 'posko', 'padu', 'celaka', 'km', 'virgo', 'transport', 'labuh', 'tanjung', 'perak', 'bambang', 'usia', 'kapal', 'satusatunya', 'dasar', 'sebab', 'celaka', 'km', 'virgo', 'transport', 'usia', 'kapal', 'km', 'virgo', 'transport', 'relatif', 'muda', 'kapal', 'ex', 'jepang', 'teknologi', 'plat', 'kapal', 'jepang', 'plat', 'high', 'tensile', 'kuat', 'tekuk', 'tekan', 'tarik', 'strength', 'kuat', 'nya', 'kapal', 'kapal', 'negara', 'negara', 'maju', 'eropa', 'kapal', 'kapal', 'ex', 'jepang', 'indonesia', 'usia', 'tua', 'kondisi', 'bagus', 'layak', 'kapal', 'sesuai', 'standar', 'kelas', 'hubung', 'laut', 'indonesia', 'bambang', 'terang', 'rabu', 'scroll', 'to', 'continue', 'with', 'content', 'bambang', 'komite', 'nasional', 'selamat', 'transportasi', 'knkt', 'sidik', 'pegawai', 'negeri', 'sipil', 'pns', 'periksa', 'muat', 'bawa', 'kapal', 'sesuai', 'mampu', 'kapal', 'serah', 'komisi', 'nasional', 'selamat', 'transportasi', 'knkt', 'pegawai', 'negeri', 'sipil', 'selidik', 'muat', 'angkut', 'kapal', 'kapal', 'mampu', 'angkut', 'muat', 'bhs', 'sisi', 'tumpang', 'bambang', 'sebut', 'orang', 'kapasitas', 'maksimum', 'kapal', 'capai', 'orang', 'sisi', 'tumpang', 'orang', 'kapasitas', 'maksimum', 'mana', 'batas', 'kapasitas', 'maksimum', 'nya', 'orang', 'turut', 'berat', 'tempat', 'muat', 'periksa', 'pengaruh', 'stabilitas', 'kapal', 'hadap', 'gelombang', 'bambang', 'sorot', 'informasi', 'truk', 'muat', 'berat', 'sebut', 'jembatan', 'timbang', 'milik', 'pelindo', 'kapasitas', 'ton', 'alami', 'rusa', 'kapasitas', 'naik', 'ton', 'bahaya', 'kondisi', 'kapal', 'daya', 'apung', 'kapal', 'batas', 'sesuai', 'hitung', 'kuat', 'konstruksi', 'exceload', 'ton', 'nilai', 'tempat', 'muat', 'berat', 'dek', 'kendara', 'periksa', 'pengaruh', 'stabilitas', 'kapal', 'kondisi', 'atas', 'mampu', 'kapal', 'nahkoda', 'data', 'mampu', 'kapal', 'daya', 'apung', 'stabilitas', 'sesuai', 'kondisi', 'muat', 'kapal', 'knkt', 'pns', 'teliti', 'maksimal', 'bhs', 'simak', 'video', 'nakhoda', 'km', 'virgo', 'selamat', 'periksa', 'gambasvideo', 'detik']",Finance
"Bursa saham Indonesia kembali berada di zona merah. Indeks Harga Saham Gabungan (IHSG) pada perdagangan Selasa (15/9) ditutup turun 1,13% ke level 6.534,69. Sejumlah saham masih mampu bergerak positif. BREN naik 1,29%, ANTM menguat 2,51%, sedangkan KLBF mencatat kenaikan 4,76%. Di sisi lain, tekanan terbesar datang dari BYAN yang anjlok 8,11%. BBRI turun 2,35% dan BBCA terkoreksi 1,54%. Investor asing juga mencatatkan aksi jual bersih. Nilai net sell asing mencapai Rp354,16 miliar di pasar reguler dan Rp349,28 miliar jika dihitung berdasarkan seluruh pasar. SCROLL TO CONTINUE WITH CONTENT Pergerakan negatif terjadi di sebagian besar sektor. Sebanyak delapan dari 11 sektor saham berakhir melemah. Sektor Industrial menjadi yang paling terkoreksi dengan penurunan 1,56%, sementara sektor Health menjadi satu-satunya kelompok dengan penguatan tertinggi sebesar 0,24%. Tekanan juga datang dari pasar global. Tiga indeks utama Wall Street kompak melemah. Dow Jones turun 0,63% ke 52.093, S&P 500 terkoreksi 0,45% ke 7.585, dan Nasdaq turun 0,78% ke 25.981. Saham BYAN kembali menjadi perhatian setelah turun 8,11% dan memberikan kontribusi negatif sebesar 14,67 poin terhadap IHSG. Penurunan tersebut terjadi setelah adanya force majeure pada tiga anak usaha terkait persetujuan RKAB 2026 yang belum terbit. Kondisi ini turut menjadi perhatian karena dapat berkaitan dengan volume produksi dan kinerja pendapatan perseroan. Sejalan dengan pergerakan IHSG, ETF EIDO turun 1,01%, sedangkan indeks MSCI Indonesia terkoreksi 1,61%. MNCN memperluas ekosistem bisnis medianya melalui kerja sama dengan Republik Media Anak Bangsa (RMAB) dan Sinergi Terang Abadi (STA). Kolaborasi tersebut mencakup pengembangan ekosistem berita dan olahraga yang menghubungkan berbagai kanal, mulai dari televisi, radio, platform digital hingga streaming. Sejumlah aset media MNCN masuk dalam kerja sama ini, termasuk iNews Media Group, iNews TV dan jaringan radio milik perseroan. Di kanal digital, ekosistem tersebut mencakup Okezone, iNews, Sindonews, News+ dan IDX Channel. Jika digabungkan, jaringan tersebut memiliki sekitar 72 juta followers dan subscribers dengan jumlah views mencapai sekitar 1,8 miliar per bulan. Penguatan ekosistem audiens menjadi salah satu langkah MNCN di tengah tekanan pada bisnis iklan. Pada semester I-2026, pendapatan perseroan tercatat Rp3,52 triliun, turun 13,59% dibandingkan Rp4,07 triliun pada semester I-2025. Penurunan tersebut terutama dipengaruhi oleh melemahnya pendapatan iklan. Namun, bisnis konten dan subscription masih mencatat pertumbuhan. Kondisi ini membuat pengembangan kanal digital dan pendapatan berulang menjadi bagian dari strategi MNCN dalam mengembangkan bisnis medianya. CMRY menambah penyertaan modal secara bertahap sebesar Rp125 miliar kepada anak usaha yang dikendalikannya, Macrosentra Niagaboga. Tambahan modal tersebut disiapkan untuk mendukung pengembangan pusat distribusi sekaligus memenuhi kebutuhan modal kerja perusahaan. Transaksi ini termasuk transaksi afiliasi yang dikecualikan berdasarkan POJK No. 42/POJK.04/2020. Pasalnya, Macrosentra Niagaboga merupakan perusahaan terkendali dengan kepemilikan saham sebesar 99,99% oleh CMRY. Perseroan menyatakan transaksi tersebut tidak menyebabkan perubahan pengendalian dan tidak memberikan dampak material terhadap kondisi keuangan, operasional maupun kelangsungan usaha CMRY. Ekspansi distribusi dilakukan ketika kinerja CMRY pada semester I-2026 masih mencatat pertumbuhan. Pendapatan perseroan mencapai Rp6,46 triliun, naik 25,50% secara tahunan dari Rp5,15 triliun pada semester I-2025. Laba bersih CMRY juga meningkat 17,88% secara tahunan menjadi Rp1,17 triliun dari sebelumnya Rp0,99 triliun. Penambahan modal ke lini distribusi menjadi bagian dari langkah perseroan memperluas jangkauan produk dan mendukung aktivitas operasional. DPUM menyiapkan belanja modal sebesar Rp100 miliar pada 2026. Rencana tersebut muncul setelah Rama Indonesia, bagian dari Unirama Group, menjadi pemegang saham pengendali baru DPUM melalui pengambilalihan 2,47 miliar saham. Bersamaan dengan rencana investasi tersebut, DPUM menargetkan EBITDA dapat meningkat rata-rata 7,75% per tahun sepanjang 2027-2030. Pergantian pengendali terjadi saat kinerja DPUM masih menghadapi tekanan. Pada semester I-2026, pendapatan perseroan tercatat Rp407,53 miliar, turun 29,47% dibandingkan Rp577,82 miliar pada periode yang sama tahun sebelumnya. DPUM juga membukukan kerugian Rp30,98 miliar setelah kegiatan usaha perseroan terdampak kebakaran. Dengan kondisi neraca yang masih tertekan, realisasi rencana pemulihan DPUM akan berkaitan dengan dukungan pengendali baru, penggunaan capex Rp100 miliar, serta penyelesaian klaim yang proseswrite-off-nya masih belum final. KLBF- Buy 755-765 | TP 780-790 | SL 720 ERAL- Buy 324-328 | TP 332-336 | SL 308 MAPI- Buy 1370-1380 | TP 1400-1420 | SL 1300 PGEO- Buy 1040-1055 | TP 1070-1080 | SL 1000 CMRY- Buy 4520-4540 | TP 4600-4640 | SL 4370 Disclaimer: Ingat, bahwa segala analisis dan rekomendasi saham dalam artikel ini bersifat informatif sekaligus bukan merupakan ajakan untuk membeli atau menjual saham tertentu.","['bursa', 'saham', 'indonesia', 'zona', 'merah', 'indeks', 'harga', 'saham', 'gabung', 'ihsg', 'dagang', 'selasa', 'tutup', 'turun', 'level', 'saham', 'gerak', 'positif', 'bren', 'antm', 'kuat', 'klbf', 'catat', 'naik', 'sisi', 'tekan', 'besar', 'byan', 'anjlok', 'bbri', 'turun', 'bbca', 'koreksi', 'investor', 'asing', 'catat', 'aksi', 'jual', 'bersih', 'nilai', 'net', 'sell', 'asing', 'capai', 'rp', 'miliar', 'pasar', 'reguler', 'rp', 'miliar', 'hitung', 'dasar', 'pasar', 'scroll', 'to', 'continue', 'with', 'content', 'gera', 'negatif', 'sektor', 'delapan', 'sektor', 'saham', 'lemah', 'sektor', 'industrial', 'koreksi', 'turun', 'sektor', 'health', 'satusatunya', 'kelompok', 'kuat', 'tinggi', 'tekan', 'pasar', 'global', 'indeks', 'utama', 'wall', 'street', 'kompak', 'lemah', 'dow', 'jones', 'turun', 'sp', 'koreksi', 'nasdaq', 'turun', 'saham', 'byan', 'perhati', 'turun', 'kontribusi', 'negatif', 'poin', 'ihsg', 'turun', 'force', 'majeure', 'anak', 'usaha', 'kait', 'tuju', 'rkab', 'terbit', 'kondisi', 'perhati', 'kait', 'volume', 'produksi', 'kerja', 'dapat', 'persero', 'jalan', 'gera', 'ihsg', 'etf', 'eido', 'turun', 'indeks', 'msci', 'indonesia', 'koreksi', 'mncn', 'luas', 'ekosistem', 'bisnis', 'media', 'kerja', 'republik', 'media', 'anak', 'bangsa', 'rmab', 'sinergi', 'terang', 'abadi', 'sta', 'kolaborasi', 'cakup', 'kembang', 'ekosistem', 'berita', 'olahraga', 'hubung', 'kanal', 'televisi', 'radio', 'platform', 'digital', 'streaming', 'aset', 'media', 'mncn', 'masuk', 'kerja', 'inews', 'media', 'group', 'inews', 'tv', 'jaring', 'radio', 'milik', 'persero', 'kanal', 'digital', 'ekosistem', 'cakup', 'okezone', 'inews', 'sindonews', 'news', 'idx', 'channel', 'gabung', 'jaring', 'milik', 'juta', 'followers', 'subscribers', 'views', 'capai', 'miliar', 'kuat', 'ekosistem', 'audiens', 'salah', 'langkah', 'mncn', 'tekan', 'bisnis', 'iklan', 'semester', 'i', 'dapat', 'persero', 'catat', 'rp', 'triliun', 'turun', 'banding', 'rp', 'triliun', 'semester', 'i', 'turun', 'pengaruh', 'lemah', 'dapat', 'iklan', 'bisnis', 'konten', 'subscription', 'catat', 'tumbuh', 'kondisi', 'kembang', 'kanal', 'digital', 'dapat', 'ulang', 'strategi', 'mncn', 'kembang', 'bisnis', 'media', 'cmry', 'tambah', 'serta', 'modal', 'tahap', 'rp', 'miliar', 'anak', 'usaha', 'kendali', 'macrosentra', 'niagaboga', 'tambah', 'modal', 'siap', 'dukung', 'kembang', 'pusat', 'distribusi', 'penuh', 'butuh', 'modal', 'kerja', 'usaha', 'transaksi', 'transaksi', 'afiliasi', 'kecuali', 'dasar', 'pojk', 'no', 'pojk', 'pasal', 'macrosentra', 'niagaboga', 'usaha', 'kendali', 'milik', 'saham', 'cmry', 'persero', 'transaksi', 'sebab', 'ubah', 'kendali', 'dampak', 'material', 'kondisi', 'uang', 'operasional', 'langsung', 'usaha', 'cmry', 'ekspansi', 'distribusi', 'kerja', 'cmry', 'semester', 'i', 'catat', 'tumbuh', 'dapat', 'persero', 'capai', 'rp', 'triliun', 'tahun', 'rp', 'triliun', 'semester', 'i', 'laba', 'bersih', 'cmry', 'tingkat', 'tahun', 'rp', 'triliun', 'rp', 'triliun', 'tambah', 'modal', 'lini', 'distribusi', 'langkah', 'persero', 'luas', 'jangkau', 'produk', 'dukung', 'aktivitas', 'operasional', 'dpum', 'belanja', 'modal', 'rp', 'miliar', 'rencana', 'muncul', 'rama', 'indonesia', 'unirama', 'group', 'pegang', 'saham', 'kendali', 'dpum', 'pengambilalihan', 'miliar', 'saham', 'sama', 'rencana', 'investasi', 'dpum', 'target', 'ebitda', 'tingkat', 'ratarata', 'ganti', 'kendali', 'kerja', 'dpum', 'hadap', 'tekan', 'semester', 'i', 'dapat', 'persero', 'catat', 'rp', 'miliar', 'turun', 'banding', 'rp', 'miliar', 'periode', 'dpum', 'buku', 'rugi', 'rp', 'miliar', 'giat', 'usaha', 'persero', 'dampak', 'bakar', 'kondisi', 'neraca', 'tekan', 'realisasi', 'rencana', 'pulih', 'dpum', 'kait', 'dukung', 'kendali', 'guna', 'capex', 'rp', 'miliar', 'selesai', 'klaim', 'proseswriteoffnya', 'final', 'klbf', 'buy', 'tp', 'sl', 'eral', 'buy', 'tp', 'sl', 'map', 'buy', 'tp', 'sl', 'pgeo', 'buy', 'tp', 'sl', 'cmry', 'buy', 'tp', 'sl', 'disclaimer', 'analisis', 'rekomendasi', 'saham', 'artikel', 'sifat', 'informatif', 'aja', 'beli', 'jual', 'saham']",Finance
"Himpunan Kawasan Industri Indonesia (HKI) menegaskan pemerintah perlu segera melakukan pembenahan terhadap regulasi, proses perizinan, dan birokrasi investasi. Hal ini menjadi faktor penting dalam menjaga kepercayaan investor terhadap Indonesia di tengah persaingan antarnegara yang semakin ketat. Ketua Umum HKI Akhmad Ma'ruf Maulana, mengatakan tantangan terbesar Indonesia saat ini bukan hanya bagaimana menarik investasi masuk, namun bagaimana cara memastikan investasi yang telah diperoleh dapat segera direalisasikan. ""Jangan sampai investasi sudah berhasil kita tarik masuk, tetapi justru tertahan oleh birokrasi kita sendiri, untuk itu kami meminta reformasi birokrasi benar-benar dijalankan"" ujar Akhmad dalam keterangan resminya, Rabu (16/9/2026). SCROLL TO CONTINUE WITH CONTENT Menurut HKI, birokrasi yang berbelit-belit, panjangnya proses perizinan, tumpang tindih regulasi, serta koordinasi yang belum efektif antara Kementerian/Lembaga dan pemerintah daerah merupakan hambatan bagi percepatan investasi.  ""Kondisi tersebut tidak dapat dipandang hanya sebagai persoalan administratif. Apabila tidak segera dibenahi, hambatan tersebut berpotensi menurunkan persepsi dan tingkat kepercayaan investor terhadap iklim investasi Indonesia"" terangnya. Pasalnya saat ini investor yang ingin masuk ke suatu negara sudah tidak lagi hanya mempertimbangkan besar pasar, sumber daya, maupun insentif yang ditawarkan. Namun, mereka juga melihat seberapa cepat investasi dapat direalisasikan, seberapa pasti regulasinya, dan seberapa efektif pemerintah menyelesaikan persoalan yang muncul dalam proses investasi. ""Dalam kompetisi investasi global, Indonesia tidak hanya bersaing dalam insentif, tetapi juga dalam kecepatan dan kepastian berusaha,"" jelas Akhmad. Dengan begitu Akhmad menegaskan bahwa kepastian dalam berinvestasi itu semakin penting karena investor memiliki banyak pilihan untuk menanamkan modal mereka di negara-negara lain yang menawarkan proses investasi lebih sederhana dan dapat diprediksi. ""Kepercayaan investor dibangun bukan hanya ketika kita menawarkan investasi, tetapi juga dari pengalaman mereka ketika mulai merealisasikan investasinya. Kalau perizinannya terlalu panjang, regulasinya tidak pasti, atau persoalan lintas instansi tidak kunjung mendapatkan keputusan, tentu ini akan memengaruhi persepsi investor terhadap Indonesia,"" katanya. Bersama dengan itu, HKI juga mencermati masih ada berbagai usulan pengembangan investasi strategis, termasuk Kawasan Ekonomi Khusus (KEK) dan Proyek Strategis Nasional (PSN), yang butuh kepastian dan percepatan penyelesaian. HKI memahami bahwa setiap usulan KEK, PSN maupun proyek investasi strategis harus memenuhi persyaratan dan melalui evaluasi yang ketat. ""Terhadap proyek yang telah memiliki investor nyata, komitmen investasi yang jelas, kesiapan pengembangan, serta potensi penciptaan lapangan kerja dan multiplier effect yang besar, pemerintah perlu menyediakan mekanisme penyelesaian yang lebih cepat dan terukur. Yang paling menyulitkan investasi adalah ketika prosesnya berjalan terlalu lama tanpa kepastian,"" tegas Akhmad. Atas kondisi tersebut, HKI mendorong pemerintah membentuk Tim Percepatan dan Pengawalan Investasi yang memiliki kewenangan kuat untuk mengawal investasi secara end-to-end, mulai dari masuknya komitmen investasi hingga proyek benarbenar terealisasi dan beroperasi. ""Tim tersebut tidak seharusnya hanya menjadi forum koordinasi tambahan, tetapi perlu memiliki mandat yang jelas untuk melakukan debottlenecking, menetapkan target waktu penyelesaian, mengkoordinasikan Kementerian/Lembaga dan pemerintah daerah, serta mendorong pengambilan keputusan ketika investasi terhambat oleh persoalan lintas sektor,"" pungkasnya.","['himpun', 'kawasan', 'industri', 'indonesia', 'hki', 'perintah', 'benah', 'regulasi', 'proses', 'izin', 'birokrasi', 'investasi', 'faktor', 'jaga', 'percaya', 'investor', 'indonesia', 'saing', 'antarnegara', 'ketat', 'ketua', 'hki', 'akhmad', 'maruf', 'maulana', 'tantang', 'besar', 'indonesia', 'tarik', 'investasi', 'masuk', 'investasi', 'oleh', 'realisasi', 'investasi', 'hasil', 'tarik', 'masuk', 'tahan', 'birokrasi', 'reformasi', 'birokrasi', 'benarbenar', 'jalan', 'akhmad', 'terang', 'resmi', 'rabu', 'scroll', 'to', 'continue', 'with', 'content', 'hki', 'birokrasi', 'berbelitbelit', 'panjang', 'proses', 'izin', 'tumpang', 'tindih', 'regulasi', 'koordinasi', 'efektif', 'kementerianlembaga', 'perintah', 'daerah', 'hambat', 'cepat', 'investasi', 'kondisi', 'pandang', 'administratif', 'benah', 'hambat', 'potensi', 'turun', 'persepsi', 'tingkat', 'percaya', 'investor', 'iklim', 'investasi', 'indonesia', 'terang', 'pasal', 'investor', 'masuk', 'negara', 'timbang', 'pasar', 'sumber', 'daya', 'insentif', 'tawar', 'cepat', 'investasi', 'realisasi', 'regulasi', 'efektif', 'perintah', 'selesai', 'muncul', 'proses', 'investasi', 'kompetisi', 'investasi', 'global', 'indonesia', 'saing', 'insentif', 'cepat', 'pasti', 'usaha', 'akhmad', 'akhmad', 'pasti', 'investasi', 'investor', 'milik', 'pilih', 'tanam', 'modal', 'negaranegara', 'tawar', 'proses', 'investasi', 'sederhana', 'prediksi', 'percaya', 'investor', 'bangun', 'tawar', 'investasi', 'alam', 'realisasi', 'investasi', 'izin', 'regulasi', 'lintas', 'instansi', 'kunjung', 'putus', 'pengaruh', 'persepsi', 'investor', 'indonesia', 'hki', 'cermat', 'usul', 'kembang', 'investasi', 'strategis', 'kawasan', 'ekonomi', 'khusus', 'kek', 'proyek', 'strategis', 'nasional', 'psn', 'butuh', 'pasti', 'cepat', 'selesai', 'hki', 'paham', 'usul', 'kek', 'psn', 'proyek', 'investasi', 'strategis', 'penuh', 'syarat', 'evaluasi', 'ketat', 'proyek', 'milik', 'investor', 'nyata', 'komitmen', 'investasi', 'kesiap', 'kembang', 'potensi', 'cipta', 'lapang', 'kerja', 'multiplier', 'effect', 'perintah', 'sedia', 'mekanisme', 'selesai', 'cepat', 'ukur', 'sulit', 'investasi', 'proses', 'jalan', 'pasti', 'akhmad', 'kondisi', 'hki', 'dorong', 'perintah', 'bentuk', 'tim', 'cepat', 'awal', 'investasi', 'milik', 'wenang', 'kuat', 'awal', 'investasi', 'endtoend', 'masuk', 'komitmen', 'investasi', 'proyek', 'benarbenar', 'realisasi', 'operasi', 'tim', 'forum', 'koordinasi', 'tambah', 'milik', 'mandat', 'debottlenecking', 'tetap', 'target', 'selesai', 'koordinasi', 'kementerianlembaga', 'perintah', 'daerah', 'dorong', 'ambil', 'putus', 'investasi', 'hambat', 'lintas', 'sektor', 'pungkas']",Finance
"Mantan Menteri Keuangan Purbaya Yudhi Sadewa menegaskan seluruh urusan yang berkaitan dengan kesepakatan peralihan (handover) serta penanganan utang proyek Kereta Cepat Jakarta-Bandung Whoosh kini sepenuhnya diserahkan kepada Bendahara Negara yang baru, Suahasil Nazara. Purbaya menyatakan dengan pencopotannya, seluruh rangkaian rencana yang sempat ia rancang terkait peralihan utang Whoosh ke Kementerian Keuangan otomatis menjadi tanggung jawab Suahasil selaku Menkeu selanjutnya. ""Nanti tergantung menteri yang baru lah,"" ujar Purbaya saat ditemui awak media usai acara serah terima jabatan Menkeu kepada Suahasil di Kantor Kemenkeu, Jakarta Pusat, Selasa (15/9/2026) kemarin. SCROLL TO CONTINUE WITH CONTENT Purbaya pun mengaku lega setelah tak lagi menjabat sebagai Menteri Keuangan. Terlebih, beban utang yang harus ia pikirkan begitu besar. Cicilan utang Whoosh sendiri sekitar Rp 1 triliun per tahun untuk tenor hingga 80 tahun setelah melalui proses restrukturisasi dan peralihan pembayaran dari Danantara ke Kemenkeu.  ""Kan gue bukan Menteri Keuangannya. Alhamdulillah selamat gue,"" ujarnya. Ketika ditanya apakah dengan melepaskan beban pikiran itu membuat dirinya kini bisa tidur nyenyak, Purbaya justru bercanda soal usianya. ""Nggak. Umur saya nggak sampe 80 tahun, 10 tahun lagi udah syukur kalau bisa. Jadi kita doa aja, doa terus. Makasih ya,"" ujarnya. Untuk diketahui, saat masih menjabat sebagai Menkeu, Purbaya menyampaikan bahwa pemerintah telah merestrukturisasi utang proyek kereta cepat Jakarta-Bandung atau Whoosh dengan tenor pembayaran hingga 80 tahun. Skema tersebut membuat cicilan utang diperkirakan sekitar Rp 1 triliun per tahun. Kala itu pun dirinya juga sempat bergurau bisa lebih dulu meninggal sebelum kewajiban pembayaran cicilan itu rampung diselesaikan. ""Berarti kan total utang besar, tapi di-stretch 80 tahun sudah direstrukturisasi. Cicilannya Rp 1 triliun atau sedikit di bawah Rp 1 triliun dari tahun ke tahun. Ada yang tinggi, ada yang rendah, tapi kalau kita lihat 'oh masih bisa lah'. (Tenor cicilan) 80 tahun saya dengar kemarin, makanya hebat juga tuh. Iya kita sudah mati, santai saja,"" ujar Purbaya disusul tawa di kawasan Sunter, Jakarta Utara, Selasa (8/9). Purbaya menjelaskan, pengelolaan utang Whoosh akan dialihkan dari Badan Pengelola Investasi (BPI) Daya Anagata Nusantara (Danantara) ke Kementerian Keuangan (Kemenkeu) pada 15 September. Nantinya utang Whoosh akan dibayarkan oleh Special Mission Vehicle (SMV) atau Indonesia Investment Authority (INA). ""Ada kemungkinan, mungkin kita pakai SMV atau INA,"" jelasnya.  Menurutnya, kewajiban utang ini tidak begitu besar sehingga bisa ditangani oleh satu entitas SMV di bawah Kementerian Keuangan. Ia juga memastikan kebutuhan anggaran untuk membayar kewajiban tersebut tersedia. ""Jadi gini, saya cuma lihat bebannya setiap tahun seperti apa sih, saya lihat setiap tahun saya lihat, 'oh kalau segini saja cukup lah ditangani oleh satu SMV'. Satu perusahaan SMV di bawah Departemen Keuangan, atau dua, tapi uangnya cukup lebih,"" pungkasnya.  Simak juga Video 'Nasib Pengalihan Utang Whoosh ke Kemenkeu Usai Suahasil Gantikan Purbaya':  [Gambas:Video 20detik]  ","['mantan', 'menteri', 'uang', 'purbaya', 'yudhi', 'sadewa', 'urus', 'kait', 'sepakat', 'alih', 'handover', 'tangan', 'utang', 'proyek', 'kereta', 'cepat', 'jakartabandung', 'whoosh', 'sepenuh', 'serah', 'bendahara', 'negara', 'suahasil', 'nazara', 'purbaya', 'copot', 'rangkai', 'rencana', 'rancang', 'kait', 'alih', 'utang', 'whoosh', 'menteri', 'uang', 'otomatis', 'tanggung', 'suahasil', 'menkeu', 'gantung', 'menteri', 'purbaya', 'temu', 'awak', 'media', 'acara', 'serah', 'terima', 'jabat', 'menkeu', 'suahasil', 'kantor', 'kemenkeu', 'jakarta', 'pusat', 'selasa', 'kemarin', 'scroll', 'to', 'continue', 'with', 'content', 'purbaya', 'aku', 'lega', 'jabat', 'menteri', 'uang', 'beban', 'utang', 'pikir', 'cicil', 'utang', 'whoosh', 'rp', 'triliun', 'tenor', 'proses', 'restrukturisasi', 'alih', 'bayar', 'danantara', 'kemenkeu', 'gue', 'menteri', 'uang', 'alhamdulillah', 'selamat', 'gue', 'lepas', 'beban', 'pikir', 'tidur', 'nyenyak', 'purbaya', 'canda', 'usia', 'nggak', 'umur', 'nggak', 'sampe', 'udah', 'syukur', 'doa', 'aja', 'doa', 'makasih', 'ya', 'jabat', 'menkeu', 'purbaya', 'perintah', 'restrukturisasi', 'utang', 'proyek', 'kereta', 'cepat', 'jakartabandung', 'whoosh', 'tenor', 'bayar', 'skema', 'cicil', 'utang', 'rp', 'triliun', 'gurau', 'tinggal', 'wajib', 'bayar', 'cicil', 'rampung', 'selesai', 'total', 'utang', 'distretch', 'restrukturisasi', 'cicil', 'rp', 'triliun', 'rp', 'triliun', 'rendah', 'lihat', 'oh', 'tenor', 'cicil', 'dengar', 'kemarin', 'hebat', 'tuh', 'iya', 'mati', 'santai', 'purbaya', 'susul', 'tawa', 'kawasan', 'sunter', 'jakarta', 'utara', 'selasa', 'purbaya', 'kelola', 'utang', 'whoosh', 'alih', 'badan', 'kelola', 'investasi', 'bpi', 'daya', 'anagata', 'nusantara', 'danantara', 'menteri', 'uang', 'kemenkeu', 'september', 'utang', 'whoosh', 'bayar', 'special', 'mission', 'vehicle', 'smv', 'indonesia', 'investment', 'authority', 'ina', 'pakai', 'smv', 'ina', 'turut', 'wajib', 'utang', 'tangan', 'entitas', 'smv', 'menteri', 'uang', 'butuh', 'anggar', 'bayar', 'wajib', 'sedia', 'gin', 'lihat', 'beban', 'sih', 'lihat', 'lihat', 'oh', 'gin', 'tangan', 'smv', 'usaha', 'smv', 'departemen', 'uang', 'uang', 'pungkas', 'simak', 'video', 'nasib', 'alih', 'utang', 'whoosh', 'kemenkeu', 'suahasil', 'ganti', 'purbaya', 'gambasvideo', 'detik']",Finance
"Harga minyak mentah dunia terus memanas sepanjang perdagangan Selasa (15/9) kemarin imbas laporan pembatalan ekspor Arab Saudi, setelah serangan drone memaksa penutupan jalur pipa pengiriman minyak utamanya. Melansir CNBC, Rabu (16/9/2026), harga minyak mentah Brent berjangka yang kerap menjadi patokan global naik 2,9% jadi US$ 108,75 per barel pada sesi perdagangan kemarin. Sementara harga minyak West Texas Intermediate (WTI) melonjak hingga 4,4% menjadi US$ 105.83 per barel. Secara keseluruhan, harga minyak dunia ini tercatat melonjak lebih dari 20% dalam satu bulan terakhir seiring meningkatnya intensitas pertempuran di kawasan Teluk Persia. SCROLL TO CONTINUE WITH CONTENT  Sementara lonjakan harga selama perdagangan Selasa (14/9) terjadi setelah sumber-sumber pasar mengatakan bahwa Arab Saudi telah memberitahu pelanggan mereka di Eropa mengenai pembatalan sebagian pengiriman minyak mentah untuk bulan September. Pembatalan pengiriman ini utamanya memang disebabkan oleh penutupan pipa Timur-Barat (East-West pipeline) yang kini menjadi jalur utama pengiriman ekspor minyak Arab Saudi pasca penutupan Selat Hormuz dengan kapasitas angkut hingga 7 juta barel per hari. ""Serangan terhadap infrastruktur minyak menandai eskalasi konflik yang signifikan dan meningkatkan kemungkinan terjadinya skenario kenaikan harga, di mana harga minyak Brent melampaui US$ 120 per barel,"" kata Yulia Zhestkova Grigsby, ahli strategi komoditas senior di Goldman Sachs. Pihak Arab Saudi menyebut penutupan pipa tersebut sebagai langkah pencegahan. Namun sampai saat ini belum memberikan keterangan terkait nilai kerusakan ataupun perkiraan mengenai berapa lama gangguan operasional itu akan berlangsung. Meski di sisi lain, Menteri Energi Amerika Serikat (AS) Chris Wright mengatakan bahwa penghentian operasional jalur pipa tersebut diperkirakan hanya sementara dan akan kembali normal dalam beberapa hari. ""Ini akan menjadi gangguan singkat dan sementara,"" kata Wright kepada CNBC. Di luar gangguan ekspor minyak Saudi, peningkatan harga komoditas energi yang satu ini turut didorong oleh penutupan operasi perusahaan minyak nasional Libya di dua ladang minyak dan sebuah stasiun pompa di tengah aksi protes. Di sisi lain, milisi Houthi yang didukung Iran di Yaman melancarkan terus serangan baru terhadap Arab Saudi pekan ini. Menurut juru bicara koalisi militer pimpinan Arab Saudi di Yaman, milisi tersebut meluncurkan drone dan rudal balistik ke arah kota Khamis Mushait, Abha, dan Taif. Kemudian situasi keamanan di Selat Hormuz juga masih tidak stabil. Setidaknya dua kapal tanker telah diserang sejak hari Sabtu (12/9), berdasarkan laporan insiden dari Pusat Operasi Perdagangan Maritim Inggris (UKMTO).  Simak juga Video 'Wapres AS: Harga Minyak Tinggi karena Iran Tembaki Kapal di Selat Hormuz':  [Gambas:Video 20detik] ","['harga', 'minyak', 'mentah', 'dunia', 'panas', 'dagang', 'selasa', 'kemarin', 'imbas', 'lapor', 'batal', 'ekspor', 'arab', 'saudi', 'serang', 'drone', 'paksa', 'tutup', 'jalur', 'pipa', 'kirim', 'minyak', 'utama', 'lansir', 'cnbc', 'rabu', 'harga', 'minyak', 'mentah', 'brent', 'jangka', 'kerap', 'patok', 'global', 'us', 'barel', 'sesi', 'dagang', 'kemarin', 'harga', 'minyak', 'west', 'texas', 'intermediate', 'wti', 'lonjak', 'us', 'barel', 'harga', 'minyak', 'dunia', 'catat', 'lonjak', 'iring', 'tingkat', 'intensitas', 'tempur', 'kawasan', 'teluk', 'sia', 'scroll', 'to', 'continue', 'with', 'content', 'lonjak', 'harga', 'dagang', 'selasa', 'sumbersumber', 'pasar', 'arab', 'saudi', 'memberitahu', 'langgan', 'eropa', 'batal', 'kirim', 'minyak', 'mentah', 'september', 'batal', 'kirim', 'utama', 'sebab', 'tutup', 'pipa', 'timurbarat', 'eastwest', 'pipeline', 'jalur', 'utama', 'kirim', 'ekspor', 'minyak', 'arab', 'saudi', 'pasca', 'tutup', 'selat', 'hormuz', 'kapasitas', 'angkut', 'juta', 'barel', 'serang', 'infrastruktur', 'minyak', 'tanda', 'eskalasi', 'konflik', 'signifikan', 'tingkat', 'skenario', 'naik', 'harga', 'harga', 'minyak', 'brent', 'lampau', 'us', 'barel', 'yulia', 'zhestkova', 'grigsby', 'ahli', 'strategi', 'komoditas', 'senior', 'goldman', 'sachs', 'arab', 'saudi', 'sebut', 'tutup', 'pipa', 'langkah', 'cegah', 'terang', 'kait', 'nilai', 'rusa', 'kira', 'ganggu', 'operasional', 'sisi', 'menteri', 'energi', 'amerika', 'serikat', 'as', 'chris', 'wright', 'henti', 'operasional', 'jalur', 'pipa', 'normal', 'ganggu', 'singkat', 'wright', 'cnbc', 'ganggu', 'ekspor', 'minyak', 'saudi', 'tingkat', 'harga', 'komoditas', 'energi', 'dorong', 'tutup', 'operasi', 'usaha', 'minyak', 'nasional', 'libya', 'ladang', 'minyak', 'stasiun', 'pompa', 'aksi', 'protes', 'sisi', 'milisi', 'houthi', 'dukung', 'iran', 'yaman', 'lancar', 'serang', 'arab', 'saudi', 'pekan', 'juru', 'bicara', 'koalisi', 'militer', 'pimpin', 'arab', 'saudi', 'yaman', 'milisi', 'luncur', 'drone', 'rudal', 'balistik', 'arah', 'kota', 'khamis', 'mushait', 'abha', 'taif', 'situasi', 'aman', 'selat', 'hormuz', 'stabil', 'kapal', 'tanker', 'serang', 'sabtu', 'dasar', 'lapor', 'insiden', 'pusat', 'operasi', 'dagang', 'maritim', 'inggris', 'ukmto', 'simak', 'video', 'wapres', 'as', 'harga', 'minyak', 'iran', 'tembak', 'kapal', 'selat', 'hormuz', 'gambasvideo', 'detik']",Finance
"Posisi Menteri Keuangan baru saja dirombak Presiden Prabowo Subianto. Suahasil Nazara menggantikan posisi Purbaya Yudhi Sadewa sebagai Bendahara Negara. Ketua Umum Asosiasi Pengusaha Indonesia (Apindo) Shinta Kamdani mengatakan, pihaknya akan menerima perubahan yang terjadi karena ini merupakan bagian dari kewenangan dan hak prerogatif Presiden Prabowo Subianto dalam memastikan efektivitas pemerintahan. Dia mengatakan yang paling penting dari pergantian Menteri Keuangan jangan sampai transisi kepemimpinan mengganggu pengelolaan fiskal hingga kepercayaan pelaku usaha dan investor. SCROLL TO CONTINUE WITH CONTENT ""Yang paling penting bagi kami adalah agar proses transisi kepemimpinan ini dapat berjalan dengan baik serta tetap menjaga kredibilitas pengelolaan fiskal, kepastian arah kebijakan, dan kepercayaan pelaku usaha maupun investor terhadap perekonomian Indonesia,"" ujar Shinta saat dihubungidetikcom, Selasa (15/9/2026).  Sosok Suahasil Nazara, dinilai Shinta bukan merupakan figur yang baru hadir dalam pengelolaan kebijakan fiskal nasional. Pengalamannya yang panjang di Kementerian Keuangan, baik sebagai Wakil Menteri Keuangan maupun sebelumnya di Badan Kebijakan Fiskal, memberikan kontinuitas dan pemahaman institusional yang penting. ""Dalam situasi ekonomi yang penuh ketidakpastian seperti sekarang, kontinuitas tersebut kami harapkan dapat membantu menjaga agar transisi kepemimpinan tidak menimbulkan perubahan arah kebijakan yang terlalu mendadak,"" ujar Shinta. Ke depan, dunia usaha berharap Kementerian Keuangan tetap mampu menjaga keseimbangan antara kesehatan dan kredibilitas fiskal dengan kebutuhan untuk mendukung pertumbuhan ekonomi. ""APBN perlu tetap dikelola secara prudent dan berkelanjutan, tetapi pada saat yang sama juga harus efektif sebagai instrumen untuk menjaga daya beli, mendorong investasi, meningkatkan produktivitas, dan memperkuat sektor riil,"" sebut Shinta.  Bagi pelaku usaha, prediktabilitas juga menjadi sangat penting, terutama terkait kebijakan perpajakan, kepabeanan, insentif investasi, belanja pemerintah, serta berbagai kebijakan fiskal yang berdampak langsung terhadap biaya dan keputusan bisnis. Pihaknya berharap setiap perubahan kebijakan dilakukan secara terukur, dengan komunikasi yang baik dan ruang dialog yang memadai dengan dunia usaha, sehingga perusahaan memiliki kepastian dalam melakukan perencanaan investasi dan ekspansi. Tantangan Menteri Keuangan ke depan tentu tidak ringan karena pemerintah perlu membiayai berbagai prioritas pembangunan sekaligus menjaga ruang fiskal dan kredibilitas APBN di tengah ketidakpastian global. Oleh karena itu, kualitas belanja, efektivitas penerimaan negara, disiplin fiskal, serta kemampuan menjaga kepercayaan pasar menjadi sama pentingnya. ""Dunia usaha juga berharap kebijakan penerimaan tidak semata-mata berorientasi pada peningkatan penerimaan dalam jangka pendek, tetapi tetap mempertimbangkan daya saing dan kemampuan sektor produktif untuk tumbuh,"" kata Shinta. Shinta juga meminta agar Suahasil meneruskan salah satu program Purbaya. Program yang dimaksudkan adalah Satuan Tugas Percepatan Program Strategis Pemerintah (Satgas P2SP). Dia menilai program tersebut dapat berlanjut karena sejauh ini Kemenkeu sudah ditunjuk memimpin Satgas tersebut. ""Ya kami harapkan program tersebut akan terus berlanjut. Karena kemenkeu sebagai institusi telah ditunjuk untuk memimpin satgas debottlenecking pemerintah,"" ujar Shinta. Sejak 16 Desember 2025, Kanal Debottlenecking Satgas P2SP diluncurkan pemerintah, Purbaya kala itu memimpin langsung Satgas tersebut. Kanal ini dirancang untuk menjadi saluran resmi bagi pelaku usaha dalam menyampaikan kendala yang dihadapi, sekaligus memastikan tindak lanjut cepat dari Pemerintah dan Kementerian/Lembaga (K/L) terkait. Penyelesaian masalah dan kendala yang diadukan pengusaha dilakukan Purbaya dalam bentuk sidang terbuka. Perwakilan pengusaha diundang dalam sidang dan beberapa perwakilan kementerian lain yang dinilai menghambat pengusaha juga dihadirkan. Sidang perdana yang dilakukan Purbaya untuk Satgas Debottlenecking adalah pada 23 Desember 2025. Selama Purbaya menjabat ada sekitar belasan sidang yang dilakukan untuk menyelesaikan masalah para pengusaha. Beberapa kasus besar juga pernah disidangkan, salah satunya adalah mangkraknya proyek Gas Abadi Masela yang mandek hampir 20 tahun lamanya. Sidang dilakukan pada Februari 2026 lalu, dan ada groundbreaking proyek pada Juli 2026.  Simak juga Video 'Blak-blakan Purbaya soal Alasan Dicopot':  [Gambas:Video 20detik]  ","['posisi', 'menteri', 'uang', 'rombak', 'presiden', 'prabowo', 'subianto', 'suahasil', 'nazara', 'ganti', 'posisi', 'purbaya', 'yudhi', 'sadewa', 'bendahara', 'negara', 'ketua', 'asosiasi', 'usaha', 'indonesia', 'apindo', 'shinta', 'kamdani', 'terima', 'ubah', 'wenang', 'hak', 'prerogatif', 'presiden', 'prabowo', 'subianto', 'efektivitas', 'perintah', 'ganti', 'menteri', 'uang', 'transisi', 'pimpin', 'ganggu', 'kelola', 'fiskal', 'percaya', 'laku', 'usaha', 'investor', 'scroll', 'to', 'continue', 'with', 'content', 'proses', 'transisi', 'pimpin', 'jalan', 'jaga', 'kredibilitas', 'kelola', 'fiskal', 'pasti', 'arah', 'bijak', 'percaya', 'laku', 'usaha', 'investor', 'ekonomi', 'indonesia', 'shinta', 'dihubungidetikcom', 'selasa', 'sosok', 'suahasil', 'nazara', 'nilai', 'shinta', 'figur', 'hadir', 'kelola', 'bijak', 'fiskal', 'nasional', 'alam', 'menteri', 'uang', 'wakil', 'menteri', 'uang', 'badan', 'bijak', 'fiskal', 'kontinuitas', 'paham', 'institusional', 'situasi', 'ekonomi', 'penuh', 'ketidakpastian', 'kontinuitas', 'harap', 'bantu', 'jaga', 'transisi', 'pimpin', 'timbul', 'ubah', 'arah', 'bijak', 'dadak', 'shinta', 'dunia', 'usaha', 'harap', 'menteri', 'uang', 'jaga', 'imbang', 'sehat', 'kredibilitas', 'fiskal', 'butuh', 'dukung', 'tumbuh', 'ekonomi', 'apbn', 'kelola', 'prudent', 'lanjut', 'efektif', 'instrumen', 'jaga', 'daya', 'beli', 'dorong', 'investasi', 'tingkat', 'produktivitas', 'kuat', 'sektor', 'riil', 'shinta', 'laku', 'usaha', 'prediktabilitas', 'kait', 'bijak', 'paja', 'pabean', 'insentif', 'investasi', 'belanja', 'perintah', 'bijak', 'fiskal', 'dampak', 'langsung', 'biaya', 'putus', 'bisnis', 'harap', 'ubah', 'bijak', 'ukur', 'komunikasi', 'ruang', 'dialog', 'pada', 'dunia', 'usaha', 'usaha', 'milik', 'pasti', 'rencana', 'investasi', 'ekspansi', 'tantang', 'menteri', 'uang', 'ringan', 'perintah', 'biaya', 'prioritas', 'bangun', 'jaga', 'ruang', 'fiskal', 'kredibilitas', 'apbn', 'ketidakpastian', 'global', 'kualitas', 'belanja', 'efektivitas', 'terima', 'negara', 'disiplin', 'fiskal', 'mampu', 'jaga', 'percaya', 'pasar', 'dunia', 'usaha', 'harap', 'bijak', 'terima', 'sematamata', 'orientasi', 'tingkat', 'terima', 'jangka', 'pendek', 'timbang', 'daya', 'saing', 'mampu', 'sektor', 'produktif', 'tumbuh', 'shinta', 'shinta', 'suahasil', 'terus', 'salah', 'program', 'purbaya', 'program', 'satu', 'tugas', 'cepat', 'program', 'strategis', 'perintah', 'satgas', 'psp', 'nilai', 'program', 'lanjut', 'kemenkeu', 'pimpin', 'satgas', 'ya', 'harap', 'program', 'lanjut', 'kemenkeu', 'institusi', 'pimpin', 'satgas', 'debottlenecking', 'perintah', 'shinta', 'desember', 'kanal', 'debottlenecking', 'satgas', 'psp', 'luncur', 'perintah', 'purbaya', 'pimpin', 'langsung', 'satgas', 'kanal', 'rancang', 'salur', 'resmi', 'laku', 'usaha', 'kendala', 'hadap', 'tindak', 'cepat', 'perintah', 'kementerianlembaga', 'kl', 'kait', 'selesai', 'kendala', 'adu', 'usaha', 'purbaya', 'bentuk', 'sidang', 'buka', 'wakil', 'usaha', 'undang', 'sidang', 'wakil', 'menteri', 'nilai', 'hambat', 'usaha', 'hadir', 'sidang', 'perdana', 'purbaya', 'satgas', 'debottlenecking', 'desember', 'purbaya', 'jabat', 'bas', 'sidang', 'selesai', 'usaha', 'sidang', 'salah', 'satu', 'mangkraknya', 'proyek', 'gas', 'abadi', 'masela', 'mandek', 'sidang', 'februari', 'groundbreaking', 'proyek', 'juli', 'simak', 'video', 'blakblakan', 'purbaya', 'alas', 'copot', 'gambasvideo', 'detik']",Finance
"Purbaya Yudhi Sadewa mengaku sudah memperkirakan pemecatan dirinya sebagai Menteri Keuangan akan tiba. Ia menyebut kans atau peluang dirinya terkena reshuffle adalah 50:50. Namun, ia menegaskan dirinya baru mengetahui benar-benar diberhentikan dari kursi Bendahara Negara saat menerima panggilan telepon dari di tengah rapat bersama DPD RI Senin (14/9) siang. ""Ya kita sudah hitung-hitung (kena reshuffle), kira-kira 50-50 lah. Tapi baru tahunya waktu itu,"" ujar Purbaya kepada wartawan usai serah terima jabatan SCROLL TO CONTINUE WITH CONTENT  Purbaya mengatakan perkiraan dirinya terkena reshuffle dan keluar dari anggota kabinet bukan didasarkan pada perasaan semata. Namun ada perhitungan tertentu yang membuatnya melihat kemungkinan tersebut ""Itu feeling-nya nggak ada, cuman ada hitungan saya, ada sesuatu yang mungkin 50-50 kansnya,"" katanya. Saat ditanya mengenai dasar hitungan itu muncul, Purbaya enggan menjelaskan lebih jauh. Ia hanya menyebut keputusan untuk reshuffle jajaran Meneteri merupakan hak prerogatif Presiden Prabowo Subianto. ""Nggak tahu, mesti nanya Pak Presiden itu. Tapi kan bisa lihat dari omongannya, oh 50-50, ya sudah,"" ujarnya. Lebih lanjut, Purbaya mengatakan ingin memancing di belakang rumahnya setelah tak menjabat sebagai Bendahara Negara. Hal ini disampaikannya setiap kali ditanya terkait rencananya ke depan. ""Habis ini mau pulang, mancing di belakang rumah,"" ujarnya. Purbaya mengatakan di halaman belakang rumahnya ada kolam berisikan banyak ikan. Dengan nada sedikit bergurau, sembari memancing ia akan merenung kenapa dirinya bisa 'dipecat' oleh Presiden Prabowo Subianto sebagai Menkeu. ""Gue punya kolam di belakang, ya bisa mancing belakang rumah sambil ngelamun 'kenapa dipecat?', gitu"" ujarnya sembari tertawa Saat ditanya apakah dirinya akan menduduki posisi di Kementerian/Lembaga lain atau malah disiapkan posisi sebagai Menteri di bidang lain, Purbaya dengan tegas mengatakan tidak. ""Nggak lah. Baru dipecat, masa jadi menteri lagi. Gimana lo?"" ucapnya sembari menegaskan bahwa dirinya sudah tidak berminat sama sekali untuk jadi pejabat negara.  Simak juga Video 'Blak-blakan Purbaya soal Alasan Dicopot':  [Gambas:Video 20detik]  ","['purbaya', 'yudhi', 'sadewa', 'aku', 'pecat', 'menteri', 'uang', 'sebut', 'kans', 'peluang', 'kena', 'reshuffle', 'benarbenar', 'henti', 'kursi', 'bendahara', 'negara', 'terima', 'panggil', 'telepon', 'rapat', 'dpd', 'ri', 'senin', 'siang', 'ya', 'hitunghitung', 'kena', 'reshuffle', 'kirakira', 'tahu', 'purbaya', 'wartawan', 'serah', 'terima', 'jabat', 'scroll', 'to', 'continue', 'with', 'content', 'purbaya', 'kira', 'kena', 'reshuffle', 'anggota', 'kabinet', 'dasar', 'asa', 'hitung', 'buat', 'feelingnya', 'nggak', 'cuman', 'hitung', 'kans', 'dasar', 'hitung', 'muncul', 'purbaya', 'enggan', 'sebut', 'putus', 'reshuffle', 'jajar', 'teter', 'hak', 'prerogatif', 'presiden', 'prabowo', 'subianto', 'nggak', 'mesti', 'nanya', 'presiden', 'lihat', 'omong', 'oh', 'ya', 'purbaya', 'pancing', 'rumah', 'jabat', 'bendahara', 'negara', 'sampai', 'kali', 'kait', 'rencana', 'habis', 'pulang', 'mancing', 'rumah', 'purbaya', 'halaman', 'rumah', 'kolam', 'risi', 'ikan', 'nada', 'gurau', 'sembari', 'pancing', 'renung', 'pecat', 'presiden', 'prabowo', 'subianto', 'menkeu', 'gue', 'kolam', 'ya', 'mancing', 'rumah', 'ngelamun', 'pecat', 'gitu', 'sembari', 'tertawa', 'duduk', 'posisi', 'kementerianlembaga', 'siap', 'posisi', 'menteri', 'bidang', 'purbaya', 'nggak', 'pecat', 'menteri', 'gimana', 'lo', 'sembari', 'minat', 'jabat', 'negara', 'simak', 'video', 'blakblakan', 'purbaya', 'alas', 'copot', 'gambasvideo', 'detik']",Finance
"Menteri Pertanian (Mentan) Andi Amran Sulaiman membongkar peredaran beras fortifikasi yang diduga tidak sesuai dengan klaim pada kemasan. Potensi kerugian yang ditimbulkan dari praktik tersebut diperkirakan mencapai puluhan triliun rupiah. Dalam paparannya, Amran turut menunjukkan sejumlah merek beras fortifikasi yang masuk dalam pemeriksaan. Berdasarkan pantauan detikcom, beberapa nama yang ditampilkan antara lain Sumo, Rojolele, hingga Idola. Hasil pemeriksaan menunjukkan 25 dari total 27 merek beras fortifikasi dinyatakan tidak memenuhi syarat, sedangkan dua merek lainnya memenuhi ketentuan. Ketidaksesuaian tersebut berkaitan dengan kandungan gizi pada beras yang ditemukan tidak sesuai dengan klaim produsen. SCROLL TO CONTINUE WITH CONTENT  Amran juga menyoroti harga beras fortifikasi yang mencapai Rp 57.000 per kilogram (kg). Padahal, berdasarkan perhitungannya, harga beras tersebut seharusnya sekitar Rp 13.000/kg, sementara tambahan biaya untuk proses fortifikasi diperkirakan hanya Rp 1.000. ""Beras fortifikasi dijual tertinggi Rp 57.000. Mana bisa orang miskin membeli harga Rp 57.000? Padahal begitu dicek, seharusnya harganya Rp 13.000. Karena vitamin tadi yang disyaratkan di labelnya itu tidak sesuai. Ini diduga ya, penipuan selisih Rp 44.000 per kilo, yang tertinggi ya,"" kata Amran dalam konferensi pers di kantor Kementan, Jakarta Selatan, Selasa (15/9/2026). Amran menilai kondisi tersebut membuat beras fortifikasi tidak lagi tepat sasaran. Ia pun menaksir nilai dugaan praktik penipuan terkait beras fortifikasi mencapai Rp 89 triliun. ""Ini sudah tidak tepat sasaran. Kemudian saat ini juga ada praktek penipuan terhadap beras fortifikasi, nilainya ini estimasi ya, Rp 89 triliun. Sesuai data BPS, 39% beras yang beredar premium dan fortifikasi. Sekarang premium hilang, menjelma menjadi fortifikasi,"" tuturnya. Rata-rata harga jual dari beras tersebut adalah Rp 23.385 per kilogram, sementara harga wajarnya adalah Rp 13.689. Artinya rata-rata selisih diduga penipuan mencapai Rp 9.695 per kilogram. Dalam paparannya, Amran mencantumkan 25 merek beras fortifikasi diduga melakukan penipuan. Berikut daftar lengkapnya: 1. Idola Fortifikasi2. Idola High Quality Whole Grain Rice3. Idola Long Grain Rice4. Ikan Mas Cupang5. AAA Wijaya Kusuma6. Cantik Manis7. Penari Bangkok8. Topi Koki Short Grain9. Topi Koki Setra Royale10. Topi Koki Long Grain Crystal11. HOK-1 Gohan12. Maknyuss Pulen Gizi13. Anak Raja Fortifikasi14. Anak Raja Nusantara15. Top Anak Raja16. PMS Induk Ayam17. Sumo18. Rasvit19. FS Nutri Rice20. Pelikan21. Rice Rojolele22. Super Kepala Beras Premium 11123. 111 Golden Number24. Putri Koki25. Wellfarm Beras Diabet  Simak Video 'Mentan Ungkap 25 Merek Beras Fortifikasi Diduga Abal-abal':  [Gambas:Video 20detik]  ","['menteri', 'tani', 'tan', 'andi', 'amran', 'sulaiman', 'bongkar', 'edar', 'beras', 'fortifikasi', 'duga', 'sesuai', 'klaim', 'kemas', 'potensi', 'rugi', 'timbul', 'praktik', 'capai', 'puluh', 'triliun', 'rupiah', 'papar', 'amran', 'merek', 'beras', 'fortifikasi', 'masuk', 'periksa', 'dasar', 'pantau', 'detikcom', 'nama', 'tampil', 'sumo', 'rojolele', 'idola', 'hasil', 'periksa', 'total', 'merek', 'beras', 'fortifikasi', 'nyata', 'penuh', 'syarat', 'merek', 'penuh', 'tentu', 'ketidaksesuaian', 'kait', 'kandung', 'gizi', 'beras', 'temu', 'sesuai', 'klaim', 'produsen', 'scroll', 'to', 'continue', 'with', 'content', 'amran', 'sorot', 'harga', 'beras', 'fortifikasi', 'capai', 'rp', 'kilogram', 'kg', 'dasar', 'hitung', 'harga', 'beras', 'rp', 'kg', 'tambah', 'biaya', 'proses', 'fortifikasi', 'rp', 'beras', 'fortifikasi', 'jual', 'tinggi', 'rp', 'orang', 'miskin', 'beli', 'harga', 'rp', 'cek', 'harga', 'rp', 'vitamin', 'syarat', 'label', 'sesuai', 'duga', 'ya', 'tipu', 'selisih', 'rp', 'kilo', 'tinggi', 'ya', 'amran', 'konferensi', 'pers', 'kantor', 'tan', 'jakarta', 'selatan', 'selasa', 'amran', 'nilai', 'kondisi', 'beras', 'fortifikasi', 'sasar', 'taksir', 'nilai', 'duga', 'praktik', 'tipu', 'kait', 'beras', 'fortifikasi', 'capai', 'rp', 'triliun', 'sasar', 'praktek', 'tipu', 'beras', 'fortifikasi', 'nilai', 'estimasi', 'ya', 'rp', 'triliun', 'sesuai', 'data', 'bps', 'beras', 'edar', 'premium', 'fortifikasi', 'premium', 'hilang', 'jelma', 'fortifikasi', 'ratarata', 'harga', 'jual', 'beras', 'rp', 'kilogram', 'harga', 'wajar', 'rp', 'ratarata', 'selisih', 'duga', 'tipu', 'capai', 'rp', 'kilogram', 'papar', 'amran', 'cantum', 'merek', 'beras', 'fortifikasi', 'duga', 'tipu', 'daftar', 'lengkap', 'idola', 'fortifikasi', 'idola', 'high', 'quality', 'whole', 'grain', 'rice', 'idola', 'long', 'grain', 'rice', 'ikan', 'mas', 'cupang', 'aaa', 'wijaya', 'kusuma', 'cantik', 'manis', 'tari', 'bangkok', 'topi', 'koki', 'short', 'grain', 'topi', 'koki', 'setra', 'royale', 'topi', 'koki', 'long', 'grain', 'crystal', 'hok', 'gohan', 'maknyuss', 'pulen', 'gizi', 'anak', 'raja', 'fortifikasi', 'anak', 'raja', 'nusantara', 'top', 'anak', 'raja', 'pms', 'induk', 'ayam', 'sumo', 'rasvit', 'fs', 'nutri', 'rice', 'pelikan', 'rice', 'rojolele', 'super', 'kepala', 'beras', 'premium', 'golden', 'number', 'putri', 'koki', 'wellfarm', 'beras', 'abet', 'simak', 'video', 'tan', 'merek', 'beras', 'fortifikasi', 'duga', 'abalabal', 'gambasvideo', 'detik']",Finance
"Purbaya Yudhi Sadewa mengakui perombakan pejabat Kementerian Keuangan yang dilakukan beberapa waktu lalu menjadi salah satu penyebab pemecatannya sebagai Menteri Keuangan. Hal ini disampaikan Purbaya usai serah terima jabatan (sertijab) dengan Menteri Keuangan (Menkeu) yang baru, Suahasil Nazara. ""Sebagian ada (karena perombakan pejabat). (Karena itu ya, Pak?) Sebagian iya,"" ujar Purbaya usai sertijab di Kementerian Keuangan, Jakarta, Selasa (15/9/2026). Purbaya menyebut reshuffle kabinet merupakan hak prerogatif Presiden Prabowo Subianto. Saat ditanya apakah ada berkaitan dengan kebijakan-kebijakan yang diambilnya selama memimpin, Purbaya menyebut kebijakan tersebut berkaitan dengan kebijakan Presiden Prabowo Subianto. SCROLL TO CONTINUE WITH CONTENT  ""Itu kan hak prerogatif presiden, kita ikuti saja. Kebijakan kita yang ikutin semua kebijakan Presiden, aman lah itu,"" tambah Purbaya. Kendati begitu, ia telah memperkirakan pemecatan dirinya akan tiba. Namun, ia baru mengetahui saat Menteri Sekretaris Negara (Mensesneg) Prasetyo Hadi menghubunginya. ""Ya kita udah hitung-hitung, kira-kira fifty-fifty lah, tapi baru tahunya waktu itu,"" jelasnya. Purbaya juga membantah pemecatannya ini berkaitan dengan dividen Danantara. ""Nggak ada,"" tegasnya.  Simak video 'Blak-blakan Purbaya soal Alasan Dicopot':  [Gambas:Video 20detik]  ","['purbaya', 'yudhi', 'sadewa', 'aku', 'ombak', 'jabat', 'menteri', 'uang', 'salah', 'sebab', 'pecat', 'menteri', 'uang', 'purbaya', 'serah', 'terima', 'jabat', 'sertijab', 'menteri', 'uang', 'menkeu', 'suahasil', 'nazara', 'ombak', 'jabat', 'ya', 'iya', 'purbaya', 'sertijab', 'menteri', 'uang', 'jakarta', 'selasa', 'purbaya', 'sebut', 'reshuffle', 'kabinet', 'hak', 'prerogatif', 'presiden', 'prabowo', 'subianto', 'kait', 'kebijakankebijakan', 'ambil', 'pimpin', 'purbaya', 'sebut', 'bijak', 'kait', 'bijak', 'presiden', 'prabowo', 'subianto', 'scroll', 'to', 'continue', 'with', 'content', 'hak', 'prerogatif', 'presiden', 'ikut', 'bijak', 'ikutin', 'bijak', 'presiden', 'aman', 'purbaya', 'kendati', 'pecat', 'menteri', 'sekretaris', 'negara', 'mensesneg', 'prasetyo', 'had', 'hubung', 'ya', 'udah', 'hitunghitung', 'kirakira', 'fiftyfifty', 'tahu', 'purbaya', 'ban', 'pecat', 'kait', 'dividen', 'danantara', 'nggak', 'simak', 'video', 'blakblakan', 'purbaya', 'alas', 'copot', 'gambasvideo', 'detik']",Finance
"PT Freeport Indonesia (PTFI) memproyeksikan setoran ke negara tahun ini bisa mencapai US$ 2,6 miliar atau sekitar Rp 40 triliun. Setoran tersebut berasal dari pembayaran pajak, dividen, Penerimaan Negara Bukan Pajak (PNBP), serta pungutan lainnya. Presiden Direktur PTFI Tony Wenas mengatakan proyeksi tersebut menggunakan asumsi harga tembaga sebesar US$ 4,75 per pound dan emas US$ 4.000 per ounce. Sementara harga tembaga saat ini disebut berada di kisaran US$ 6,5 per pound dan emas sekitar US$ 4.500 per ounce. ""Tadi saya perlihatkan bahwa untuk proyeksi tahun 2026 ini, itu rencana penerimaan negara adalah US$ 2,6 miliar, atau sekitar Rp 40-an triliun, dan ini terdiri dari pajak, dividen dan juga PNBP lainnya. Ini adalah dengan asumsi harga tembaga US$ 4,75 per pound, dan emas US$ 4 ribu per ounce,"" kata Tony dalam rapat dengan Komisi XII DPR, di Gedung DPR Jakarta, Selasa (15/9/2026). SCROLL TO CONTINUE WITH CONTENT Penerimaan negara dari Freeport diproyeksikan meningkat signifikan menjadi US$ 4,6 miliar pada 2027. Kenaikan tersebut sejalan dengan peningkatan produksi perusahaan seiring pemulihan aktivitas pertambangan Grasberg Block Cave (GBC). Produksi emas Freeport diproyeksikan meningkat dari sekitar 700 ribu ounces atau 21 ton pada 2026 menjadi 1 juta ounces atau sekitar 31 ton pada 2027. Sementara produksi tembaga diperkirakan naik dari 800 juta pound menjadi 1,3 miliar pound pada periode yang sama. ""Kalau kita lihat kemudian dibandingkan dengan rencana di tahun 2027, terjadi kenaikan signifikan penerimaan negara menjadi US$ 4,6 miliar. Ini akan sejalan dengan peningkatan produksi yang saya jelaskan di slide sebelumnya,"" jelas Tony. Penerimaan negara dari kegiatan Freeport diperkirakan kembali melonjak mulai 2028. Tony memperkirakan nilainya dapat mencapai US$ 8 miliar atau lebih dari Rp 120 triliun per tahun pada 2028, 2029, dan tahun-tahun berikutnya. ""Dan di tahun 2028 dan tahun 2029, dan seterusnya diperkirakan akan bisa mencapai US$ 8 miliar atau sekitar Rp 120 triliun lebih per tahunnya penerimaan negara dalam bentuk pajak, PNBP, dividen, dan pungutan-pungutan lainnya,"" tutur Tony.","['pt', 'freeport', 'indonesia', 'ptfi', 'proyeksi', 'setor', 'negara', 'capai', 'us', 'miliar', 'rp', 'triliun', 'setor', 'asal', 'bayar', 'pajak', 'dividen', 'terima', 'negara', 'pajak', 'pnbp', 'pungut', 'presiden', 'direktur', 'ptfi', 'tony', 'wenas', 'proyeksi', 'asumsi', 'harga', 'tembaga', 'us', 'pound', 'emas', 'us', 'ounce', 'harga', 'tembaga', 'kisar', 'us', 'pound', 'emas', 'us', 'ounce', 'lihat', 'proyeksi', 'rencana', 'terima', 'negara', 'us', 'miliar', 'rp', 'an', 'triliun', 'pajak', 'dividen', 'pnbp', 'asumsi', 'harga', 'tembaga', 'us', 'pound', 'emas', 'us', 'ribu', 'ounce', 'tony', 'rapat', 'komisi', 'xii', 'dpr', 'gedung', 'dpr', 'jakarta', 'selasa', 'scroll', 'to', 'continue', 'with', 'content', 'terima', 'negara', 'freeport', 'proyeksi', 'tingkat', 'signifikan', 'us', 'miliar', 'naik', 'jalan', 'tingkat', 'produksi', 'usaha', 'iring', 'pulih', 'aktivitas', 'tambang', 'grasberg', 'block', 'cave', 'gbc', 'produksi', 'emas', 'freeport', 'proyeksi', 'tingkat', 'ribu', 'ounces', 'ton', 'juta', 'ounces', 'ton', 'produksi', 'tembaga', 'juta', 'pound', 'miliar', 'pound', 'periode', 'lihat', 'banding', 'rencana', 'naik', 'signifikan', 'terima', 'negara', 'us', 'miliar', 'jalan', 'tingkat', 'produksi', 'slide', 'tony', 'terima', 'negara', 'giat', 'freeport', 'lonjak', 'tony', 'nilai', 'capai', 'us', 'miliar', 'rp', 'triliun', 'tahuntahun', 'capai', 'us', 'miliar', 'rp', 'triliun', 'tahun', 'terima', 'negara', 'bentuk', 'pajak', 'pnbp', 'dividen', 'pungutanpungutan', 'tony']",Finance
"PT Pertamina (Persero) memperkuat strategi ketahanan energi nasional melalui pengelolaan portofolio LNG yang semakin fleksibel dan terintegrasi, dengan mengombinasikan sumber pasokan domestik dan global serta didukung infrastruktur LNG dan gas di berbagai wilayah Indonesia. Strategi tersebut menjadi salah satu fokus yang dibawa Pertamina dalam Gastech 2026 di Bangkok, Thailand. Kehadiran Pertamina dalam forum energi global ini menjadi bagian dari upaya memperluas konektivitas dengan pelaku industri energi dunia, sekaligus memperkuat peluang pengembangan portofolio dan bisnis LNG di tengah perubahan lanskap energi global. Volatilitas pasar, dinamika geopolitik, serta pertumbuhan kebutuhan energi membuat ketahanan energi tidak lagi hanya ditentukan oleh besarnya volume pasokan, tetapi juga kemampuan untuk memperoleh sumber energi yang tepat, pada waktu dan lokasi yang tepat, dengan biaya yang kompetitif. SCROLL TO CONTINUE WITH CONTENT VP Corporate Communication PT Pertamina (Persero), Muhammad Baron mengatakan, diversifikasi sumber dan fleksibilitas portofolio menjadi bagian penting dalam menjaga ketahanan energi di tengah dinamika pasar global. ""Bagi Pertamina, ketahanan energi bukan hanya mengenai seberapa besar pasokan yang tersedia, tetapi juga kemampuan untuk mendapatkan energi dari sumber yang tepat, pada waktu yang tepat, dengan biaya yang kompetitif. Karena itu, diversifikasi sumber dan fleksibilitas portofolio LNG menjadi penting untuk memperkuat ketahanan energi Indonesia,"" ujar Baron dalam keterangan tertulis, Selasa (15/9/2026).  Untuk meningkatkan fleksibilitas tersebut, Pertamina mengembangkan portofolio LNG dari berbagai sumber. Selain mengoptimalkan pasokan domestik, Pertamina memiliki portofolio internasional, antara lain dari Australia dan Amerika Serikat. Diversifikasi ini memberikan ruang bagi Pertamina untuk menyesuaikan sumber pasokan dan pola pengiriman sesuai kebutuhan, kondisi pasar, serta pertimbangan keekonomian. Fleksibilitas pasokan tersebut diperkuat dengan infrastruktur LNG dan gas Pertamina Group, antara lain Perta Arun Gas, Nusantara Regas, fasilitas penerimaan LNG Jawa-1, serta jaringan pipa gas PGN yang tersebar di berbagai wilayah Indonesia. Integrasi antara sumber pasokan, infrastruktur penerimaan dan penyimpanan, regasifikasi, jaringan pipa, serta distribusi menjadi fondasi untuk membangun rantai pasok LNG yang lebih adaptif. Dengan ekosistem tersebut, LNG dapat dikelola sesuai kebutuhan, mulai dari penerimaan dan penyimpanan hingga regasifikasi dan distribusi ke berbagai wilayah. ""Pertamina memiliki portofolio LNG dan infrastruktur gas yang saling melengkapi. Integrasi dari sumber pasokan, fasilitas penerimaan dan penyimpanan, regasifikasi hingga jaringan distribusi memberikan fleksibilitas bagi Pertamina untuk menyesuaikan pasokan dengan kebutuhan energi di berbagai wilayah,"" jelas Baron. Salah satu infrastruktur yang memiliki posisi strategis adalah Perta Arun Gas di Aceh. Berada di Selat Malaka yang menjadi salah satu jalur perdagangan energi utama dunia, Arun memiliki peluang untuk berkembang sebagai hub LNG regional yang menghubungkan pasokan internasional dengan kebutuhan Indonesia maupun pasar di Asia Tenggara. Posisi tersebut memberikan berbagai opsi pengelolaan LNG, mulai dari menerima dan menyimpan LNG hingga reload, transhipment, regasifikasi dan distribusi. Fleksibilitas ini memungkinkan pengelolaan LNG disesuaikan dengan kebutuhan pasar dan pertimbangan keekonomian.  Penguatan portofolio dan infrastruktur menjadi semakin relevan seiring perubahan lanskap LNG Indonesia. Di tengah pertumbuhan kebutuhan energi dan industri, Indonesia yang selama ini dikenal sebagai salah satu produsen dan eksportir LNG juga menghadapi potensi peningkatan kebutuhan LNG domestik pada masa mendatang. Perubahan tersebut menjadi tantangan sekaligus peluang. Dengan menghubungkan pasokan global, produksi LNG domestik, infrastruktur nasional dan kebutuhan regional, Pertamina dapat mengoptimalkan portofolio LNG sekaligus memperkuat posisi Indonesia dalam rantai pasok LNG. Menurut Baron, strategi LNG Pertamina ke depan tidak hanya berorientasi pada pemenuhan volume, tetapi juga pada kemampuan mengelola dan mengoptimalkan pasokan secara fleksibel untuk memberikan nilai yang lebih besar. ""Ke depan, yang menjadi pembeda bukan hanya kemampuan memperoleh LNG, tetapi kemampuan mengelola, mengoptimalkan dan menyalurkannya ke tempat yang memberikan manfaat terbesar. Pertamina ingin menghubungkan pasokan LNG global dengan ketahanan energi Indonesia sekaligus menangkap peluang pertumbuhan,"" tutup Baron.","['pt', 'pertamina', 'persero', 'kuat', 'strategi', 'tahan', 'energi', 'nasional', 'kelola', 'portofolio', 'lng', 'fleksibel', 'integrasi', 'kombinasi', 'sumber', 'pasok', 'domestik', 'global', 'dukung', 'infrastruktur', 'lng', 'gas', 'wilayah', 'indonesia', 'strategi', 'salah', 'fokus', 'bawa', 'pertamina', 'gastech', 'bangkok', 'thailand', 'hadir', 'pertamina', 'forum', 'energi', 'global', 'upaya', 'luas', 'konektivitas', 'laku', 'industri', 'energi', 'dunia', 'kuat', 'peluang', 'kembang', 'portofolio', 'bisnis', 'lng', 'ubah', 'lanskap', 'energi', 'global', 'volatilitas', 'pasar', 'dinamika', 'geopolitik', 'tumbuh', 'butuh', 'energi', 'tahan', 'energi', 'tentu', 'besar', 'volume', 'pasok', 'mampu', 'oleh', 'sumber', 'energi', 'lokasi', 'biaya', 'kompetitif', 'scroll', 'to', 'continue', 'with', 'content', 'vp', 'corporate', 'communication', 'pt', 'pertamina', 'persero', 'muhammad', 'baron', 'diversifikasi', 'sumber', 'fleksibilitas', 'portofolio', 'jaga', 'tahan', 'energi', 'dinamika', 'pasar', 'global', 'pertamina', 'tahan', 'energi', 'pasok', 'sedia', 'mampu', 'energi', 'sumber', 'biaya', 'kompetitif', 'diversifikasi', 'sumber', 'fleksibilitas', 'portofolio', 'lng', 'kuat', 'tahan', 'energi', 'indonesia', 'baron', 'terang', 'tulis', 'selasa', 'tingkat', 'fleksibilitas', 'pertamina', 'kembang', 'portofolio', 'lng', 'sumber', 'optimal', 'pasok', 'domestik', 'pertamina', 'milik', 'portofolio', 'internasional', 'australia', 'amerika', 'serikat', 'diversifikasi', 'ruang', 'pertamina', 'sesuai', 'sumber', 'pasok', 'pola', 'kirim', 'sesuai', 'butuh', 'kondisi', 'pasar', 'timbang', 'ekonomi', 'fleksibilitas', 'pasok', 'kuat', 'infrastruktur', 'lng', 'gas', 'pertamina', 'group', 'perta', 'arun', 'gas', 'nusantara', 'regas', 'fasilitas', 'terima', 'lng', 'jawa', 'jaring', 'pipa', 'gas', 'pgn', 'sebar', 'wilayah', 'indonesia', 'integrasi', 'sumber', 'pasok', 'infrastruktur', 'terima', 'simpan', 'regasifikasi', 'jaring', 'pipa', 'distribusi', 'fondasi', 'bangun', 'rantai', 'pasok', 'lng', 'adaptif', 'ekosistem', 'lng', 'kelola', 'sesuai', 'butuh', 'terima', 'simpan', 'regasifikasi', 'distribusi', 'wilayah', 'pertamina', 'milik', 'portofolio', 'lng', 'infrastruktur', 'gas', 'lengkap', 'integrasi', 'sumber', 'pasok', 'fasilitas', 'terima', 'simpan', 'regasifikasi', 'jaring', 'distribusi', 'fleksibilitas', 'pertamina', 'sesuai', 'pasok', 'butuh', 'energi', 'wilayah', 'baron', 'salah', 'infrastruktur', 'milik', 'posisi', 'strategis', 'perta', 'arun', 'gas', 'aceh', 'selat', 'malaka', 'salah', 'jalur', 'dagang', 'energi', 'utama', 'dunia', 'arun', 'milik', 'peluang', 'kembang', 'hub', 'lng', 'regional', 'hubung', 'pasok', 'internasional', 'butuh', 'indonesia', 'pasar', 'asia', 'tenggara', 'posisi', 'opsi', 'kelola', 'lng', 'terima', 'simpan', 'lng', 'reload', 'transhipment', 'regasifikasi', 'distribusi', 'fleksibilitas', 'kelola', 'lng', 'sesuai', 'butuh', 'pasar', 'timbang', 'ekonomi', 'kuat', 'portofolio', 'infrastruktur', 'relevan', 'iring', 'ubah', 'lanskap', 'lng', 'indonesia', 'tumbuh', 'butuh', 'energi', 'industri', 'indonesia', 'kenal', 'salah', 'produsen', 'eksportir', 'lng', 'hadap', 'potensi', 'tingkat', 'butuh', 'lng', 'domestik', 'ubah', 'tantang', 'peluang', 'hubung', 'pasok', 'global', 'produksi', 'lng', 'domestik', 'infrastruktur', 'nasional', 'butuh', 'regional', 'pertamina', 'optimal', 'portofolio', 'lng', 'kuat', 'posisi', 'indonesia', 'rantai', 'pasok', 'lng', 'baron', 'strategi', 'lng', 'pertamina', 'orientasi', 'penuh', 'volume', 'mampu', 'kelola', 'optimal', 'pasok', 'fleksibel', 'nilai', 'beda', 'mampu', 'oleh', 'lng', 'mampu', 'kelola', 'optimal', 'salur', 'manfaat', 'besar', 'pertamina', 'hubung', 'pasok', 'lng', 'global', 'tahan', 'energi', 'indonesia', 'tangkap', 'peluang', 'tumbuh', 'tutup', 'baron']",Finance
"PT Bukit Asam Tbk (PTBA) mengungkap besarnya beban pemenuhan Domestic Market Obligation (DMO) batu bara yang harus ditanggung perusahaan. DMO merupakan kewajiban perusahaan mengalokasikan sebagian produksinya guna memenuhi kebutuhan dalam negeri. PTBA mencatat potensi laba yang hilang akibat pemenuhan DMO di atas kewajiban mencapai sekitar Rp 14,5 triliun sepanjang 2018-2025. Menurut Direktur Utama PTBA Bambang Ismawan, realisasi DMO PTBA selalu berada di atas ketentuan pemerintah. ""Sebagai gambaran dari tahun 2021 sampai 2025 selalu dua kali lipat lebih dari 25% yang diharuskan. Kita pernah mencoba berapa penurunan profit karena kita melebihi 25% DMO itu dari tahun 2018 sampai 2025 sekitar Rp 14,5 triliun, itu yang penurunan profit karena kita memenuhi melebihi DMO yang seharusnya,"" kata Bambang dalam rapat dengan Komisi XII DPR RI di Kompleks Parlemen Jakarta, Selasa (15/9/2026). SCROLL TO CONTINUE WITH CONTENT Pada 2025, Bambang menyebut porsi DMO PTBA bahkan mencapai lebih dari 54%. Besarnya porsi tersebut membuat perusahaan harus mengalokasikan lebih dari separuh penjualan batu baranya untuk memenuhi kebutuhan pasar domestik. Bambang mengatakan persoalan DMO menjadi perhatian PTBA setiap tahunnya. Sebab, menurutnya, masih terdapat perusahaan batu bara lain yang cenderung kurang mematuhi kewajiban DMO sehingga PTBA menjadi tumpuan pemenuhan kebutuhan dalam negeri. ""Hari ini yang menjadi isu adalah masalah DMO. DMO ini selalu setiap tahun menjadi persoalan karena dari sisi kami melihatnya perusahaan-perusahaan batubara lain dari perusahaan itu cenderung kurang mematuhi DMO. Sehingga selalu yang menjadi tumpuan adalah PT Bukit Asam,"" ujarnya. Karena itu, PTBA meminta agar pemenuhan kebutuhan batu bara dalam negeri dibebankan secara lebih merata kepada perusahaan-perusahaan batu bara. Bambang berharap tanggung jawab dipikul bersama-sama oleh perusahaan batu bara. Sementara itu, sepanjang semester I 2026, porsi penjualan batu bara PTBA ke pasar domestik mencapai 51%. Batu bara tersebut diserap sejumlah sektor, antara lain PLN, industri pupuk dan semen, sementara 49% sisanya diekspor ke sejumlah negara seperti Vietnam, Bangladesh, Kamboja dan India. Dari sisi kinerja, produksi PTBA pada semester I 2026 mengalami penurunan akibat tingginya intensitas hujan sepanjang Januari hingga Maret. Kondisi cuaca turut mengganggu aktivitas angkutan dan penjualan batu bara perusahaan. Meski demikian, laba bersih PTBA pada semester I 2026 tercatat meningkat sekitar 218% dibandingkan periode yang sama tahun sebelumnya. Laba bersih naik dari Rp 830 miliar menjadi Rp 2,65 triliun. ""Tetapi secara keseluruhan laba bersih mengalami kenaikan yang cukup signifikan yaitu sekitar 218% dari tahun lalu Rp 0,83 triliun, untuk semester I tahun ini sudah mencapai Rp 2,65 triliun,"" tutup Bambang.  Simak juga Video 'Polisi Periksa 15 Saksi Terkait 3 Kasus Dugaan Korupsi':  [Gambas:Video 20detik]  ","['pt', 'bukit', 'asam', 'tbk', 'ptba', 'ungkap', 'besar', 'beban', 'penuh', 'domestic', 'market', 'obligation', 'dmo', 'batu', 'bara', 'tanggung', 'usaha', 'dmo', 'wajib', 'usaha', 'alokasi', 'produksi', 'penuh', 'butuh', 'negeri', 'ptba', 'catat', 'potensi', 'laba', 'hilang', 'akibat', 'penuh', 'dmo', 'wajib', 'capai', 'rp', 'triliun', 'direktur', 'utama', 'ptba', 'bambang', 'ismawan', 'realisasi', 'dmo', 'ptba', 'tentu', 'perintah', 'gambar', 'kali', 'lipat', 'harus', 'coba', 'turun', 'profit', 'lebih', 'dmo', 'rp', 'triliun', 'turun', 'profit', 'penuh', 'lebih', 'dmo', 'bambang', 'rapat', 'komisi', 'xii', 'dpr', 'ri', 'kompleks', 'parlemen', 'jakarta', 'selasa', 'scroll', 'to', 'continue', 'with', 'content', 'bambang', 'sebut', 'porsi', 'dmo', 'ptba', 'capai', 'besar', 'porsi', 'usaha', 'alokasi', 'paruh', 'jual', 'batu', 'bara', 'penuh', 'butuh', 'pasar', 'domestik', 'bambang', 'dmo', 'perhati', 'ptba', 'tahun', 'turut', 'usaha', 'batu', 'bara', 'cenderung', 'patuh', 'wajib', 'dmo', 'ptba', 'tumpu', 'penuh', 'butuh', 'negeri', 'isu', 'dmo', 'dmo', 'sisi', 'perusahaanperusahaan', 'batubara', 'usaha', 'cenderung', 'patuh', 'dmo', 'tumpu', 'pt', 'bukit', 'asam', 'ptba', 'penuh', 'butuh', 'batu', 'bara', 'negeri', 'beban', 'rata', 'perusahaanperusahaan', 'batu', 'bara', 'bambang', 'harap', 'tanggung', 'pikul', 'bersamasama', 'usaha', 'batu', 'bara', 'semester', 'i', 'porsi', 'jual', 'batu', 'bara', 'ptba', 'pasar', 'domestik', 'capai', 'batu', 'bara', 'serap', 'sektor', 'pln', 'industri', 'pupuk', 'semen', 'sisa', 'ekspor', 'negara', 'vietnam', 'bangladesh', 'kamboja', 'india', 'sisi', 'kerja', 'produksi', 'ptba', 'semester', 'i', 'alami', 'turun', 'akibat', 'tinggi', 'intensitas', 'hujan', 'januari', 'maret', 'kondisi', 'cuaca', 'ganggu', 'aktivitas', 'angkut', 'jual', 'batu', 'bara', 'usaha', 'laba', 'bersih', 'ptba', 'semester', 'i', 'catat', 'tingkat', 'banding', 'periode', 'laba', 'bersih', 'rp', 'miliar', 'rp', 'triliun', 'laba', 'bersih', 'alami', 'naik', 'signifikan', 'rp', 'triliun', 'semester', 'i', 'capai', 'rp', 'triliun', 'tutup', 'bambang', 'simak', 'video', 'polisi', 'periksa', 'saksi', 'kait', 'duga', 'korupsi', 'gambasvideo', 'detik']",Finance
"Kementerian Perhubungan (Kemenhub) telah menerbitkan dan menyiarkan Notice to Mariners (NTM) kepada kapal-kapal yang berlayar di sekitar wilayah operasi pencarian korban KMP Virgo Transport 8 di Laut Jawa. Melalui pemberitahuan tersebut, kapal yang berada atau melintas di sekitar lokasi diminta meningkatkan kewaspadaan dan turut membantu melakukan penyisiran. Apabila menemukan korban atau informasi terkait, kapal diminta segera melaporkannya kepada KSOP, Vessel Traffic Service (VTS), Stasiun Radio Pantai (SROP), atau pihak terkait lainnya. SCROLL TO CONTINUE WITH CONTENT Direktur Jenderal Perhubungan Laut Muhammad Masyhud mengatakan seluruh dukungan tersebut dilakukan untuk memperkuat koordinasi dan membantu proses pencarian korban yang hingga saat ini masih berlangsung. ""Kami terus berkoordinasi dengan seluruh unsur terkait dan mengoptimalkan dukungan yang dimiliki Ditjen Perhubungan Laut untuk membantu proses pencarian. Keselamatan seluruh unsur yang terlibat tetap menjadi perhatian utama dalam pelaksanaan operasi,"" ujar Masyhud dalam keterangan tertulis, Selasa (15/9/2026). Selain itu, Ditjen Perhubungan Laut terus melakukan pemantauan dan komunikasi melalui VTS dan SROP. Kapal Negara Kenavigasian KN Kunyit juga dikerahkan sebagai relay komunikasi radio antara kapal-kapal di lokasi operasi dengan SROP, mengingat jarak lokasi menyebabkan sebagian kapal tidak dapat melakukan transmisi radio secara langsung. ""Dukungan komunikasi dan pemantauan terus kami optimalkan agar koordinasi dan pertukaran informasi antara kapal-kapal di lokasi dengan petugas di darat dapat berjalan dengan baik selama proses pencarian berlangsung,"" jelas Masyhud. Hingga saat ini, sebanyak 114 orang dari total 243 orang telah ditemukan. Dari jumlah tersebut, 108 orang ditemukan dalam kondisi selamat dan 6 orang meninggal dunia, sementara 129 orang lainnya masih dalam proses pencarian. Dari 114 orang yang telah ditemukan, sebanyak 86 orang telah tiba di Pelabuhan Trisakti Banjarmasin, terdiri atas 85 orang selamat dan 1 orang meninggal dunia. Sebanyak 22 korban selamat yang sebelumnya berada di KM Cahaya Bahari telah dievakuasi menggunakan KRI Nala-363 dan tiba di Pelabuhan Trisakti Banjarmasin. Dalam penanganan korban dan keluarga usai kejadian, Kemenhub turut mendampingi PT Jasa Raharja dalam penyerahan santunan kepada ahli waris korban meninggal dunia dalam insiden KMP Virgo Transport 8 yang mengalami kecelakaan saat berlayar pada rute Surabaya-Banjarmasin. Masyhud menegaskan pihaknya akan terus memantau perkembangan penanganan insiden KMP Virgo Transport 8 serta menyesuaikan dukungan dengan kebutuhan di lapangan, baik dalam mendukung proses pencarian maupun penanganan korban dan keluarga. ""Fokus kami saat ini adalah mendukung upaya pencarian terhadap korban yang masih belum ditemukan sekaligus memastikan penanganan terhadap korban dan keluarga dapat berjalan dengan baik. Kementerian Perhubungan akan terus berkoordinasi dengan seluruh pihak terkait,"" tutup Masyhud.  Simak juga video 'Nakhoda KM Virgo Selamat, Kini Sedang Diperiksa':  [Gambas:Video 20detik]  ","['menteri', 'hubung', 'kemenhub', 'terbit', 'siar', 'notice', 'to', 'mariners', 'ntm', 'kapalkapal', 'layar', 'wilayah', 'operasi', 'cari', 'korban', 'kmp', 'virgo', 'transport', 'laut', 'jawa', 'pemberitahuan', 'kapal', 'lintas', 'lokasi', 'tingkat', 'waspada', 'bantu', 'sisir', 'temu', 'korban', 'informasi', 'kait', 'kapal', 'lapor', 'ksop', 'vessel', 'traffic', 'service', 'vts', 'stasiun', 'radio', 'pantai', 'srop', 'kait', 'scroll', 'to', 'continue', 'with', 'content', 'direktur', 'jenderal', 'hubung', 'laut', 'muhammad', 'masyhud', 'dukung', 'kuat', 'koordinasi', 'bantu', 'proses', 'cari', 'korban', 'koordinasi', 'unsur', 'kait', 'optimal', 'dukung', 'milik', 'ditjen', 'hubung', 'laut', 'bantu', 'proses', 'cari', 'selamat', 'unsur', 'libat', 'perhati', 'utama', 'laksana', 'operasi', 'masyhud', 'terang', 'tulis', 'selasa', 'ditjen', 'hubung', 'laut', 'pantau', 'komunikasi', 'vts', 'srop', 'kapal', 'negara', 'navigasi', 'kn', 'kunyit', 'kerah', 'relay', 'komunikasi', 'radio', 'kapalkapal', 'lokasi', 'operasi', 'srop', 'jarak', 'lokasi', 'sebab', 'kapal', 'transmisi', 'radio', 'langsung', 'dukung', 'komunikasi', 'pantau', 'optimal', 'koordinasi', 'tukar', 'informasi', 'kapalkapal', 'lokasi', 'tugas', 'darat', 'jalan', 'proses', 'cari', 'masyhud', 'orang', 'total', 'orang', 'temu', 'orang', 'temu', 'kondisi', 'selamat', 'orang', 'tinggal', 'dunia', 'orang', 'proses', 'cari', 'orang', 'temu', 'orang', 'labuh', 'trisakti', 'banjarmasin', 'orang', 'selamat', 'orang', 'tinggal', 'dunia', 'korban', 'selamat', 'km', 'cahaya', 'bahari', 'evakuasi', 'kri', 'nala', 'labuh', 'trisakti', 'banjarmasin', 'tangan', 'korban', 'keluarga', 'jadi', 'kemenhub', 'damping', 'pt', 'jasa', 'raharja', 'serah', 'santun', 'ahli', 'waris', 'korban', 'tinggal', 'dunia', 'insiden', 'kmp', 'virgo', 'transport', 'alami', 'celaka', 'layar', 'rute', 'surabayabanjarmasin', 'masyhud', 'pantau', 'kembang', 'tangan', 'insiden', 'kmp', 'virgo', 'transport', 'sesuai', 'dukung', 'butuh', 'lapang', 'dukung', 'proses', 'cari', 'tangan', 'korban', 'keluarga', 'fokus', 'dukung', 'upaya', 'cari', 'korban', 'temu', 'tangan', 'korban', 'keluarga', 'jalan', 'menteri', 'hubung', 'koordinasi', 'kait', 'tutup', 'masyhud', 'simak', 'video', 'nakhoda', 'km', 'virgo', 'selamat', 'periksa', 'gambasvideo', 'detik']",Finance
"PT Freeport Indonesia (PTFI) memproyeksikan produksi emas naik pada 2027 seiring pemulihan aktivitas pertambangan Grasberg Block Cave (GBC). Produksi emas diperkirakan meningkat dari sekitar 21 ton pada 2026 menjadi 31 ton pada 2027. Direktur Utama PTFI Tony Wenas mengatakan 2026 ini Freeport memproduksi 800 juta pound tembaga dan 700 ribu ounces emas yang setara 21 ton. Sementara tahun 2027 produksinya akan naik menjadi 1,3 miliar pound tembaga dan 1 juta ounces emas yang setara 31 ton. ""Kalau di grafik yang bawahnya, itu kita bisa melihat produksi emas yang akan meningkat tajam di tahun 2027. Ini sejalan dengan Grasberg Block Caving Production Block 1 yang sudah akan mulai beroperasi di tahun 2027,"" kata Tony dalam rapat dengan Komisi XII DPR, di Gedungn DPR Jakarta, Selasa (15/9/2026). SCROLL TO CONTINUE WITH CONTENT Pada 2028 dan tahun-tahun berikutnya, produksi emas Freeport diproyeksikan mencapai 1,3 juta ounces atau sekitar 39-40 ton. Sementara produksi tembaga diperkirakan mencapai 1,6 miliar pound. Peningkatan tersebut menjadi bagian dari proses pemulihan produksi Freeport setelah insiden longsoran material basah pada September 2025. Insiden tersebut membuat tingkat produksi tambang perusahaan pada 2026 masih berada di bawah kapasitas normal. ""Di tahun 2028 dan seterusnya, itu tembaga akan bisa mencapai 1,6 miliar pound dan juga untuk emasnya bisa 1,3 juta ounces atau sekitar 39 sampai 40 ton dan begitu pun seterusnya. Kenaikan tingkat produksi ini sejalan dengan pemulihan GBC yang terkena longsor di tahun yang lalu,"" jelas Tony. Tahun ini PTFI memproyeksikan penambangan sekitar 124 ribu ton bijih per hari. Angka tersebut baru sekitar 65% dari kapasitas normal perusahaan yang berada di kisaran 200 ribu ton bijih per hari. Pada 2027, volume penambangan ditargetkan meningkat menjadi sekitar 170 ribu ton bijih per hari. Produksi kemudian diproyeksikan mendekati kapasitas penuh pada 2028 dengan mencapai sekitar 208 ribu ton bijih per hari. Pemulihan produksi juga berdampak terhadap operasional smelter Manyar Freeport di Gresik. Smelter tersebut sempat berhenti beroperasi setelah longsor karena pasokan konsentrat yang tersedia hanya mencukupi kebutuhan PT Smelting. ""Baru di bulan Agustus yang lalu, feeding-nya ke smelter baru Freeport Indonesia itu mulai, dan mulai bisa diproduksi di bulan September ini dengan sekitar 5 ribu ton katoda tembaga. Dan kalau kita lihat di bulan Oktober, yang 35 ribu ton itu adalah produksi katodat tembaga dari smelter yang baru,"" jelas Tony.  Simak juga Video 'Bahlil Bicara Peluang RI Tambah Saham Lebih dari 10% di Freeport':  [Gambas:Video 20detik]  ","['pt', 'freeport', 'indonesia', 'ptfi', 'proyeksi', 'produksi', 'emas', 'iring', 'pulih', 'aktivitas', 'tambang', 'grasberg', 'block', 'cave', 'gbc', 'produksi', 'emas', 'tingkat', 'ton', 'ton', 'direktur', 'utama', 'ptfi', 'tony', 'wenas', 'freeport', 'produksi', 'juta', 'pound', 'tembaga', 'ribu', 'ounces', 'emas', 'tara', 'ton', 'produksi', 'miliar', 'pound', 'tembaga', 'juta', 'ounces', 'emas', 'tara', 'ton', 'grafik', 'bawah', 'produksi', 'emas', 'tingkat', 'tajam', 'jalan', 'grasberg', 'block', 'caving', 'production', 'block', 'operasi', 'tony', 'rapat', 'komisi', 'xii', 'dpr', 'gedungn', 'dpr', 'jakarta', 'selasa', 'scroll', 'to', 'continue', 'with', 'content', 'tahuntahun', 'produksi', 'emas', 'freeport', 'proyeksi', 'capai', 'juta', 'ounces', 'ton', 'produksi', 'tembaga', 'capai', 'miliar', 'pound', 'tingkat', 'proses', 'pulih', 'produksi', 'freeport', 'insiden', 'longsor', 'material', 'basah', 'september', 'insiden', 'tingkat', 'produksi', 'tambang', 'usaha', 'kapasitas', 'normal', 'tembaga', 'capai', 'miliar', 'pound', 'emas', 'juta', 'ounces', 'ton', 'naik', 'tingkat', 'produksi', 'jalan', 'pulih', 'gbc', 'kena', 'longsor', 'tony', 'ptfi', 'proyeksi', 'tambang', 'ribu', 'ton', 'bijih', 'angka', 'kapasitas', 'normal', 'usaha', 'kisar', 'ribu', 'ton', 'bijih', 'volume', 'tambang', 'target', 'tingkat', 'ribu', 'ton', 'bijih', 'produksi', 'proyeksi', 'dekat', 'kapasitas', 'penuh', 'capai', 'ribu', 'ton', 'bijih', 'pulih', 'produksi', 'dampak', 'operasional', 'smelter', 'manyar', 'freeport', 'gresik', 'smelter', 'henti', 'operasi', 'longsor', 'pasok', 'konsentrat', 'sedia', 'cukup', 'butuh', 'pt', 'smelting', 'agustus', 'feedingnya', 'smelter', 'freeport', 'indonesia', 'produksi', 'september', 'ribu', 'ton', 'katoda', 'tembaga', 'lihat', 'oktober', 'ribu', 'ton', 'produksi', 'katodat', 'tembaga', 'smelter', 'tony', 'simak', 'video', 'bahlil', 'bicara', 'peluang', 'ri', 'saham', 'freeport', 'gambasvideo', 'detik']",Finance
"Pemerintah optimistis penunjukan Suahasil Nazara sebagai Menteri Keuangan akan mampu menjaga momentum pertumbuhan ekonomi Indonesia. Hal ini diungkapkan oleh Kepala Badan Komunikasi Pemerintah (Bakom) RI Muhammad Qodari. Qodari menilai Suahasil memiliki bekal ilmu dan pengalaman yang mumpuni untuk menjalankan tugas tersebut. Menurutnya, kemampuan menjaga pertumbuhan sekaligus stabilitas ekonomi menjadi salah satu kelebihan Suahasil. ""Kami sangat yakin bahwa Pak Suahasil akan sangat berhasil menjalankan tugas sebagai Menkeu,"" ujar Qodari dalam keterangannya, Selasa (15/9/2026). SCROLL TO CONTINUE WITH CONTENT  Qodari menyebut ada dua kelebihan Suahasil yang membuatnya yakin bisa menjaga fiskal tetap sehat.Pertama, Suahasil memiliki latar belakang akademik yang kuat karena merupakan Guru Besar bidang Ilmu Ekonomi di Universitas Indonesia (UI). Kedua, Suahasil telah memahami cara kerja Kementerian Keuangan karena sebelumnya menjabat sebagai Wakil Menteri Keuangan. ""Beliau sudah sangat mengenal seluk-beluk di Kementerian Keuangan karena sekitar 6-7 tahun jadi Wamenkeu dan sebelumnya beliau pernah jadi Kepala Badan Kebijakan Fiskal di sini,"" kata Qodari. Dengan pengalaman tersebut, Qodari meyakini Suahasil memiliki kompetensi untuk mengelola kebijakan fiskal di tengah dinamika perekonomian saat ini. Ia berpendapat Suahasil mampu membangun pertumbuhan ekonomi tanpa mengabaikan upaya menjaga stabilitas. ""Itu adalah salah satu kelebihan Pak Suahasil, terutama dalam situasi seperti sekarang ini, tentunya APBN merupakan salah satu instrumen penting untuk menggerakkan ekonomi sekaligus jaga stabilitas ekonomi Indonesia,"" jelas Qodari. Qodari melihat Indonesia memiliki potensi ekonomi yang besar untuk terus dikembangkan. Dia mengatakan potensi tersebut sejalan dengan arah pemerintahan Presiden RI Prabowo Subianto yang mengedepankan amanat Pasal 33 UUD 1945 terkait pengelolaan sumber daya alam untuk sebesar-besarnya kemakmuran rakyat. ""Implementasinya insyaallah bisa diwujudkan dengan semaksimal mungkin oleh Bapak Suahasil Nazara. Sekali lagi ini akan menjadi suatu manfaat yang nyata bagi masyarakat Indonesia, mampu mengurangi kesenjangan sekaligus meningkatkan kesejahteraan bagi masyarakat Indonesia seluas-luasnya dan kehidupan masyarakat Indonesia akan lebih baik ke depan,"" tutup Qodari.  Simak juga Video 'Purbaya Resmi Serahkan Jabatan Menkeu ke Suahasil':  [Gambas:Video 20detik]  ","['perintah', 'optimistis', 'tunjuk', 'suahasil', 'nazara', 'menteri', 'uang', 'jaga', 'momentum', 'tumbuh', 'ekonomi', 'indonesia', 'kepala', 'badan', 'komunikasi', 'perintah', 'bakom', 'ri', 'muhammad', 'qodari', 'qodari', 'nilai', 'suahasil', 'milik', 'bekal', 'ilmu', 'alam', 'mumpuni', 'jalan', 'tugas', 'turut', 'mampu', 'jaga', 'tumbuh', 'stabilitas', 'ekonomi', 'salah', 'lebih', 'suahasil', 'suahasil', 'hasil', 'jalan', 'tugas', 'menkeu', 'qodari', 'terang', 'selasa', 'scroll', 'to', 'continue', 'with', 'content', 'qodari', 'sebut', 'lebih', 'suahasil', 'buat', 'jaga', 'fiskal', 'sehatpertama', 'suahasil', 'milik', 'latar', 'akademik', 'kuat', 'guru', 'bidang', 'ilmu', 'ekonomi', 'universitas', 'indonesia', 'ui', 'suahasil', 'paham', 'kerja', 'menteri', 'uang', 'jabat', 'wakil', 'menteri', 'uang', 'beliau', 'kenal', 'selukbeluk', 'menteri', 'uang', 'wamenkeu', 'beliau', 'kepala', 'badan', 'bijak', 'fiskal', 'qodari', 'alam', 'qodari', 'suahasil', 'milik', 'kompetensi', 'kelola', 'bijak', 'fiskal', 'dinamika', 'ekonomi', 'dapat', 'suahasil', 'bangun', 'tumbuh', 'ekonomi', 'abai', 'upaya', 'jaga', 'stabilitas', 'salah', 'lebih', 'suahasil', 'situasi', 'apbn', 'salah', 'instrumen', 'gerak', 'ekonomi', 'jaga', 'stabilitas', 'ekonomi', 'indonesia', 'qodari', 'qodari', 'indonesia', 'milik', 'potensi', 'ekonomi', 'kembang', 'potensi', 'jalan', 'arah', 'perintah', 'presiden', 'ri', 'prabowo', 'subianto', 'depan', 'amanat', 'pasal', 'uud', 'kait', 'kelola', 'sumber', 'daya', 'alam', 'sebesarbesarnya', 'makmur', 'rakyat', 'implementasi', 'insyaallah', 'wujud', 'maksimal', 'suahasil', 'nazara', 'manfaat', 'nyata', 'masyarakat', 'indonesia', 'kurang', 'senjang', 'tingkat', 'sejahtera', 'masyarakat', 'indonesia', 'seluasluasnya', 'hidup', 'masyarakat', 'indonesia', 'tutup', 'qodari', 'simak', 'video', 'purbaya', 'resmi', 'serah', 'jabat', 'menkeu', 'suahasil', 'gambasvideo', 'detik']",Finance
"Direktur Utama PT Adhi Karya (Persero) Tbk (ADHI) Moeharmein Zein Chaniago buka-bukaan penyebab sebagian proyek LRT City yang digarap PT Adhi Commuter Properti Tbk (ADCP), bermasalah. Berdasarkan pemetaan Adhi Karya, dari sekitar 5.400 unit yang telah terjual, sebanyak 3.000 unit telah diserahterimakan kepada konsumen. Sementara sekitar 2.400 unit di sejumlah proyek LRT City yang hingga kini belum diterima oleh pembeli. Kondisi ini terungkap dalam rapat Direksi PT Adhi Karya (Persero) Tbk bersama Kepala BP BUMN sekaligus COO Danantara Dony Oskaria kemarin, Senin (14/9/2026). SCROLL TO CONTINUE WITH CONTENT Moeharmein mengungkap terlambatnya penyelesaian proyek apartemen LRT City terjadi karena ADCP gagal mencapai target penjualan sehingga menimbulkan masalah arus kas perusahaan. ""Market yang turun, jadi penjualan kita, penjualan ADCP tidak sesuai dengan ekspektasinya. Kita tahu ada krisis ekonomi 2018, dihantam lagi COVID 19, itu membuat market tidak seimbang, sehingga dia (ADCP) kesulitan cashflow,"" ujarnya saat ditemui di Kantor BP BUMN, Selasa (15/9/2026). Dalam kesempatan tersebut juga, ADHI meminta maaf atas permasalahan yang ditimbulkan oleh anak usahanya. Dirinya berkomitmen akan mengawal persoalan ini hingga selesai. ""Jadi sekali lagi seperti halnya tadi kami juga minta maaf ini. Saya sebagai holding ya, sebagai Dirut daripada perusahaan induknya juga diminta dan ini kan sudah menjadi kewajiban kami untuk betul-betul concern untuk mengawal proyek ini untuk diselesaikan sesuai dengan timeline tadi yang sudah ditentukan,"" katanya. Moeharmein menegaskan akan menyelesaikan proyek tersebut dengan kualitas terbaik supaya konsumen tidak terzolimi. Hal ini sesuai dengan arahan BP BUMN dan Danantara sebagai pemegang saham. ""Yang jelas proyek ini diminta oleh tadi pemegang saham untuk diselesaikan dengan kualitas yang terbaik supaya tidak ada lagi konsumen atau korban yang dizolimi. Itu yang diperintah sangat jelas dan tegas tadi dari Kepala Danatara,"" ungkapnya. Sebagai informasi, Kepala BP BUMN sekaligus COO Danantara Dony Oskaria sudah meminta PT Adhi Karya (Persero) Tbk menyelesaikan kewajiban serah terima sekitar 2.400 unit di sejumlah proyek LRT City yang hingga kini belum diterima oleh pembeli. Dony menegaskan penyelesaian persoalan tersebut tidak boleh menimbulkan kerugian bagi konsumen, khususnya masyarakat yang membeli rumah untuk pertama kalinya. ""Tidak boleh merugikan konsumen. Itu dasar daripada penyelesaian kita bahwa tidak boleh merugikan konsumen. Karena konsumennya tidak salah, apalagi kalau orang-orang yang itu membeli rumah, rumah pertamanya. Karena ini adalah kesalahan daripada pihak kita secara internal,"" ujar Dony dalam keterangan tertulis, Selasa (15/9/2026).  Simak juga Video 'Siap Diresmikan Bulan Ini, LRT Kelapa Gading-Manggarai Cuma 28 Menit':  [Gambas:Video 20detik]  ","['direktur', 'utama', 'pt', 'adhi', 'karya', 'persero', 'tbk', 'adhi', 'moeharmein', 'zein', 'chaniago', 'bukabukaan', 'sebab', 'proyek', 'lrt', 'city', 'garap', 'pt', 'adhi', 'commuter', 'properti', 'tbk', 'adcp', 'masalah', 'dasar', 'meta', 'adhi', 'karya', 'unit', 'jual', 'unit', 'diserahterimakan', 'konsumen', 'unit', 'proyek', 'lrt', 'city', 'terima', 'beli', 'kondisi', 'ungkap', 'rapat', 'direksi', 'pt', 'adhi', 'karya', 'persero', 'tbk', 'kepala', 'bp', 'bumn', 'coo', 'danantara', 'dony', 'oskaria', 'kemarin', 'senin', 'scroll', 'to', 'continue', 'with', 'content', 'moeharmein', 'ungkap', 'lambat', 'selesai', 'proyek', 'apartemen', 'lrt', 'city', 'adcp', 'gagal', 'capai', 'target', 'jual', 'timbul', 'arus', 'kas', 'usaha', 'market', 'turun', 'jual', 'jual', 'adcp', 'sesuai', 'ekspektasinya', 'krisis', 'ekonomi', 'hantam', 'covid', 'market', 'imbang', 'adcp', 'sulit', 'cashflow', 'temu', 'kantor', 'bp', 'bumn', 'selasa', 'sempat', 'adhi', 'maaf', 'masalah', 'timbul', 'anak', 'usaha', 'komitmen', 'awal', 'selesai', 'hal', 'maaf', 'holding', 'ya', 'dirut', 'usaha', 'induk', 'wajib', 'betulbetul', 'concern', 'awal', 'proyek', 'selesai', 'sesuai', 'timeline', 'tentu', 'moeharmein', 'selesai', 'proyek', 'kualitas', 'baik', 'konsumen', 'terzolimi', 'sesuai', 'arah', 'bp', 'bumn', 'danantara', 'pegang', 'saham', 'proyek', 'pegang', 'saham', 'selesai', 'kualitas', 'baik', 'konsumen', 'korban', 'dizolimi', 'perintah', 'kepala', 'danatara', 'informasi', 'kepala', 'bp', 'bumn', 'coo', 'danantara', 'dony', 'oskaria', 'pt', 'adhi', 'karya', 'persero', 'tbk', 'selesai', 'wajib', 'serah', 'terima', 'unit', 'proyek', 'lrt', 'city', 'terima', 'beli', 'dony', 'selesai', 'timbul', 'rugi', 'konsumen', 'masyarakat', 'beli', 'rumah', 'kali', 'rugi', 'konsumen', 'dasar', 'selesai', 'rugi', 'konsumen', 'konsumen', 'salah', 'orangorang', 'beli', 'rumah', 'rumah', 'pertama', 'salah', 'internal', 'dony', 'terang', 'tulis', 'selasa', 'simak', 'video', 'resmi', 'lrt', 'kelapa', 'gadingmanggarai', 'menit', 'gambasvideo', 'detik']",Finance
"Ketua Dewan Komisioner Otoritas Jasa Keuangan (OJK), Friderica Widyasari Dewi, menyambut positif dilantiknya Suahasil Nazara sebagai Menteri Keuangan (Menkeu). Menurutnya, Suahasil merupakan sosok yang mumpuni untuk menakhodai Kementerian Keuangan (Kemenkeu). Wanita yang akrab disapa Kiki itu mengaku telah mengenal baik sosok Suahasil. Pasalnya, Bendahara Negara itu sempat menjabat sebagai Dewan Komisioner OJKex-officioKemenkeu. ""Dengan Pak Sua kita kenal baik dan beliau itu pernah menjadi salah satu anggota Dewan Komisioner OJKex-officioKementerian Keuangan. Jadi beliau, kami sudah bekerja sama, pernah bekerja sama dalam satu atap OJK. Jadi dalam hal ini, pertama saya mengucapkan selamat. Beliau figur yang mumpuni dan yang ketiga pernah menjadi keluarga besar OJK,"" ujar Kiki kepada wartawan di Kompleks Parlemen, Senayan, Jakarta, Selasa (15/9/2026). SCROLL TO CONTINUE WITH CONTENT  OJK berharap sinergi dengan Kementerian Keuangan ke depan dapat terus diperkuat, terutama melalui koordinasi dalam Komite Stabilitas Sistem Keuangan (KSSK). Kerja sama tersebut dinilai penting untuk menjaga stabilitas sistem keuangan sekaligus menopang pertumbuhan ekonomi nasional. Friderica juga menyampaikan apresiasi kepada Purbaya Yudhi Sadewa atas kolaborasi yang telah terjalin selama ini. Menurutnya, koordinasi antara OJK dan Purbaya berlangsung dengan sangat baik selama masa jabatannya. ""Untuk Pak Purbaya, kami mengucapkan terima kasih. Selama ini juga koordinasi baik dengan beliau, sangat baik. Terima kasih atas semua sumbangsih beliau selama ini,"" jelasnya. Sebagai informasi, Suahasil dilantik sebagai berdasarkan Keputusan Presiden 97 P Tahun 2026 Pemberhentian dan Pengangkatan Kabinet Merah Putih di sisa masa jabatan 2024-2029. Ia dilantik langsung oleh Prabowo sebagai pengganti Purbaya yang telah menjabat sebagai Menkeu selama satu tahun terakhir. Kemudian pada Selasa (15/9), Purbaya Yudhi Sadewa resmi melepas jabatannya sebagai Menkeu usai satu tahun memimpin Kementerian Keuangan kepada Suahasil Nazara. Proses Serah Terima Jabatan (Sertijab) berlangsung hari ini di Aula Mezzanine, Gedung Djuanda 1 Kementerian Keuangan di Jakarta Pusat. ""Terima kasih semua atas kerja sama selama satu tahun terakhir ini,"" ujar Purbaya singkat.","['ketua', 'dewan', 'komisioner', 'otoritas', 'jasa', 'uang', 'ojk', 'friderica', 'widyasari', 'dewi', 'sambut', 'positif', 'lantik', 'suahasil', 'nazara', 'menteri', 'uang', 'menkeu', 'turut', 'suahasil', 'sosok', 'mumpuni', 'nakhoda', 'menteri', 'uang', 'kemenkeu', 'wanita', 'akrab', 'sapa', 'kiki', 'aku', 'kenal', 'sosok', 'suahasil', 'pasal', 'bendahara', 'negara', 'jabat', 'dewan', 'komisioner', 'ojkexofficiokemenkeu', 'sua', 'kenal', 'beliau', 'salah', 'anggota', 'dewan', 'komisioner', 'ojkexofficiokementerian', 'uang', 'beliau', 'atap', 'ojk', 'selamat', 'beliau', 'figur', 'mumpuni', 'tiga', 'keluarga', 'ojk', 'kiki', 'wartawan', 'kompleks', 'parlemen', 'senayan', 'jakarta', 'selasa', 'scroll', 'to', 'continue', 'with', 'content', 'ojk', 'harap', 'sinergi', 'menteri', 'uang', 'kuat', 'koordinasi', 'komite', 'stabilitas', 'sistem', 'uang', 'kssk', 'kerja', 'nilai', 'jaga', 'stabilitas', 'sistem', 'uang', 'topang', 'tumbuh', 'ekonomi', 'nasional', 'friderica', 'apresiasi', 'purbaya', 'yudhi', 'sadewa', 'kolaborasi', 'jalin', 'turut', 'koordinasi', 'ojk', 'purbaya', 'jabat', 'purbaya', 'terima', 'kasih', 'koordinasi', 'beliau', 'terima', 'kasih', 'sumbangsih', 'beliau', 'informasi', 'suahasil', 'lantik', 'dasar', 'putus', 'presiden', 'p', 'henti', 'angkat', 'kabinet', 'merah', 'putih', 'sisa', 'jabat', 'lantik', 'langsung', 'prabowo', 'ganti', 'purbaya', 'jabat', 'menkeu', 'selasa', 'purbaya', 'yudhi', 'sadewa', 'resmi', 'lepas', 'jabat', 'menkeu', 'pimpin', 'menteri', 'uang', 'suahasil', 'nazara', 'proses', 'serah', 'terima', 'jabat', 'sertijab', 'aula', 'mezzanine', 'gedung', 'djuanda', 'menteri', 'uang', 'jakarta', 'pusat', 'terima', 'kasih', 'kerja', 'purbaya', 'singkat']",Finance
"PT Chandra Asri Pacific Tbk ('Chandra Asri Group') menggandeng Bank Mandiri untuk memperluas akses layanan perbankan bagi pelanggan. Kerja sama ini ditandai dengan penandatanganan Nota Kesepahaman atau Memorandum of Understanding ('MoU') guna mendukung transaksi dan kegiatan usaha di sepanjang rantai nilai industri petrokimia di Wisma Barito Pacific Tower, Jakarta, Senin (14/9). Kerja sama ini menjadi bagian dari upaya kedua perusahaan untuk mendukung kebutuhan pelaku usaha di dalam ekosistem industri petrokimia nasional melalui layanan perbankan yang semakin terintegrasi dan efisien. Dengan memperkuat hubungan antara pelaku industri, mitra pelanggan dan sektor perbankan, kolaborasi ini diharapkan dapat mendukung kelancaran transaksi dan aktivitas usaha di sepanjang rantai nilai industri. SCROLL TO CONTINUE WITH CONTENT Direktur Polymer Sales Polymer Sales Director PT Chandra Asri Pacific Tbk, Raymond Budhin, mengatakan kerja sama dengan Bank Mandiri melengkapi dukungan Chandra Asri Group kepada mitra usaha. Akses terhadap solusi keuangan yang lebih mudah dapat membantu mereka mengembangkan usaha secara efektif. ""Kami mengapresiasi Bank Mandiri atas kolaborasi dan dukungan yang diberikan kepada Chandra Asri Group dalam kerja sama ini. Sebagai bagian penting dari rantai nilai petrokimia Indonesia, kami melihat bahwa dukungan terhadap pelanggan tidak hanya berhenti pada penyediaan produk, tetapi juga bagaimana kami dapat membantu ekosistem usaha yang mendukung kelancaran bisnis mereka,"" ujar Raymond dalam keterangannya, Selasa (15/9/2026). ""Melalui sinergi dengan Bank Mandiri, kami dapat memperluas manfaat yang kami berikan bagi mitra pelanggan melalui akses terhadap layanan perbankan yang relevan dengan kebutuhan usaha mereka. Kami berharap kolaborasi ini dapat memberikan nilai tambah bagi pelanggan, mempererat hubungan bisnis, dan turut mendukung kelancaran aktivitas dalam industri petrokimia di Indonesia,"" jelas Raymond. Penandatanganan MoU tersebut turut dihadiri oleh Wakil Direktur Utama Chandra Asri Pacific Baritono Pangestu, Direktur Supply Chain Chandra Asri Pacific Fransiskus Ruly Aryawan, Senior Executive Vice President Corporate Banking 1 Bank Mandiri Eny Kurniasih M. Mukarromah, Senior Vice President Corporate Banking Bank Mandiri Heru Eko Prasetyo, serta Senior Vice President SME Banking 2 Bank Mandiri Romy Jhonson. Dalam kesepakatan ini, Bank Mandiri akan menyediakan fasilitas penerimaan pembayaran, transaksi perbankan, serta dukungan finansial sesuai kebutuhan mitra pelanggan Chandra Asri Group. Cakupan tersebut dirancang untuk memudahkan pengelolaan keuangan sekaligus mendukung kelancaran transaksi bisnis dengan Chandra Asri Group. Kerja sama ini relevan bagi industri petrokimia karena kelancaran transaksi antara produsen bahan baku dan pelanggan dari berbagai sektor manufaktur turut memengaruhi aktivitas di sepanjang rantai nilai. Konektivitas yang lebih kuat antara sektor industri dan keuangan dapat meningkatkan efisiensi serta daya saing usaha. Senior Executive Vice President Corporate Banking 1 Bank Mandiri, Eny Kurniasih M. Mukarromah mengatakan, kesepakatan ini merupakan langkah konkret untuk mendekatkan layanan keuangan kepada pelaku usaha dalam ekosistem Chandra Asri Group. Dalam hal ini, emiten bersandi bursa BMRI ini akan memanfaatkan kapabilitas dan jaringan yang dimiliki untuk memberikan dukungan sesuai karakteristik usaha Chandra Asri Group. ""Melalui sinergi yang terintegrasi, kami ingin membantu pelaku usaha menjaga kelancaran operasional dan membuka ruang pertumbuhan yang sehat. Konektivitas antara sektor industri dan keuangan juga dapat memperkuat daya saing serta menciptakan keunggulan berkelanjutan bagi industri nasional,"" ujar Eny.  Dia juga menambahkan, kemitraan ini sejalan dengan semangat HUT ke-28 Bank Mandiri, ""Tumbuh Bersama, Majukan Indonesia"". Semangat itu diwujudkan dengan menghadirkan manfaat nyata kepada nasabah, pelaku usaha, dan masyarakat. ""Bank Mandiri akan terus memperkuat peran sebagai mitra strategis pemerintah dan dunia usaha dalam mendorong pertumbuhan ekonomi nasional. Kami berharap inisiatif bersama Chandra Asri Group dapat membuka lebih banyak kesempatan bagi pelaku industri untuk berkembang,"" lanjutnya. Pada kesempatan yang sama, Polymer Sales Director PT Chandra Asri Pacific Tbk, Raymond Budhin, mengatakan kerja sama dengan Bank Mandiri melengkapi dukungan Chandra Asri Group kepada mitra usaha. Akses terhadap solusi keuangan yang lebih mudah dapat membantu mereka mengembangkan usaha secara efektif. ""Sebagai Mitra Pertumbuhan, Chandra Asri Group ingin menghadirkan nilai tambah yang dapat dirasakan langsung oleh pelanggan. Kolaborasi ini memperkuat hubungan kemitraan sekaligus menjaga kesinambungan aktivitas industri dalam negeri,"" kata Raymond. Ke depan, kedua perusahaan akan mengoptimalkan pemanfaatan layanan sesuai perkembangan kebutuhan mitra usaha. Inisiatif ini diharapkan menghasilkan efek berganda berupa peningkatan aktivitas ekonomi, perluasan peluang kemitraan, dan penciptaan lapangan kerja dalam ekosistem industri secara jangka panjang.","['pt', 'chandra', 'asri', 'pacific', 'tbk', 'chandra', 'asri', 'group', 'gandeng', 'bank', 'mandiri', 'luas', 'akses', 'layan', 'perban', 'langgan', 'kerja', 'tanda', 'penandatanganan', 'nota', 'paham', 'memorandum', 'of', 'understanding', 'mou', 'dukung', 'transaksi', 'giat', 'usaha', 'rantai', 'nilai', 'industri', 'petrokimia', 'wisma', 'barito', 'pacific', 'tower', 'jakarta', 'senin', 'kerja', 'upaya', 'usaha', 'dukung', 'butuh', 'laku', 'usaha', 'ekosistem', 'industri', 'petrokimia', 'nasional', 'layan', 'perban', 'integrasi', 'efisien', 'kuat', 'hubung', 'laku', 'industri', 'mitra', 'langgan', 'sektor', 'perban', 'kolaborasi', 'harap', 'dukung', 'lancar', 'transaksi', 'aktivitas', 'usaha', 'rantai', 'nilai', 'industri', 'scroll', 'to', 'continue', 'with', 'content', 'direktur', 'polymer', 'sales', 'polymer', 'sales', 'director', 'pt', 'chandra', 'asri', 'pacific', 'tbk', 'raymond', 'budhin', 'kerja', 'bank', 'mandiri', 'lengkap', 'dukung', 'chandra', 'asri', 'group', 'mitra', 'usaha', 'akses', 'solusi', 'uang', 'mudah', 'bantu', 'kembang', 'usaha', 'efektif', 'apresiasi', 'bank', 'mandiri', 'kolaborasi', 'dukung', 'chandra', 'asri', 'group', 'kerja', 'rantai', 'nilai', 'petrokimia', 'indonesia', 'dukung', 'langgan', 'henti', 'sedia', 'produk', 'bantu', 'ekosistem', 'usaha', 'dukung', 'lancar', 'bisnis', 'raymond', 'terang', 'selasa', 'sinergi', 'bank', 'mandiri', 'luas', 'manfaat', 'mitra', 'langgan', 'akses', 'layan', 'perban', 'relevan', 'butuh', 'usaha', 'harap', 'kolaborasi', 'nilai', 'langgan', 'erat', 'hubung', 'bisnis', 'dukung', 'lancar', 'aktivitas', 'industri', 'petrokimia', 'indonesia', 'raymond', 'penandatanganan', 'mou', 'hadir', 'wakil', 'direktur', 'utama', 'chandra', 'asri', 'pacific', 'baritono', 'pangestu', 'direktur', 'supply', 'chain', 'chandra', 'asri', 'pacific', 'fransiskus', 'ruly', 'aryawan', 'senior', 'executive', 'vice', 'president', 'corporate', 'banking', 'bank', 'mandiri', 'eny', 'kurniasih', 'm', 'mukarromah', 'senior', 'vice', 'president', 'corporate', 'banking', 'bank', 'mandiri', 'heru', 'eko', 'prasetyo', 'senior', 'vice', 'president', 'sme', 'banking', 'bank', 'mandiri', 'romy', 'jhonson', 'sepakat', 'bank', 'mandiri', 'sedia', 'fasilitas', 'terima', 'bayar', 'transaksi', 'perban', 'dukung', 'finansial', 'sesuai', 'butuh', 'mitra', 'langgan', 'chandra', 'asri', 'group', 'cakup', 'rancang', 'mudah', 'kelola', 'uang', 'dukung', 'lancar', 'transaksi', 'bisnis', 'chandra', 'asri', 'group', 'kerja', 'relevan', 'industri', 'petrokimia', 'lancar', 'transaksi', 'produsen', 'bahan', 'baku', 'langgan', 'sektor', 'manufaktur', 'pengaruh', 'aktivitas', 'rantai', 'nilai', 'konektivitas', 'kuat', 'sektor', 'industri', 'uang', 'tingkat', 'efisiensi', 'daya', 'saing', 'usaha', 'senior', 'executive', 'vice', 'president', 'corporate', 'banking', 'bank', 'mandiri', 'eny', 'kurniasih', 'm', 'mukarromah', 'sepakat', 'langkah', 'konkret', 'dekat', 'layan', 'uang', 'laku', 'usaha', 'ekosistem', 'chandra', 'asri', 'group', 'emiten', 'sandi', 'bursa', 'bmri', 'manfaat', 'kapabilitas', 'jaring', 'milik', 'dukung', 'sesuai', 'karakteristik', 'usaha', 'chandra', 'asri', 'group', 'sinergi', 'integrasi', 'bantu', 'laku', 'usaha', 'jaga', 'lancar', 'operasional', 'buka', 'ruang', 'tumbuh', 'sehat', 'konektivitas', 'sektor', 'industri', 'uang', 'kuat', 'daya', 'saing', 'cipta', 'unggul', 'lanjut', 'industri', 'nasional', 'eny', 'mitra', 'jalan', 'semangat', 'hut', 'bank', 'mandiri', 'tumbuh', 'maju', 'indonesia', 'semangat', 'wujud', 'hadir', 'manfaat', 'nyata', 'nasabah', 'laku', 'usaha', 'masyarakat', 'bank', 'mandiri', 'kuat', 'peran', 'mitra', 'strategis', 'perintah', 'dunia', 'usaha', 'dorong', 'tumbuh', 'ekonomi', 'nasional', 'harap', 'inisiatif', 'chandra', 'asri', 'group', 'buka', 'sempat', 'laku', 'industri', 'kembang', 'sempat', 'polymer', 'sales', 'director', 'pt', 'chandra', 'asri', 'pacific', 'tbk', 'raymond', 'budhin', 'kerja', 'bank', 'mandiri', 'lengkap', 'dukung', 'chandra', 'asri', 'group', 'mitra', 'usaha', 'akses', 'solusi', 'uang', 'mudah', 'bantu', 'kembang', 'usaha', 'efektif', 'mitra', 'tumbuh', 'chandra', 'asri', 'group', 'hadir', 'nilai', 'rasa', 'langsung', 'langgan', 'kolaborasi', 'kuat', 'hubung', 'mitra', 'jaga', 'sinambung', 'aktivitas', 'industri', 'negeri', 'raymond', 'usaha', 'optimal', 'manfaat', 'layan', 'sesuai', 'kembang', 'butuh', 'mitra', 'usaha', 'inisiatif', 'harap', 'hasil', 'efek', 'ganda', 'tingkat', 'aktivitas', 'ekonomi', 'luas', 'peluang', 'mitra', 'cipta', 'lapang', 'kerja', 'ekosistem', 'industri', 'jangka']",Finance
"PT Aneka Tambang Tbk atau Antam khawatir konsumen emas yang selama ini membeli di gerainya berpindah ke pedagang lain menyusul penerapan kewajiban pelaporan data transaksi kepada Direktorat Jenderal Pajak. Kewajiban tersebut diatur dalam Peraturan Menteri Keuangan (PMK) Nomor 8 Tahun 2026. Antam sebagai Instansi, Lembaga, Asosiasi, dan Pihak Lain (ILAP) wajib menyerahkan data penjualan emas dan perak ke kantor pajak. Direktur Utama Antam, Untung Budiharto mengatakan, pihaknya mendukung kebijakan tersebut karena transparansi menjadi bagian yang penting. Namun, Untung menyoroti potensi perbedaan kewajiban pelaporan antara Antam dengan perusahaan lainnya. SCROLL TO CONTINUE WITH CONTENT ""Antam mendukung kebijakan ini karena transparansi transaksi merupakan bagian penting dari tata kelola industri yang baik. Namun, kami berharap adanya penerapan yang adil dan setara bagi seluruh pelaku perdagangan emas, jangan hanya Antam dan anak perusahaan Antam,"" ujar Untung dalam rapat dengan Komisi XII DPR, di Jakarta, Selasa (15/9/2026). Menurut Untung banyak konsumen yang keberatan sehingga mengalihkan transaksi dari butik Antam ke toko lainnya. Ia juga menyinggung soal kondisi penjualan emas Antam yang sedang mengalami penurunan. ""Saat ini tren penjualan emas Antam sedang mengalami penurunan, dan hal yang dapat menjadi perhatian kami adalah respons pasar terhadap kewajiban ILAP tersebut. Terdapat potensi konsumen yang merasa keberatan kemudian mengalihkan transaksi dari butik resmi Antam ke toko atau pedagang emas lainnya yang tidak memiliki kewajiban pelaporan yang sama,"" jelas Untung. Peralihan konsumen bukan hanya berpotensi berdampak terhadap penjualan Antam. Transaksi emas juga dikhawatirkan bergeser dari kanal formal dan tercatat menuju kanal perdagangan yang tingkat pengawasannya belum tentu sama. ""Jika hal ini terjadi, dampaknya bukan hanya terhadap penjualan Antam, tetapi juga berpotensi mengeser transaksi dari kanal yang formal dan tercatat ke kanal yang tingkat pengawasannya belum tentu sama,"" tutur Untung. Dalam aturan terbaru, ILAP wajib menyampaikan data penjualan emas dan perak setiap bulan, termasuk identitas pembeli berupa NPWP/NIK, berat dan jumlah emas, harga dan total transaksi, alamat pembeli, serta lokasi butik pembelian.","['pt', 'aneka', 'tambang', 'tbk', 'antam', 'khawatir', 'konsumen', 'emas', 'beli', 'gerai', 'pindah', 'dagang', 'susul', 'terap', 'wajib', 'lapor', 'data', 'transaksi', 'direktorat', 'jenderal', 'pajak', 'wajib', 'atur', 'atur', 'menteri', 'uang', 'pmk', 'nomor', 'antam', 'instansi', 'lembaga', 'asosiasi', 'ilap', 'wajib', 'serah', 'data', 'jual', 'emas', 'perak', 'kantor', 'pajak', 'direktur', 'utama', 'antam', 'untung', 'budiharto', 'dukung', 'bijak', 'transparansi', 'untung', 'sorot', 'potensi', 'beda', 'wajib', 'lapor', 'antam', 'usaha', 'scroll', 'to', 'continue', 'with', 'content', 'antam', 'dukung', 'bijak', 'transparansi', 'transaksi', 'tata', 'kelola', 'industri', 'harap', 'terap', 'adil', 'tara', 'laku', 'dagang', 'emas', 'antam', 'anak', 'usaha', 'antam', 'untung', 'rapat', 'komisi', 'xii', 'dpr', 'jakarta', 'selasa', 'untung', 'konsumen', 'berat', 'alih', 'transaksi', 'butik', 'antam', 'toko', 'singgung', 'kondisi', 'jual', 'emas', 'antam', 'alami', 'turun', 'tren', 'jual', 'emas', 'antam', 'alami', 'turun', 'perhati', 'respons', 'pasar', 'wajib', 'ilap', 'potensi', 'konsumen', 'berat', 'alih', 'transaksi', 'butik', 'resmi', 'antam', 'toko', 'dagang', 'emas', 'milik', 'wajib', 'lapor', 'untung', 'alih', 'konsumen', 'potensi', 'dampak', 'jual', 'antam', 'transaksi', 'emas', 'khawatir', 'geser', 'kanal', 'formal', 'catat', 'kanal', 'dagang', 'tingkat', 'awas', 'dampak', 'jual', 'antam', 'potensi', 'mengeser', 'transaksi', 'kanal', 'formal', 'catat', 'kanal', 'tingkat', 'awas', 'untung', 'atur', 'baru', 'ilap', 'wajib', 'data', 'jual', 'emas', 'perak', 'identitas', 'beli', 'npwpnik', 'berat', 'emas', 'harga', 'total', 'transaksi', 'alamat', 'beli', 'lokasi', 'butik', 'beli']",Finance
"PT Asuransi Tugu Pratama Indonesia Tbk (Tugu Insurance) terus menjaga momentum pertumbuhan dengan memperkuat fundamental bisnis dan kualitas kinerja secara berkelanjutan. Di tengah dinamika industri asuransi nasional, perseroan konsisten mengedepankan kualitas underwriting, pengelolaan risiko yang efektif, hingga optimalisasi portofolio bisnis. Sepanjang 2025, Tugu Insurance membukukan pendapatan jasa asuransi sebesar Rp9,11 triliun dengan laba bersih mencapai Rp711,06 miliar. Pada periode yang sama, hasil jasa asuransi meningkat 39,10% secara tahunan menjadi Rp1,02 triliun, didorong oleh kinerja positif sejumlah lini bisnis unggulan, antara lain fire & property, offshore, dan aviation. Kinerja tersebut berlanjut pada Semester I 2026. Tugu Insurance mencatatkan pendapatan jasa asuransi sebesar Rp4,45 triliun atau tumbuh 16,31% dibandingkan periode yang sama tahun sebelumnya. SCROLL TO CONTINUE WITH CONTENT Sementara itu, hasil jasa asuransi mencapai Rp602,95 miliar, meningkat signifikan sebesar 85,56% secara tahunan. Adapun laba yang dapat diatribusikan kepada pemilik entitas induk tercatat sebesar Rp480,29 miliar, tumbuh 76,87% dibandingkan Semester I 2025.  Dari sisi keuangan, fundamental perseroan semakin solid dengan raihan total aset mencapai Rp29,49 triliun per 30 Juni 2026 atau tumbuh 6,40% dari akhir tahun lalu. Pertumbuhan aset ini mencerminkan kemampuan perseroan dalam menjaga ketahanan bisnis sekaligus mendukung ekspansi usaha secara prudensial dan berkelanjutan. Direktur Keuangan dan Layanan Korporat Tugu Insurance, Fitri Azwar, menegaskan bahwa capaian tersebut menjadi bukti keberhasilan perseroan. Kinerja ini tercapai berkat konsistensi perseroan dalam menjaga keseimbangan antara pertumbuhan bisnis dan pengelolaan risiko. ""Prioritas kami adalah memastikan kesinambungan bisnis, memenuhi komitmen kepada seluruh pemangku kepentingan, serta menciptakan nilai tambah yang berkelanjutan melalui langkah-langkah yang terukur dan konsisten,"" ujar Fitri dalam keterangan tertulis, Selasa (15/9/2026).  Konsistensi kinerja yang ditunjukkan Tugu Insurance tersebut turut memperoleh apresiasi dari berbagai pihak. Perseroan berhasil meraih dua penghargaan bergengsi, yakni Bisnis Indonesia Awards (BIA) 2026 sebagai Emiten Unggul Sektor Asuransi serta Insurance Market Leaders Award dari Media Asuransi sebagai salah satu Market Leaders Asuransi Umum Joint Venture. Pencapaian tersebut menjadi bagian dari rekam jejak Perseroan dalam menjaga kinerja dan memperkuat fundamental bisnis secara berkelanjutan. Sejalan dengan hal tersebut, Tugu Insurance akan selalu mengoptimalkan portofolio bisnis, meningkatkan kualitas layanan, memperkuat penerapan manajemen risiko, serta mengembangkan inovasi yang selaras dengan kebutuhan pelanggan. Langkah tersebut merupakan bagian dari upaya Perseroan untuk mempertahankan pertumbuhan yang sehat dan berkelanjutan, sekaligus menciptakan nilai tambah bagi pemegang saham, nasabah, mitra bisnis, dan seluruh pemangku kepentingan. Bagi Tugu Insurance, penghargaan yang diraih menjadi apresiasi sekaligus motivasi untuk terus meningkatkan kinerja dan memperkuat kontribusi bagi perkembangan industri asuransi nasional.","['pt', 'asuransi', 'tugu', 'pratama', 'indonesia', 'tbk', 'tugu', 'insurance', 'jaga', 'momentum', 'tumbuh', 'kuat', 'fundamental', 'bisnis', 'kualitas', 'kerja', 'lanjut', 'dinamika', 'industri', 'asuransi', 'nasional', 'persero', 'konsisten', 'depan', 'kualitas', 'underwriting', 'kelola', 'risiko', 'efektif', 'optimalisasi', 'portofolio', 'bisnis', 'tugu', 'insurance', 'buku', 'dapat', 'jasa', 'asuransi', 'rp', 'triliun', 'laba', 'bersih', 'capai', 'rp', 'miliar', 'periode', 'hasil', 'jasa', 'asuransi', 'tingkat', 'tahun', 'rp', 'triliun', 'dorong', 'kerja', 'positif', 'lini', 'bisnis', 'unggul', 'fire', 'property', 'offshore', 'aviation', 'kerja', 'lanjut', 'semester', 'i', 'tugu', 'insurance', 'catat', 'dapat', 'jasa', 'asuransi', 'rp', 'triliun', 'tumbuh', 'banding', 'periode', 'scroll', 'to', 'continue', 'with', 'content', 'hasil', 'jasa', 'asuransi', 'capai', 'rp', 'miliar', 'tingkat', 'signifikan', 'tahun', 'laba', 'diatribusikan', 'milik', 'entitas', 'induk', 'catat', 'rp', 'miliar', 'tumbuh', 'banding', 'semester', 'i', 'sisi', 'uang', 'fundamental', 'persero', 'solid', 'raih', 'total', 'aset', 'capai', 'rp', 'triliun', 'juni', 'tumbuh', 'tumbuh', 'aset', 'cermin', 'mampu', 'persero', 'jaga', 'tahan', 'bisnis', 'dukung', 'ekspansi', 'usaha', 'prudensial', 'lanjut', 'direktur', 'uang', 'layan', 'korporat', 'tugu', 'insurance', 'fitri', 'azwar', 'capai', 'bukti', 'hasil', 'persero', 'kerja', 'capai', 'berkat', 'konsistensi', 'persero', 'jaga', 'imbang', 'tumbuh', 'bisnis', 'kelola', 'risiko', 'prioritas', 'sinambung', 'bisnis', 'penuh', 'komitmen', 'mang', 'penting', 'cipta', 'nilai', 'lanjut', 'langkahlangkah', 'ukur', 'konsisten', 'fitri', 'terang', 'tulis', 'selasa', 'konsistensi', 'kerja', 'tugu', 'insurance', 'oleh', 'apresiasi', 'persero', 'hasil', 'raih', 'harga', 'gengsi', 'bisnis', 'indonesia', 'awards', 'bia', 'emiten', 'unggul', 'sektor', 'asuransi', 'insurance', 'market', 'leaders', 'award', 'media', 'asuransi', 'salah', 'market', 'leaders', 'asuransi', 'joint', 'venture', 'capai', 'rekam', 'jejak', 'persero', 'jaga', 'kerja', 'kuat', 'fundamental', 'bisnis', 'lanjut', 'jalan', 'tugu', 'insurance', 'optimal', 'portofolio', 'bisnis', 'tingkat', 'kualitas', 'layan', 'kuat', 'terap', 'manajemen', 'risiko', 'kembang', 'inovasi', 'selaras', 'butuh', 'langgan', 'langkah', 'upaya', 'persero', 'tahan', 'tumbuh', 'sehat', 'lanjut', 'cipta', 'nilai', 'pegang', 'saham', 'nasabah', 'mitra', 'bisnis', 'mang', 'penting', 'tugu', 'insurance', 'harga', 'raih', 'apresiasi', 'motivasi', 'tingkat', 'kerja', 'kuat', 'kontribusi', 'kembang', 'industri', 'asuransi', 'nasional']",Finance
"Badan Pengaturan BUMN (BP BUMN) dan PT Adhi Karya (Persero) Tbk (ADHI) meminta maaf kepada para konsumen terdampak masalah proyek LRT City. Hal ini disampaikan oleh Wakil Kepala BP BUMN Aminuddin Ma'ruf dan Direktur Utama PT Adhi Karya (Persero) Tbk (ADHI) Moeharmein Zein Chaniago dalam pertemuan dengan perwakilan konsumen di Gedung BP BUMN, Jakarta, Selasa (15/9/2026). Aminuddin memastikan persoalan tersebut akan diselesaikan. SCROLL TO CONTINUE WITH CONTENT ""Yang pertama tentunya atas ketidaknyamanan selama ini kami memohon maaf. Yang kedua kami berkomitmen untuk menyelesaikan semua masalah,"" ujar Aminuddin. BP BUMN akan menginventarisasi seluruh persoalan dan aspirasi dari para konsumen lebih dari 2.000 konsumen hingga 1 Oktober 2026. Setelah seluruh persoalan diinventarisasi hingga 1 Oktober, pihaknya akan kembali menggelar pertemuan lanjutan sekitar 10-15 Oktober 2026 untuk membahas langkah penyelesaiannya. Menteri Perumahan dan Kawasanm Permukiman Maruarar Sirait atau biasa dikenal dengan Ara, dan Kepala BP BUMN Dony Oskaria juga membentuk tim pengawas untuk penyelesaian masalah ini. ""Tadi juga dibentuk oleh Pak Ara bersama Pak Dony tim pengawas dari perwakilan korban, dari PKP dan BP BUMN. Pada kesempatan ini Pak Dony tadi menyampaikan kami tidak berpangku tangan, cuci tangan juga tidak sama sekali. Kami bertanggung jawab pada seluruh korban, negara hadir dan kami berkomitmen untuk menyelesaikan,"" terang Aminuddin. Di tempat yang sama, Direktur Utama PT Adhi Karya (Persero) Tbk (ADHI) Moeharmein Zein Chaniago juga meminta maaf atas permasalahan yang ditimbulkan oleh anak usahanya. Dirinya berkomitmen akan mengawal persoalan ini hingga selesai. ""Jadi sekali lagi seperti halnya tadi kami juga minta maaf ini. Saya sebagai holding ya, sebagai Dirut daripada perusahaan induknya juga diminta dan ini kan sudah menjadi kewajiban kami untuk betul-betul concern untuk mengawal proyek ini untuk diselesaikan sesuai dengan timeline tadi yang sudah ditentukan,"" tutur Zein. Moeharmein menegaskan akan menyelesaikan proyek tersebut dengan kualitas terbaik supaya konsumen tidak terzolimi. Hal ini sesuai dengan arahan BP BUMN dan Danantara sebagai pemegang saham. ""Yang jelas proyek ini diminta oleh tadi pemegang saham untuk diselesaikan dengan kualitas yang terbaik supaya tidak ada lagi konsumen atau korban yang dizolimi. Itu yang diperintah sangat jelas dan tegas tadi dari Kepala Danatara,"" ungkapnya. Sebelumnya, BP BUMN dan Danantara telah meminta PT Adhi Karya (Persero) Tbk untuk menuntaskan kewajiban serah terima sekitar 2.400 unit di sejumlah proyek LRT City yang hingga kini belum diterima oleh pembeli. Berdasarkan pemetaan Adhi Karya, dari sekitar 5.400 unit yang telah terjual, sebanyak 3.000 unit telah diserahterimakan kepada konsumen. Adapun hal ini diketahui dalam rapat Direksi PT Adhi Karya (Persero) Tbk bersama Kepala BP BUMN sekaligus COO Danantara Dony Oskaria kemarin, Senin (14/9/2026).  Dony menegaskan penyelesaian persoalan tersebut tidak boleh menimbulkan kerugian bagi konsumen, khususnya masyarakat yang membeli rumah untuk pertama kalinya. ""Tidak boleh merugikan konsumen. Itu dasar daripada penyelesaian kita bahwa tidak boleh merugikan konsumen. Karena konsumennya tidak salah, apalagi kalau orang-orang yang itu membeli rumah, rumah pertamanya. Karena ini adalah kesalahan daripada pihak kita secara internal,"" ujar Dony dalam keterangan tertulis, Selasa (15/9/2026). Untuk menentukan langkah penyelesaian, Danantara akan berdialog dengan perwakilan konsumen dan Menteri Perumahan dan Kawasan Permukiman. Pertemuan tersebut akan membahas sejumlah opsi penyelesaian bagi konsumen yang belum menerima unit. Selain itu, Adhi Karya diminta menyusun perhitungan biaya penyelesaian proyek serta rencana bisnis yang komprehensif. Langkah tersebut diperlukan untuk memastikan setiap opsi penyelesaian memiliki dasar perhitungan yang jelas, baik melalui penyelesaian pembangunan maupun pengembalian dana konsumen. Dony menegaskan persoalan tersebut harus segera memiliki penyelesaian konkret dan tidak boleh dibiarkan berlarut-larut. ""Bagaimanapun kan ini harus diselesaikan. Nggak mungkin apa nanti merugikan konsumen kita kan. Jadi bagi saya ini harus diselesaikan, baik itu penyelesaian apakah nanti kita mengembalikan atau kita membangun. Itu harus diselesaikan itu instruksi dari saya ya, mau ini dibayarin, direfund dulu, ini harus diselesaikan. Bukan berarti itu dibiarin mangkrak begitu,"" jelas Dony","['badan', 'atur', 'bumn', 'bp', 'bumn', 'pt', 'adhi', 'karya', 'persero', 'tbk', 'adhi', 'maaf', 'konsumen', 'dampak', 'proyek', 'lrt', 'city', 'wakil', 'kepala', 'bp', 'bumn', 'aminuddin', 'maruf', 'direktur', 'utama', 'pt', 'adhi', 'karya', 'persero', 'tbk', 'adhi', 'moeharmein', 'zein', 'chaniago', 'temu', 'wakil', 'konsumen', 'gedung', 'bp', 'bumn', 'jakarta', 'selasa', 'aminuddin', 'selesai', 'scroll', 'to', 'continue', 'with', 'content', 'ketidaknyamanan', 'mohon', 'maaf', 'komitmen', 'selesai', 'aminuddin', 'bp', 'bumn', 'inventarisasi', 'aspirasi', 'konsumen', 'konsumen', 'oktober', 'inventarisasi', 'oktober', 'gelar', 'temu', 'lanjut', 'oktober', 'bahas', 'langkah', 'selesai', 'menteri', 'rumah', 'kawasanm', 'mukim', 'maruarar', 'sirait', 'kenal', 'ara', 'kepala', 'bp', 'bumn', 'dony', 'oskaria', 'bentuk', 'tim', 'awas', 'selesai', 'bentuk', 'ara', 'dony', 'tim', 'awas', 'wakil', 'korban', 'pkp', 'bp', 'bumn', 'sempat', 'dony', 'pangku', 'tangan', 'cuci', 'tangan', 'tanggung', 'korban', 'negara', 'hadir', 'komitmen', 'selesai', 'terang', 'aminuddin', 'direktur', 'utama', 'pt', 'adhi', 'karya', 'persero', 'tbk', 'adhi', 'moeharmein', 'zein', 'chaniago', 'maaf', 'masalah', 'timbul', 'anak', 'usaha', 'komitmen', 'awal', 'selesai', 'hal', 'maaf', 'holding', 'ya', 'dirut', 'usaha', 'induk', 'wajib', 'betulbetul', 'concern', 'awal', 'proyek', 'selesai', 'sesuai', 'timeline', 'tentu', 'zein', 'moeharmein', 'selesai', 'proyek', 'kualitas', 'baik', 'konsumen', 'terzolimi', 'sesuai', 'arah', 'bp', 'bumn', 'danantara', 'pegang', 'saham', 'proyek', 'pegang', 'saham', 'selesai', 'kualitas', 'baik', 'konsumen', 'korban', 'dizolimi', 'perintah', 'kepala', 'danatara', 'bp', 'bumn', 'danantara', 'pt', 'adhi', 'karya', 'persero', 'tbk', 'tuntas', 'wajib', 'serah', 'terima', 'unit', 'proyek', 'lrt', 'city', 'terima', 'beli', 'dasar', 'meta', 'adhi', 'karya', 'unit', 'jual', 'unit', 'diserahterimakan', 'konsumen', 'rapat', 'direksi', 'pt', 'adhi', 'karya', 'persero', 'tbk', 'kepala', 'bp', 'bumn', 'coo', 'danantara', 'dony', 'oskaria', 'kemarin', 'senin', 'dony', 'selesai', 'timbul', 'rugi', 'konsumen', 'masyarakat', 'beli', 'rumah', 'kali', 'rugi', 'konsumen', 'dasar', 'selesai', 'rugi', 'konsumen', 'konsumen', 'salah', 'orangorang', 'beli', 'rumah', 'rumah', 'pertama', 'salah', 'internal', 'dony', 'terang', 'tulis', 'selasa', 'tentu', 'langkah', 'selesai', 'danantara', 'dialog', 'wakil', 'konsumen', 'menteri', 'rumah', 'kawasan', 'mukim', 'temu', 'bahas', 'opsi', 'selesai', 'konsumen', 'terima', 'unit', 'adhi', 'karya', 'susun', 'hitung', 'biaya', 'selesai', 'proyek', 'rencana', 'bisnis', 'komprehensif', 'langkah', 'opsi', 'selesai', 'milik', 'dasar', 'hitung', 'selesai', 'bangun', 'kembali', 'dana', 'konsumen', 'dony', 'milik', 'selesai', 'konkret', 'biar', 'berlarutlarut', 'selesai', 'nggak', 'rugi', 'konsumen', 'selesai', 'selesai', 'kembali', 'bangun', 'selesai', 'instruksi', 'ya', 'dibayarin', 'direfund', 'selesai', 'dibiarin', 'mangkrak', 'dony']",Finance
"Pergerakan saham PT Summarecon Agung Tbk (SMRA) anjlok usai Komisi Pemberantasan Korupsi (KPK) melakukan operasi tangkap tangan (OTT) terhadap Badan Pertanahan Nasional (BPN) Kabupaten Bogor. Operasi tersebut diketahui turut menjaring Presiden Direktur SMRA, Adrianto Pitojo Adhi. Berdasarkan data perdagangan RTI Business, saham SMRA tercatat melemah 13,25% ke level Rp 288 hingga penutupan perdagangan. SMRA bergerak di zona merah sejak pembukaan perdagangan pagi tadi, yang dibuka pada level Rp 328 per saham. Saat ini tercatat volume perdagangan sebesar 186,74 juta dengan nilai transaksi sebesar Rp 56,18 miliar. Tercatat frekuensi saham yang diperdagangkan sebanyak 8.877 kali. SCROLL TO CONTINUE WITH CONTENT  Hari ini, SMRA juga tercatat mengalami aksi jual bersih investor asing atau net foreign sell sebesar Rp 2,89 miliar. Sepanjang tahun 2026, SMRA mencatat net foreign sell sebesar Rp 274,94 miliar. Sebagai informasi, Presiden Direktur SMRA, Adrianto Pitojo Adhi, menjadi salah satu pihak yang terjaring dalam OTT KPK di BPN Kabupaten Bogor. Hal ini dibenarkan oleh juru bicara KPK, Budi Prasetyo. Total ada 17 orang yang ditangkap KPK. Salah satu pihak yang terjaring adalah Direktur Jenderal (Dirjen) Pengendalian dan Penertiban Tanah dan Ruang (PPTR), Lampri; Kepala Kantor Pertanahan (Kantah) Bogor, Sontang Coin Manurung; dan Kantah Tangerang, Tardi. ""Benar (Presiden Direktur PT Summarecon Agung Tbk, Adrianto Pitojo Adhi, ikut terjaring OTT),"" kata Budi dikutip dari detikNews, Selasa (15/9/2026).","['gera', 'saham', 'pt', 'summarecon', 'agung', 'tbk', 'smra', 'anjlok', 'komisi', 'berantas', 'korupsi', 'kpk', 'operasi', 'tangkap', 'tangan', 'ott', 'badan', 'tanah', 'nasional', 'bpn', 'kabupaten', 'bogor', 'operasi', 'jaring', 'presiden', 'direktur', 'smra', 'adrianto', 'pitojo', 'adhi', 'dasar', 'data', 'dagang', 'rti', 'business', 'saham', 'smra', 'catat', 'lemah', 'level', 'rp', 'tutup', 'dagang', 'smra', 'gerak', 'zona', 'merah', 'buka', 'dagang', 'pagi', 'buka', 'level', 'rp', 'saham', 'catat', 'volume', 'dagang', 'juta', 'nilai', 'transaksi', 'rp', 'miliar', 'catat', 'frekuensi', 'saham', 'dagang', 'kali', 'scroll', 'to', 'continue', 'with', 'content', 'smra', 'catat', 'alami', 'aksi', 'jual', 'bersih', 'investor', 'asing', 'net', 'foreign', 'sell', 'rp', 'miliar', 'smra', 'catat', 'net', 'foreign', 'sell', 'rp', 'miliar', 'informasi', 'presiden', 'direktur', 'smra', 'adrianto', 'pitojo', 'adhi', 'salah', 'jaring', 'ott', 'kpk', 'bpn', 'kabupaten', 'bogor', 'benar', 'juru', 'bicara', 'kpk', 'budi', 'prasetyo', 'total', 'orang', 'tangkap', 'kpk', 'salah', 'jaring', 'direktur', 'jenderal', 'dirjen', 'kendali', 'tertib', 'tanah', 'ruang', 'pptr', 'lampri', 'kepala', 'kantor', 'tanah', 'kan', 'bogor', 'sontang', 'coin', 'manurung', 'kan', 'tangerang', 'tardi', 'presiden', 'direktur', 'pt', 'summarecon', 'agung', 'tbk', 'adrianto', 'pitojo', 'adhi', 'jaring', 'ott', 'budi', 'kutip', 'detiknews', 'selasa']",Finance
"PFI Mega Life dan METRO Department Store resmi menghadirkan kolaborasi yang mengintegrasikan perlindungan kecelakaan diri atau layanan Personal Accident dalam transaksi pembelian koper di METRO. Inisiatif ini menjadi bagian dari upaya kedua perusahaan yang berada di bawah ekosistem CT Corpora untuk menghadirkan solusi perlindungan yang lebih relevan, mudah diakses, dan dekat dengan kebutuhan masyarakat dalam mempersiapkan perjalanan. Kolaborasi ini mengusung konsep embedded insurance, yaitu menghadirkan manfaat perlindungan sebagai bagian dari pengalaman pelanggan ketika melakukan transaksi produk yang memiliki keterkaitan langsung dengan kebutuhan perjalanan.Melalui konsep ini, pelanggan tidak hanya mendapatkan produk yang dibutuhkan untuk bepergian, tetapi juga memperoleh tambahan manfaat perlindungan dalam satu rangkaian transaksi. Bagi PFI Mega Life dan METRO, kolaborasi ini merupakan upaya untuk menghadirkan makna lebih dalam dari sebuah persiapan perjalanan. Sebab, perjalanan bukan hanya tentang destinasi yang ingin dicapai, tetapi juga tentang bagaimana setiap langkah dipersiapkan dengan lebih baik, termasuk dengan perlindungan yang dapat memberikan rasa aman dan nyaman bagi pelanggan. SCROLL TO CONTINUE WITH CONTENT  Sebagai tahap awal, program ini diluncurkan di METRO Pondok Indah Mall. Melalui program tersebut, pelanggan yang melakukan pembelian koper jenis apa pun di METRO Pondok Indah Mall akan mendapatkan informasi mengenai manfaat perlindungan Personal Accident yang tersedia sesuai dengan ketentuan program.Setelah proses pemenuhan persyaratan dilakukan, pelanggan akan menerima informasi polis sesuai dengan mekanisme yang berlaku. Kolaborasi ini menjadi langkah awal bagi PFI Mega Life dan METRO dalam mengembangkan pengalaman pelanggan yang lebih terintegrasi, sekaligus membuka peluang untuk memperluas manfaat perlindungan serupa ke jaringan METRO lainnya di berbagai wilayah Indonesia. ""Melindungi masyarakat melalui solusi yang relevan dan mudah diakses merupakan bagian dari komitmen PFI Mega Life dalam menjalankan misi We Protect Dreams. Melalui kolaborasi dengan METRO, kami ingin menghadirkan perlindungan pada momen yang dekat dengan kebutuhan pelanggan, khususnya saat mereka mempersiapkan perjalanan. Kami percaya bahwa sebuah perjalanan akan memiliki makna yang lebih ketika setiap langkahnya dipersiapkan dengan baik, termasuk dengan perlindungan yang memberikan rasa aman dan nyaman. Program ini juga menjadi langkah awal bagi kami untuk mengembangkan model embedded insurance yang dapat memberikan nilai tambah dan manfaat yang bermakna bagi pelanggan,"" kata Samdarshi Sumit, President Director PFI Mega Life dalam keterangan tertulis, Selasa (15/9/2026).  Sejalan dengan hal tersebut, METRO melihat kolaborasi ini sebagai bagian dari komitmen untuk terus memberikan nilai tambah dalam pengalaman berbelanja pelanggan. Sebagai department store yang menghadirkan berbagai kebutuhan fashion dan lifestyle, termasuk produk koper dan travel accessories, METRO berupaya menghadirkan solusi yang tidak hanya berfokus pada produk, tetapi juga pada kebutuhan pelanggan dalam menjalani aktivitas sehari-hari maupun mempersiapkan perjalanan. ""Bagi METRO, pengalaman berbelanja bukan hanya mengenai produk yang pelanggan dapatkan, tetapi juga bagaimana kami dapat memberikan nilai tambah dalam setiap perjalanan mereka. Melalui kolaborasi dengan PFI Mega Life, pelanggan yang membeli koper di METRO Pondok Indah Mall kini dapat memperoleh tambahan manfaat perlindungan Personal Accident,"" ujar Christopher Caesario, Head of Marketing Communication METRO & Trans Fashion Indonesia. Melalui program kolaborasi ini, pelanggan mendapatkan sejumlah manfaat, antaralain:â¢ Perlindungan Personal Accident yang terintegrasi dengan transaksipembelian koper.â¢ Memberikan nilai tambah dan makna lebih dalam bagi pelanggan saatmempersiapkan kebutuhan perjalanan.â¢ Proses pemberian informasi dan pemenuhan perlindungan dirancang agarmudah diakses pelanggan.â¢ Program tersedia bagi pelanggan yang melakukan pembelian koper jenis apa pun di METRO Pondok Indah Mall, sesuai dengan ketentuan yang berlaku. 1. Pelanggan melakukan transaksi pembelian koper jenis apa pun di METROPondok Indah Mall.2. Pelanggan mendapatkan informasi mengenai program dan manfaatperlindungan Personal Accident sesuai dengan ketentuan yang berlaku.3. Pelanggan mengikuti proses yang diperlukan untuk mendapatkanperlindungan.4. Setelah proses selesai, informasi polis diberikan kepada pelanggan sesuai dengan mekanisme program. Pelanggan yang memenuhi ketentuan program akan mendapatkan manfaatperlindungan sebagai berikut:â¢ Manfaat meninggal dunia akibat kecelakaan: Rp10.000.000â¢ Manfaat cacat tetap total akibat kecelakaan: Rp10.000.000â¢ Manfaat perawatan rumah sakit akibat kecelakaan: Rp1.000.000 per periode pertanggungan Manfaat perlindungan diberikan sesuai dengan syarat, ketentuan, dan periode pertanggungan yang berlaku.","['pfi', 'mega', 'life', 'metro', 'department', 'store', 'resmi', 'hadir', 'kolaborasi', 'integrasi', 'lindung', 'celaka', 'layan', 'personal', 'accident', 'transaksi', 'beli', 'koper', 'metro', 'inisiatif', 'upaya', 'usaha', 'ekosistem', 'ct', 'corpora', 'hadir', 'solusi', 'lindung', 'relevan', 'mudah', 'akses', 'butuh', 'masyarakat', 'jalan', 'kolaborasi', 'usung', 'konsep', 'embedded', 'insurance', 'hadir', 'manfaat', 'lindung', 'alam', 'langgan', 'transaksi', 'produk', 'milik', 'kait', 'langsung', 'butuh', 'perjalananmelalui', 'konsep', 'langgan', 'produk', 'butuh', 'pergi', 'oleh', 'tambah', 'manfaat', 'lindung', 'rangkai', 'transaksi', 'pfi', 'mega', 'life', 'metro', 'kolaborasi', 'upaya', 'hadir', 'makna', 'siap', 'jalan', 'jalan', 'destinasi', 'capai', 'langkah', 'siap', 'lindung', 'aman', 'nyaman', 'langgan', 'scroll', 'to', 'continue', 'with', 'content', 'tahap', 'program', 'luncur', 'metro', 'pondok', 'indah', 'mall', 'program', 'langgan', 'beli', 'koper', 'jenis', 'metro', 'pondok', 'indah', 'mall', 'informasi', 'manfaat', 'lindung', 'personal', 'accident', 'sedia', 'sesuai', 'tentu', 'programsetelah', 'proses', 'penuh', 'syarat', 'langgan', 'terima', 'informasi', 'polis', 'sesuai', 'mekanisme', 'laku', 'kolaborasi', 'langkah', 'pfi', 'mega', 'life', 'metro', 'kembang', 'alam', 'langgan', 'integrasi', 'buka', 'peluang', 'luas', 'manfaat', 'lindung', 'jaring', 'metro', 'wilayah', 'indonesia', 'lindung', 'masyarakat', 'solusi', 'relevan', 'mudah', 'akses', 'komitmen', 'pfi', 'mega', 'life', 'jalan', 'misi', 'we', 'protect', 'dreams', 'kolaborasi', 'metro', 'hadir', 'lindung', 'momen', 'butuh', 'langgan', 'jalan', 'percaya', 'jalan', 'milik', 'makna', 'langkah', 'siap', 'lindung', 'aman', 'nyaman', 'program', 'langkah', 'kembang', 'model', 'embedded', 'insurance', 'nilai', 'manfaat', 'makna', 'langgan', 'samdarshi', 'sumit', 'president', 'director', 'pfi', 'mega', 'life', 'terang', 'tulis', 'selasa', 'jalan', 'metro', 'kolaborasi', 'komitmen', 'nilai', 'alam', 'belanja', 'langgan', 'department', 'store', 'hadir', 'butuh', 'fashion', 'lifestyle', 'produk', 'koper', 'travel', 'accessories', 'metro', 'upaya', 'hadir', 'solusi', 'fokus', 'produk', 'butuh', 'langgan', 'jalan', 'aktivitas', 'seharihari', 'jalan', 'metro', 'alam', 'belanja', 'produk', 'langgan', 'dapat', 'nilai', 'jalan', 'kolaborasi', 'pfi', 'mega', 'life', 'langgan', 'beli', 'koper', 'metro', 'pondok', 'indah', 'mall', 'oleh', 'tambah', 'manfaat', 'lindung', 'personal', 'accident', 'christopher', 'caesario', 'head', 'of', 'marketing', 'communication', 'metro', 'trans', 'fashion', 'indonesia', 'program', 'kolaborasi', 'langgan', 'manfaat', 'antaralain', 'lindung', 'personal', 'accident', 'integrasi', 'transaksipembelian', 'koper', 'nilai', 'makna', 'langgan', 'saatmempersiapkan', 'butuh', 'jalan', 'proses', 'beri', 'informasi', 'penuh', 'lindung', 'rancang', 'agarmudah', 'akses', 'langgan', 'program', 'sedia', 'langgan', 'beli', 'koper', 'jenis', 'metro', 'pondok', 'indah', 'mall', 'sesuai', 'tentu', 'laku', 'langgan', 'transaksi', 'beli', 'koper', 'jenis', 'metropondok', 'indah', 'mall', 'langgan', 'informasi', 'program', 'manfaatperlindungan', 'personal', 'accident', 'sesuai', 'tentu', 'laku', 'langgan', 'ikut', 'proses', 'mendapatkanperlindungan', 'proses', 'selesai', 'informasi', 'polis', 'langgan', 'sesuai', 'mekanisme', 'program', 'langgan', 'penuh', 'tentu', 'program', 'manfaatperlindungan', 'ikut', 'manfaat', 'tinggal', 'dunia', 'akibat', 'celaka', 'rp', 'manfaat', 'cacat', 'total', 'akibat', 'celaka', 'rp', 'manfaat', 'awat', 'rumah', 'sakit', 'akibat', 'celaka', 'rp', 'periode', 'tanggung', 'manfaat', 'lindung', 'sesuai', 'syarat', 'tentu', 'periode', 'tanggung', 'laku']",Finance
"Kementerian ATR/BPN menghormati setiap proses hukum yang dilakukan pada kasus korupsi yang menyeret instansi tersebut. Wakil Menteri ATR/BPN Ossy Dermawan menegaskan pihaknya berkomitmen mendukung penuh proses yang sedang berlangsung. ""Pertama, Kementerian ATR/BPN tentunya menghormati tindakan hukum yang dilakukan oleh KPK atau aparat penegak hukum (APH) siapa pun. Yang kedua, Kementerian ATR/BPN juga akan bersikap kooperatif dan mendukung segala proses yang tengah dilakukan oleh APH,"" ujar Ossy dalam keterangannya, Selasa (15/09/2026). Ossy mengatakan Kementerian ATR/BPN tidak akan berspekulasi mengenai substansi perkara maupun kronologi kejadian sebelum adanya keterangan resmi dari pihak berwenang. SCROLL TO CONTINUE WITH CONTENT ""Dikarenakan proses ini masih berjalan dan belum ada keterangan resmi dari APH, tentunya tidak etis dan tidak elok jika kemudian Kementerian ATR/BPN menyampaikan sesuatu hal kaitannya dengan substansi perkara, kronologis kejadian, di mana informasi-informasi itu tentu yang sangat menguasai dan mengerti adalah KPK. Kita tunggu sama-sama. APH pasti akan menyampaikan secara resmi,"" papar Ossy.  Kementerian ATR/BPN tetap memastikan penyelenggaraan pemerintahan dan pelayanan publik berjalan. Hal tersebut menjadi perhatian agar proses hukum yang sedang berlangsung tidak berdampak terhadap kebutuhan masyarakat atas layanan pertanahan. ""Dari sisi Kementerian ATR/BPN terus melaksanakan koordinasi antar pimpinan untuk memastikan bahwa integritas kita terus bisa ditingkatkan. Yang kedua, pelayanan publik tetap bisa dihadirkan di tengah isu yang tengah bergulir ini,"" tutur Ossy. Untuk memastikan layanan tetap tersedia bagi masyarakat di tengah proses pemeriksaan ini, Kementerian ATR/BPN telah melakukan pengecekan terhadap layanan di Kantor Pertanahan. ""Tadi pagi juga kami melaksanakan pengecekan di Kantor Pertanahan Kabupaten Bogor dan juga Kota Tangerang masih berjalan normal dan sesuai dengan prosedural sehari-harinya. Itu yang ingin kami tekankan juga hari ini. Jangan sampai isu ini kemudian mengorbankan pelayanan publik kepada masyarakat,"" papar Ossy. Sebelumnya, KPK melakukan operasi tangkap tangan di Kantor Pertanahan Nasional (BPN) Kabupaten Bogor. Belasan orang ditangkap dalam kasus yang berkaitan dengan dugaan suap pengurusan Hak Guna Bangunan (HGB) itu. OTT tersebut dilakukan pada Senin (14/9) malam. Jubir KPK Budi Prasetyo mengatakan total ada 17 orang yang berhasil diamankan penyelidik KPK. 1. Lampri sebagai Direktur Jenderal Pengendalian dan Penertiban Tanah dan Ruang Kementerian ATR/BPN 2. Sontang Coin Manurung sebagai Kepala Kantor Pertanahan Kabupaten Bogor 3. Tardi sebagai Kepala Kantor Pertanahan Kota Tangerang 4. Fahd El Fouz alias Fahd A Rafiq selaku Ketua DPP Golkar 5. Arif Sugiyanto selaku Mantan Bupati Kebumen 6. Adrianto Pitojo Adhi selaku Presiden Direktur PT Summarecon Agung Tbk","['menteri', 'atrbpn', 'hormat', 'proses', 'hukum', 'korupsi', 'seret', 'instansi', 'wakil', 'menteri', 'atrbpn', 'ossy', 'dermawan', 'komitmen', 'dukung', 'penuh', 'proses', 'menteri', 'atrbpn', 'hormat', 'tindak', 'hukum', 'kpk', 'aparat', 'tegak', 'hukum', 'aph', 'menteri', 'atrbpn', 'sikap', 'kooperatif', 'dukung', 'proses', 'aph', 'ossy', 'terang', 'selasa', 'ossy', 'menteri', 'atrbpn', 'spekulasi', 'substansi', 'perkara', 'kronologi', 'jadi', 'terang', 'resmi', 'wenang', 'scroll', 'to', 'continue', 'with', 'content', 'proses', 'jalan', 'terang', 'resmi', 'aph', 'etis', 'elok', 'menteri', 'atrbpn', 'kait', 'substansi', 'perkara', 'kronologis', 'jadi', 'informasiinformasi', 'kuasa', 'erti', 'kpk', 'tunggu', 'samasama', 'aph', 'resmi', 'papar', 'ossy', 'menteri', 'atrbpn', 'selenggara', 'perintah', 'layan', 'publik', 'jalan', 'perhati', 'proses', 'hukum', 'dampak', 'butuh', 'masyarakat', 'layan', 'tanah', 'sisi', 'menteri', 'atrbpn', 'laksana', 'koordinasi', 'pimpin', 'integritas', 'tingkat', 'layan', 'publik', 'hadir', 'isu', 'gulir', 'ossy', 'layan', 'sedia', 'masyarakat', 'proses', 'periksa', 'menteri', 'atrbpn', 'kece', 'layan', 'kantor', 'tanah', 'pagi', 'laksana', 'kece', 'kantor', 'tanah', 'kabupaten', 'bogor', 'kota', 'tangerang', 'jalan', 'normal', 'sesuai', 'prosedural', 'sehariharinya', 'tekan', 'isu', 'korban', 'layan', 'publik', 'masyarakat', 'papar', 'ossy', 'kpk', 'operasi', 'tangkap', 'tangan', 'kantor', 'tanah', 'nasional', 'bpn', 'kabupaten', 'bogor', 'bas', 'orang', 'tangkap', 'kait', 'duga', 'suap', 'urus', 'hak', 'bangun', 'hgb', 'ott', 'senin', 'malam', 'jubir', 'kpk', 'budi', 'prasetyo', 'total', 'orang', 'hasil', 'aman', 'selidik', 'kpk', 'lampri', 'direktur', 'jenderal', 'kendali', 'tertib', 'tanah', 'ruang', 'menteri', 'atrbpn', 'sontang', 'coin', 'manurung', 'kepala', 'kantor', 'tanah', 'kabupaten', 'bogor', 'tardi', 'kepala', 'kantor', 'tanah', 'kota', 'tangerang', 'fahd', 'el', 'fouz', 'alias', 'fahd', 'a', 'rafiq', 'ketua', 'dpp', 'golkar', 'arif', 'sugiyanto', 'mantan', 'bupati', 'kebumen', 'adrianto', 'pitojo', 'adhi', 'presiden', 'direktur', 'pt', 'summarecon', 'agung', 'tbk']",Finance
"Kepala Eksekutif Pengawas Bursa Mineral dan Komoditas Strategis Otoritas Jasa Keuangan (OJK), Sarjito menyebut timah menjadi komoditas tambang strategis pertama yang akan diperdagangkan Indonesia Commodity Exchange (ICOMEX). Hal tersebut dilakukan lantaran timah menjadi barang yang paling lama diperdagangkan di bursa komoditas dan derivatif seperti Jakarta Futures Exchange (JFX). Sarjito mengatakan, eksposur perdagangan timah di JFX masih belum besar lantaran terbatasnya partisipasi. Ia meyakini, perdagangan timah di ICOMEX akan lebih besar karena melibatkan holding Badan Usaha Milik Negara (BUMN) pertambangan, MIND ID. ""Saat ini timah sudah diperdagangkan di JFX dan sudah cukup lama, tetapi kita akan, partisipasinya waktu itu masih terbatas, dan sekarang denganeffortpemerintah melibatkan MIND ID dan juga ketentuan-ketentuan dari pemerintah yang memungkinkan bahwa semua perdagangan yang kita nanti akan melihat bursa, tentu ini adalah sesuatu yang sangat bagus,"" ungkap Sarjito dalam rapat kerja bersama Komisi XI DPR RI di Kompleks Parlemen, Senayan, Jakarta, Selasa (15/9/2026). SCROLL TO CONTINUE WITH CONTENT  Sarjito mengatakan, arah kebijakan pemerintah terhadap penyelenggaraan ICOMEX juga mendorong transparansi pada awal operasional maupun skema B2B. Ia berharap ke depan ICOMEX juga ramai pihak yang ikut berpartisipasi. ""Bursa akan menjadi makin ramai karena pemainnya banyak, apa mau nggak mau harus bermain di bursa, sehingga likuiditas akan terbentuk,"" jelasnya. Sarjito mengatakan, ICOMEX juga akan melayani permintaan industri dalam negeri dan mendorong hilirisasi industri. Dengan bertambahnya permintaan pasar, peran fasilitas produksi juga akan semakin optimal. ""Permintaan industri domestik juga akan sangat bagus, hal ini juga mendorong hilirisasi dan industrialisasi serta mengoptimalkan juga smelter, sampai misalnya nikel mungkin diproses di dalam negeri sampai menjadi baterai mobilisit dan sebagainya,"" pungkasnya.","['kepala', 'eksekutif', 'awas', 'bursa', 'mineral', 'komoditas', 'strategis', 'otoritas', 'jasa', 'uang', 'ojk', 'sarjito', 'sebut', 'timah', 'komoditas', 'tambang', 'strategis', 'dagang', 'indonesia', 'commodity', 'exchange', 'icomex', 'lantar', 'timah', 'barang', 'dagang', 'bursa', 'komoditas', 'derivatif', 'jakarta', 'futures', 'exchange', 'jfx', 'sarjito', 'eksposur', 'dagang', 'timah', 'jfx', 'lantar', 'batas', 'partisipasi', 'dagang', 'timah', 'icomex', 'libat', 'holding', 'badan', 'usaha', 'milik', 'negara', 'bumn', 'tambang', 'mind', 'id', 'timah', 'dagang', 'jfx', 'partisipasi', 'batas', 'denganeffortpemerintah', 'libat', 'mind', 'id', 'ketentuanketentuan', 'perintah', 'dagang', 'bursa', 'bagus', 'sarjito', 'rapat', 'kerja', 'komisi', 'xi', 'dpr', 'ri', 'kompleks', 'parlemen', 'senayan', 'jakarta', 'selasa', 'scroll', 'to', 'continue', 'with', 'content', 'sarjito', 'arah', 'bijak', 'perintah', 'selenggara', 'icomex', 'dorong', 'transparansi', 'operasional', 'skema', 'bb', 'harap', 'icomex', 'ramai', 'partisipasi', 'bursa', 'ramai', 'main', 'nggak', 'main', 'bursa', 'likuiditas', 'bentuk', 'sarjito', 'icomex', 'layan', 'minta', 'industri', 'negeri', 'dorong', 'hilir', 'industri', 'tambah', 'minta', 'pasar', 'peran', 'fasilitas', 'produksi', 'optimal', 'minta', 'industri', 'domestik', 'bagus', 'dorong', 'hilir', 'industrialisasi', 'optimal', 'smelter', 'nikel', 'proses', 'negeri', 'baterai', 'mobilisit', 'pungkas']",Finance
"PT Pegadaian (Persero) memperoleh Sertifikasi Sistem Manajemen Mutu ISO 9001:2015 untuk Layanan Kustodi (custody services). Sertifikasi berstandar internasional ini diterbitkan oleh lembaga sertifikasi global QSCert dengan akreditasi resmi dari International Accreditation Forum (IAF) dan Slovak National Accreditation Service (SNAS), dengan nomor sertifikat Q-13543/26. Seremoni penyerahan sertifikasi ini diselenggarakan di Pegadaian Tower pada Jumat (21/8/2026). Penyerahan sertifikasi ini menegaskan komitmen PT Pegadaian (Persero) dalam mengimplementasikan tata kelola fasilitas penyimpanan emas (vault) yang terpercaya, transparan, dan berdaya saing global. Direktur Pemasaran, Penjualan dan Pengembangan Produk PT Pegadaian (Persero) Selfie Dewiyanti menyampaikan pencapaian ini menjadi wujud nyata Pegadaian dalam memberikan garansi perlindungan hukum dan standar pelayanan tertinggi bagi nasabah perorangan, pelaku industri, hingga institusi korporasi yang mempercayakan penyimpanan aset emasnya. SCROLL TO CONTINUE WITH CONTENT   Keandalan infrastruktur fisik gedung dan teknologi terintegrasi yang dimiliki Pegadaian kini terbukti setara dengan standar kustodi bullion kelas dunia. ""Perolehan Sertifikasi ISO 9001:2015 untuk Layanan Kustodi ini merupakan tonggak sejarah penting bagi Pegadaian dalam memperkuat kepercayaan nasabah dan pelaku industri bullion. Melalui standarisasi mutu internasional ini, kami memastikan seluruh proses pengelolaan dan penyimpanan emas di fasilitas vault Pegadaian berjalan dengan tingkat presisi tinggi, terukur, dan terkendali dari celah kelalaian operasional,"" ungkap Selfie dalam keterangan tertulis, Selasa (15/9/2026). Keberhasilan ini diraih setelah melalui serangkaian audit independen yang ketat (No. Laporan Audit: C-01/R-QMS/VIII/2026), mencakup penyelarasan Standar Operasional Prosedur (SOP), penguatan teknologi sistem pengamanan modern, hingga peningkatan kompetensi sumber daya manusia (SDM) yang tersertifikasi secara profesional.  Sertifikasi ISO 9001:2015 mencakup ruang lingkup operasional Layanan Kustodi secara menyeluruh dan end-to-end. Seluruh alur proses, mulai dari verifikasi penerimaan, pengujian kemurnian kadar emas, pengadministrasian, penyimpanan di dalam vault, pengamanan fisik dan sistem, hingga proses penyerahan kembali aset emas, dikendalikan secara ketat untuk meminimalkan potensi risiko kehilangan, kerusakan, maupun penyimpangan operasional. Sebagai pionir Bullion Bank di Indonesia, langkah strategis ini semakin memperkokoh posisi kepemimpinan Pegadaian dalam menyediakan ekosistem emas dengan produk terlengkap di Tanah Air. Ketersediaan fasilitas kustodi yang terakreditasi global ini semakin memperkuat komitmen Pegadaian dalam memfasilitasi kebutuhan pasar keuangan berbasis emas. Melalui Layanan Kustodi, pelaku industri dan korporasi kini dapat mengoptimalkan tata kelola penyimpanan aset emas fisik bernilai tinggi dengan jaminan keamanan berlapis dan standar mutu yang teruji. ","['pt', 'gadai', 'persero', 'oleh', 'sertifikasi', 'sistem', 'manajemen', 'mutu', 'iso', 'layan', 'kustodi', 'custody', 'services', 'sertifikasi', 'standar', 'internasional', 'terbit', 'lembaga', 'sertifikasi', 'global', 'qscert', 'akreditasi', 'resmi', 'international', 'accreditation', 'forum', 'iaf', 'slovak', 'national', 'accreditation', 'service', 'snas', 'nomor', 'sertifikat', 'q', 'seremoni', 'serah', 'sertifikasi', 'selenggara', 'gadai', 'tower', 'jumat', 'serah', 'sertifikasi', 'komitmen', 'pt', 'gadai', 'persero', 'implementasi', 'tata', 'kelola', 'fasilitas', 'simpan', 'emas', 'vault', 'percaya', 'transparan', 'daya', 'saing', 'global', 'direktur', 'pasar', 'jual', 'kembang', 'produk', 'pt', 'gadai', 'persero', 'selfie', 'dewiyanti', 'capai', 'wujud', 'nyata', 'gadai', 'garansi', 'lindung', 'hukum', 'standar', 'layan', 'tinggi', 'nasabah', 'orang', 'laku', 'industri', 'institusi', 'korporasi', 'percaya', 'simpan', 'aset', 'emas', 'scroll', 'to', 'continue', 'with', 'content', 'andal', 'infrastruktur', 'fisik', 'gedung', 'teknologi', 'integrasi', 'milik', 'gadai', 'bukti', 'tara', 'standar', 'kustodi', 'bullion', 'kelas', 'dunia', 'oleh', 'sertifikasi', 'iso', 'layan', 'kustodi', 'tonggak', 'sejarah', 'gadai', 'kuat', 'percaya', 'nasabah', 'laku', 'industri', 'bullion', 'standar', 'mutu', 'internasional', 'proses', 'kelola', 'simpan', 'emas', 'fasilitas', 'vault', 'gadai', 'jalan', 'tingkat', 'presisi', 'ukur', 'kendali', 'celah', 'lalai', 'operasional', 'selfie', 'terang', 'tulis', 'selasa', 'hasil', 'raih', 'rangkai', 'audit', 'independen', 'ketat', 'no', 'lapor', 'audit', 'crqmsviii', 'cakup', 'selaras', 'standar', 'operasional', 'prosedur', 'sop', 'kuat', 'teknologi', 'sistem', 'aman', 'modern', 'tingkat', 'kompetensi', 'sumber', 'daya', 'manusia', 'sdm', 'sertifikasi', 'profesional', 'sertifikasi', 'iso', 'cakup', 'ruang', 'lingkup', 'operasional', 'layan', 'kustodi', 'endtoend', 'alur', 'proses', 'verifikasi', 'terima', 'uji', 'murni', 'kadar', 'emas', 'administrasi', 'simpan', 'vault', 'aman', 'fisik', 'sistem', 'proses', 'serah', 'aset', 'emas', 'kendali', 'ketat', 'minimal', 'potensi', 'risiko', 'hilang', 'rusa', 'simpang', 'operasional', 'pionir', 'bullion', 'bank', 'indonesia', 'langkah', 'strategis', 'kokoh', 'posisi', 'pimpin', 'gadai', 'sedia', 'ekosistem', 'emas', 'produk', 'lengkap', 'tanah', 'air', 'sedia', 'fasilitas', 'kustodi', 'akreditasi', 'global', 'kuat', 'komitmen', 'gadai', 'fasilitas', 'butuh', 'pasar', 'uang', 'bas', 'emas', 'layan', 'kustodi', 'laku', 'industri', 'korporasi', 'optimal', 'tata', 'kelola', 'simpan', 'aset', 'emas', 'fisik', 'nila', 'jamin', 'aman', 'lap', 'standar', 'mutu', 'uji']",Finance
"PresidenPrabowoSubianto tercatat telah dua kali melakukan penyegaran terhadap posisi Menteri Keuangan. Pertama, pada 8 September 2025, ketika SriMulyaniIndrawati digantikan olehPurbayaYudhiSadewa. Kedua, pada 14 September 2026, ketikaPurbaya digantikanSuahasil Setiap figur Menteri Keuangan memiliki kebijakan, keunggulan, dan kontribusi masing-masing dalam mendukung pencapaian target perekonomian nasional. Ketiganya memiliki peran penting dalam menjaga stabilitas perekonomian, mendorong pertumbuhan yang lebih kuat dan inklusif, serta meningkatkan ketahanan Indonesia dalam menghadapi tantangan global. Penyegaran posisi Menteri Keuangan idealnya dimaknai sebagai momentum untuk memastikan kesinambungan pengelolaan Anggaran Pendapatan dan Belanja Negara (APBN). Dalam konteks tersebut, pengalaman dan pendekatan ketiga figur ini menawarkan perspektif penting mengenai arah pengelolaan fiskal Indonesia. SCROLL TO CONTINUE WITH CONTENT Perjalanan kebijakan fiskal dari Sri Mulyani, Purbaya, hingga Suahasil memperlihatkan tiga corak yang saling melengkapi, yaitu kehati-hatian dalam menjaga fondasi fiskal, keberanian mendorong pertumbuhan, serta upaya menjaga keseimbangan dan kredibilitas kebijakan. Rekam Jejak 3 Menteri Keuangan Figur pertama adalah Sri Mulyani, yang menjabat sebagai Menteri Keuangan di bawah kepemimpinan Prabowo sejak 21 Oktober 2024 hingga 8 September 2025, atau selama 10 bulan 18 hari. Sri Mulyani meletakkan fondasi penting bagi kebijakan ekonomi pemerintahan baru, antara lain melalui upaya menjaga kesinambungan dan kredibilitas APBN, mengendalikan defisit anggaran, menyiapkan kerangka APBN 2025, mengawal penganggaran program prioritas pemerintah, melanjutkan reformasi perpajakan, serta memperkuat koordinasi kebijakan fiskal dan moneter. Hasilnya, pertumbuhan ekonomi tetap terjaga di kisaran 5 persen. Pada periode tersebut, Sri Mulyani mengawal pelaksanaan sejumlah program prioritas, seperti Makan Bergizi Gratis (MBG), Sekolah Rakyat, sekolah unggulan, revitalisasi sekolah dan madrasah, serta pemeriksaan kesehatan gratis.  Selain itu, Sri Mulyani turut memperkuat berbagai program stimulus ekonomi untuk menjaga daya beli masyarakat dan menopang pertumbuhan ekonomi nasional. Pada akhir masa jabatannya, berdasarkan realisasi APBN per 31 Agustus 2025, kinerja fiskal nasional masih menunjukkan kondisi yang relatif solid. Pendapatan negara terealisasi sebesar Rp1.638,7 triliun atau menurun 7,8 persen (yoy). Sementara itu, belanja negara terealisasi Rp1.960,3 triliun atau naik 1,5 persen (yoy). Dengan demikian, APBN mencatat defisit sebesar Rp321,6 triliun atau setara dengan 1,35 persen terhadap PDB (Produk Domestik Bruto). Selanjutnya, figur kedua adalah Purbaya, yang menjabat sebagai Menteri Keuangan sejak 8 September 2025 hingga 14 September 2026, atau selama 12 bulan 6 hari.  Purbaya tampil dengan penekanan yang lebih agresif terhadap agenda pertumbuhan ekonomi. Purbaya membawa pandangan bahwa kebijakan fiskal harus memastikan roda perekonomian terus bergerak, kredit mengalir ke sektor produktif, investasi tumbuh, dan daya beli masyarakat tetap terjaga. Salah satu terobosan yang menonjol adalah kebijakan memindahkan dana Saldo Anggaran Lebih (SAL) yang sebelumnya ditempatkan di Bank Indonesia ke sejumlah bank umum milik negara atau Himpunan Bank Milik Negara (Himbara). Kebijakan tersebut diarahkan untuk meningkatkan likuiditas perbankan, mendorong penyaluran kredit, menurunkan biaya dana, menggerakkan konsumsi dan investasi, serta mempercepat aktivitas sektor riil. Pada masa kepemimpinan Purbaya, pertumbuhan ekonomi menunjukkan kinerja yang relatif kuat. Pada Triwulan IV 2025, ekonomi Indonesia tumbuh sebesar 5,39 persen secara tahunan. Selanjutnya, pada Triwulan I 2026, pertumbuhan ekonomi mencapai 5,61 persen yang merupakan tertinggi dalam 13 tahun terakhir. Dan pada Triwulan II 2026 tumbuh pada level 5,29 persen. Selain mendorong pertumbuhan, Purbaya juga berupaya memainkan APBN sebagai shock absorber atau peredam guncangan ketika harga minyak dunia meningkat akibat eskalasi geopolitik di Timur Tengah pada awal 2026. Ketika sejumlah negara menaikkan harga bahan bakar minyak (BBM), pemerintah Indonesia menyatakan komitmen untuk tidak menaikkan harga BBM bersubsidi hingga akhir 2026. Kebijakan tersebut terbukti berhasil menjaga daya beli masyarakat, melindungi kelompok berpenghasilan rendah, dan mempertahankan momentum pertumbuhan ekonomi. Pada akhir masa jabatannya, berdasarkan realisasi APBN per Juli 2026, kinerja fiskal nasional menunjukkan kinerja yang solid. Pendapatan negara terealisasi sebesar Rp1.734,0 triliun atau naik 21,3 persen (yoy). Sementara itu, belanja negara terealisasi Rp1.969,6 triliun atau naik 18,2 persen (yoy). Dengan demikian, APBN mencatat defisit sebesar Rp235,6 triliun atau setara dengan 0,91 persen terhadap PDB (Produk Domestik Bruto).  Dan figur ketiga adalah Suahasil, yang dilantik sebagai Menteri Keuangan pada 14 September 2026. Suahasil bukanlah sosok baru di lingkungan Kementerian Keuangan. Pada 2009, Suahasil mengawali kiprahnya di Kementerian Keuangan sebagai anggota Tim Ahli Desentralisasi Fiskal. Selanjutnya, pada 2016, Suahasil dipercaya menjabat sebagai Kepala Badan Kebijakan Fiskal. Dan sejak 2019, Suahasil kemudian dipercaya sebagai Wakil Menteri Keuangan. Suahasil memasuki posisi Menteri Keuangan dengan bekal pengalaman panjang sebagai teknokrat, perumus kebijakan fiskal, dan Wakil Menteri Keuangan. Karakter kepemimpinan yang relatif tenang, berbasis kajian, dan institusional dapat menjadi modal penting untuk menjaga kesinambungan kebijakan fiskal. Dalam situasi pergantian menteri keuangan, pasar dan pelaku ekonomi membutuhkan kepastian, bukan sekadar pernyataan optimisme. Suahasil menghadapi tantangan untuk menjembatani dua kebutuhan yang kerap dipertentangkan, yaitu menjaga kredibilitas APBN dan memastikan anggaran tetap menjadi mesin pembangunan.  Saling Melengkapi dan Memperkuat Perbedaan antara Sri Mulyani, Purbaya, dan Suahasil tidak harus dibaca sebagai pertentangan mutlak. Ketiganya merepresentasikan penekanan yang berbeda dalam satu ekosistem kebijakan fiskal. Sri Mulyani mengingatkan pentingnya membangun dan menjaga fondasi. Purbaya menekankan urgensi menggerakkan perekonomian. Sementara itu, Suahasil berpeluang menyatukan kedua pendekatan tersebut dalam suatu keseimbangan kebijakan yang lebih terukur dan berkelanjutan. Selanjutnya, dalam rangka mendukung agenda Prabowo yang menargetkan pertumbuhan ekonomi sebesar 8 persen pada 2029, kebijakan Menteri Keuangan Suahasil perlu dirancang secara terukur guna mendorong pertumbuhan dan menjaga kredibilitas APBN. Untuk mencapai tujuan tersebut, Suahasil harus mampu menyeimbangkan keberanian dalam mengakselerasi pertumbuhan ekonomi dengan kehati-hatian dalam mengelola risiko fiskal. Pertumbuhan ekonomi yang kuat dan inklusif tidak cukup hanya ditopang oleh stimulus dan ekspansi belanja. Pertumbuhan tersebut harus dibangun melalui peningkatan produktivitas, kualitas investasi, perluasan lapangan kerja, penguatan penerimaan negara, efektivitas belanja, serta pengelolaan utang yang bertanggung jawab. Pada akhirnya, keberlanjutan fiskal bukan sekadar persoalan menjaga angka defisit, melainkan memastikan bahwa setiap rupiah APBN mampu menghasilkan manfaat ekonomi dan sosial yang nyata bagi masyarakat, tanpa mengurangi ruang fiskal generasi mendatang. KamrussamadJuru Bicara Partai Gerindra","['presidenprabowosubianto', 'catat', 'kali', 'segar', 'posisi', 'menteri', 'uang', 'september', 'srimulyaniindrawati', 'ganti', 'olehpurbayayudhisadewa', 'september', 'ketikapurbaya', 'digantikansuahasil', 'figur', 'menteri', 'uang', 'milik', 'bijak', 'unggul', 'kontribusi', 'masingmasing', 'dukung', 'capai', 'target', 'ekonomi', 'nasional', 'tiga', 'milik', 'peran', 'jaga', 'stabilitas', 'ekonomi', 'dorong', 'tumbuh', 'kuat', 'inklusif', 'tingkat', 'tahan', 'indonesia', 'hadap', 'tantang', 'global', 'segar', 'posisi', 'menteri', 'uang', 'ideal', 'makna', 'momentum', 'sinambung', 'kelola', 'anggar', 'dapat', 'belanja', 'negara', 'apbn', 'konteks', 'alam', 'dekat', 'tiga', 'figur', 'tawar', 'perspektif', 'arah', 'kelola', 'fiskal', 'indonesia', 'scroll', 'to', 'continue', 'with', 'content', 'jalan', 'bijak', 'fiskal', 'sri', 'mulyani', 'purbaya', 'suahasil', 'corak', 'lengkap', 'kehatihatian', 'jaga', 'fondasi', 'fiskal', 'berani', 'dorong', 'tumbuh', 'upaya', 'jaga', 'imbang', 'kredibilitas', 'bijak', 'rekam', 'jejak', 'menteri', 'uang', 'figur', 'sri', 'mulyani', 'jabat', 'menteri', 'uang', 'pimpin', 'prabowo', 'oktober', 'september', 'sri', 'mulyani', 'letak', 'fondasi', 'bijak', 'ekonomi', 'perintah', 'upaya', 'jaga', 'sinambung', 'kredibilitas', 'apbn', 'kendali', 'defisit', 'anggar', 'kerangka', 'apbn', 'awal', 'anggar', 'program', 'prioritas', 'perintah', 'lanjut', 'reformasi', 'paja', 'kuat', 'koordinasi', 'bijak', 'fiskal', 'moneter', 'hasil', 'tumbuh', 'ekonomi', 'jaga', 'kisar', 'persen', 'periode', 'sri', 'mulyani', 'awal', 'laksana', 'program', 'prioritas', 'makan', 'gizi', 'gratis', 'mbg', 'sekolah', 'rakyat', 'sekolah', 'unggul', 'revitalisasi', 'sekolah', 'madrasah', 'periksa', 'sehat', 'gratis', 'sri', 'mulyani', 'kuat', 'program', 'stimulus', 'ekonomi', 'jaga', 'daya', 'beli', 'masyarakat', 'topang', 'tumbuh', 'ekonomi', 'nasional', 'jabat', 'dasar', 'realisasi', 'apbn', 'agustus', 'kerja', 'fiskal', 'nasional', 'kondisi', 'relatif', 'solid', 'dapat', 'negara', 'realisasi', 'rp', 'triliun', 'turun', 'persen', 'yoy', 'belanja', 'negara', 'realisasi', 'rp', 'triliun', 'persen', 'yoy', 'apbn', 'catat', 'defisit', 'rp', 'triliun', 'tara', 'persen', 'pdb', 'produk', 'domestik', 'bruto', 'figur', 'purbaya', 'jabat', 'menteri', 'uang', 'september', 'september', 'purbaya', 'tampil', 'tekan', 'agresif', 'agenda', 'tumbuh', 'ekonomi', 'purbaya', 'bawa', 'pandang', 'bijak', 'fiskal', 'roda', 'ekonomi', 'gerak', 'kredit', 'alir', 'sektor', 'produktif', 'investasi', 'tumbuh', 'daya', 'beli', 'masyarakat', 'jaga', 'salah', 'terobos', 'tonjol', 'bijak', 'pindah', 'dana', 'saldo', 'anggar', 'sal', 'tempat', 'bank', 'indonesia', 'bank', 'milik', 'negara', 'himpun', 'bank', 'milik', 'negara', 'himbara', 'bijak', 'arah', 'tingkat', 'likuiditas', 'perban', 'dorong', 'salur', 'kredit', 'turun', 'biaya', 'dana', 'gerak', 'konsumsi', 'investasi', 'cepat', 'aktivitas', 'sektor', 'riil', 'pimpin', 'purbaya', 'tumbuh', 'ekonomi', 'kerja', 'relatif', 'kuat', 'triwulan', 'iv', 'ekonomi', 'indonesia', 'tumbuh', 'persen', 'tahun', 'triwulan', 'i', 'tumbuh', 'ekonomi', 'capai', 'persen', 'tinggi', 'triwulan', 'ii', 'tumbuh', 'level', 'persen', 'dorong', 'tumbuh', 'purbaya', 'upaya', 'main', 'apbn', 'shock', 'absorber', 'redam', 'guncang', 'harga', 'minyak', 'dunia', 'tingkat', 'akibat', 'eskalasi', 'geopolitik', 'timur', 'negara', 'naik', 'harga', 'bahan', 'bakar', 'minyak', 'bbm', 'perintah', 'indonesia', 'komitmen', 'naik', 'harga', 'bbm', 'subsidi', 'bijak', 'bukti', 'hasil', 'jaga', 'daya', 'beli', 'masyarakat', 'lindung', 'kelompok', 'hasil', 'rendah', 'tahan', 'momentum', 'tumbuh', 'ekonomi', 'jabat', 'dasar', 'realisasi', 'apbn', 'juli', 'kerja', 'fiskal', 'nasional', 'kerja', 'solid', 'dapat', 'negara', 'realisasi', 'rp', 'triliun', 'persen', 'yoy', 'belanja', 'negara', 'realisasi', 'rp', 'triliun', 'persen', 'yoy', 'apbn', 'catat', 'defisit', 'rp', 'triliun', 'tara', 'persen', 'pdb', 'produk', 'domestik', 'bruto', 'figur', 'tiga', 'suahasil', 'lantik', 'menteri', 'uang', 'september', 'suahasil', 'sosok', 'lingkung', 'menteri', 'uang', 'suahasil', 'awal', 'kiprah', 'menteri', 'uang', 'anggota', 'tim', 'ahli', 'desentralisasi', 'fiskal', 'suahasil', 'percaya', 'jabat', 'kepala', 'badan', 'bijak', 'fiskal', 'suahasil', 'percaya', 'wakil', 'menteri', 'uang', 'suahasil', 'pasuk', 'posisi', 'menteri', 'uang', 'bekal', 'alam', 'teknokrat', 'rumus', 'bijak', 'fiskal', 'wakil', 'menteri', 'uang', 'karakter', 'pimpin', 'relatif', 'tenang', 'bas', 'kaji', 'institusional', 'modal', 'jaga', 'sinambung', 'bijak', 'fiskal', 'situasi', 'ganti', 'menteri', 'uang', 'pasar', 'laku', 'ekonomi', 'butuh', 'pasti', 'nyata', 'optimisme', 'suahasil', 'hadap', 'tantang', 'jembatan', 'butuh', 'kerap', 'tentang', 'jaga', 'kredibilitas', 'apbn', 'anggar', 'mesin', 'bangun', 'lengkap', 'kuat', 'beda', 'sri', 'mulyani', 'purbaya', 'suahasil', 'baca', 'tentang', 'mutlak', 'tiga', 'representasi', 'tekan', 'beda', 'ekosistem', 'bijak', 'fiskal', 'sri', 'mulyani', 'bangun', 'jaga', 'fondasi', 'purbaya', 'tekan', 'urgensi', 'gerak', 'ekonomi', 'suahasil', 'peluang', 'satu', 'dekat', 'imbang', 'bijak', 'ukur', 'lanjut', 'rangka', 'dukung', 'agenda', 'prabowo', 'target', 'tumbuh', 'ekonomi', 'persen', 'bijak', 'menteri', 'uang', 'suahasil', 'rancang', 'ukur', 'dorong', 'tumbuh', 'jaga', 'kredibilitas', 'apbn', 'capai', 'tuju', 'suahasil', 'imbang', 'berani', 'akselerasi', 'tumbuh', 'ekonomi', 'kehatihatian', 'kelola', 'risiko', 'fiskal', 'tumbuh', 'ekonomi', 'kuat', 'inklusif', 'topang', 'stimulus', 'ekspansi', 'belanja', 'tumbuh', 'bangun', 'tingkat', 'produktivitas', 'kualitas', 'investasi', 'luas', 'lapang', 'kerja', 'kuat', 'terima', 'negara', 'efektivitas', 'belanja', 'kelola', 'utang', 'tanggung', 'lanjut', 'fiskal', 'jaga', 'angka', 'defisit', 'rupiah', 'apbn', 'hasil', 'manfaat', 'ekonomi', 'sosial', 'nyata', 'masyarakat', 'kurang', 'ruang', 'fiskal', 'generasi', 'kamrussamadjuru', 'bicara', 'partai', 'gerindra']",Finance
"Momen pergantian tahun jadi kesempatan emas buat self-reward setelah setahun penuh kerja keras. Entah itu solo trip yang sudah lama tertahan di wishlist, quality time berdua dengan pasangan, atau liburan seru bareng keluarga, Tak heran kalau liburan akhir tahun jadi bagian dari lifestyle banyak orang. Berdasarkan data Badan Pusat Statistik (BPS), sepanjang 2025 terdapat 1,20 miliar perjalanan wisatawan nusantara, naik 17,55%, bahkan Desember 2025 saja mencatat 105,98 juta perjalanan. Masalahnya, liburan yang udah lama diidam-idamkan sering kali cuma berakhir jadi wacana, atau malah bikin kantong bolong kalau nggak dipersiapkan matang. Nah, biar rencana liburan akhir tahun kamu beneran terwujud, blu by BCA Digital bagikan lima langkah cerdas yang bisa dicicil dari sekarang. SCROLL TO CONTINUE WITH CONTENT Setelah tahu mau ke mana, tentukan juga kapan dan berapa lama perjalanan. Menetapkan tanggal perjalanan sejak awal tidak hanya membantu menyusun itinerary dengan leluasa, tapi juga memberi waktu lebih panjang untuk menyiapkan dana liburan. Biar tabungan liburan nggak terasa berat di akhir, kamu bisa mulai menabung jauh-jauh hari menggunakan bluSaving. Setelah destinasi dan tanggal terkunci, langsung sisihkan dana liburanmu di bluSaving secara rutin agar tak terasa membebani cash flow bulanan. Liburan yang menyenangkan bukan berarti harus mengeluarkan uang sebanyak-banyaknya. Dengan menentukan anggaran sejak awal, dana bisa dibagi dan disesuaikan dengan kebutuhan, mulai dari tiket, akomodasi, makan, aktivitas, hingga hal-hal yang ingin dibeli selama perjalanan. Khusus buat yang berencana ke luar negeri, budgeting bisa makin presisi dengan fitur bluValas. Lewat fitur ini, kamu bisa mulai nabung mata uang asing dari jauh-jauh hari, dan saat ini bluValas sudah mendukung delapan mata uang, yaitu USD, SGD, JPY, GBP, AUD, EUR, HKD, dan CNY. Kalau negara tujuan menggunakan salah satu dari delapan mata uang tersebut, kamu bisa langsung menabung di mata uang itu. Tapi jika tidak, kamu bisa menabung dalam bentuk USD (Dolar AS) supaya nilai tukar mata uang liburan nantinya lebih stabil. Itinerary membantu membuat perjalanan lebih terarah, terutama jika ada banyak tempat yang ingin dikunjungi. Susun terlebih dahulu aktivitas utama, termasuk tempat yang memang sudah lama masuk dalam wishlist. Tapi, nggak semua waktu harus dipenuhi jadwal. Sisakan ruang untuk menemukan tempat baru, menghabiskan waktu lebih lama di satu destinasi, atau sekadar menikmati suasana tanpa terburu-buru mengejar agenda berikutnya. Selain tiket dan itinerary, metode pembayaran juga perlu dimasukkan dalam daftar persiapan. Mulai dari membayar makanan, membeli kopi, hingga berbelanja oleh-oleh, berbagai transaksi kecil bisa menjadi bagian penting dari pengalaman selama perjalanan. Terlebih jika destinasi yang dipilih adalah luar negeri, menyiapkan metode pembayaran yang praktis sejak awal dapat membuat transaksi terasa lebih nyaman. Dengan begitu, perhatian tetap bisa tertuju pada pengalaman liburan, bukan pada urusan pembayaran. Menjadi smart traveler bukan cuma soal mendapatkan harga paling murah, tetapi juga tahu bagaimana memaksimalkan berbagai keuntungan dari perjalanan. Mulai dari promo yang sesuai kebutuhan hingga benefit dari metode pembayaran yang digunakan, semuanya bisa membantu membuat pengeluaran terasa lebih bernilai. Salah satunya bisa dimulai dengan memilih metode pembayaran yang memberikan lebih dari sekadar kemudahan bertransaksi, seperti Garuda x bluDebit Card dari blu by BCA Digital. Lebih dari sekadar kartu debit, Garuda x bluDebit Card menjadi travel buddy yang mengerti kebutuhan saat jalan-jalan, apalagi saat ini bebas biaya pengajuan. Tiap transaksi memakai Garuda x bluDebit Card juga bisa membantu mengumpulkan GarudaMiles, plus akses ke berbagai promo tiket eksklusif. Fitur bluValas pun sudah terhubung ke seluruh jenis bluDebit Card, sehingga tabungan valas yang sudah dikumpulkan bisa langsung dipakai bertransaksi di luar negeri tanpa ribet. ""Perjalanan yang menyenangkan pada akhirnya adalah tentang menemukan cara untuk menikmati waktu yang kita punya. Maka dari itu, kami ingin blu selalu menemani keseharian nasabah, termasuk menjadi partner andalan saat mereka mewujudkan wishlist perjalanan akhir tahunnya dengan mudah, aman, dan penuh keuntungan. Untuk memaksimalkan momen ini, kami menghadirkan blu Travel Week yang akan berlangsung pada 21 hingga 30 September. Nasabah bisa memanfaatkan periode ini untuk mendapatkan promo dan cashback yang pastinya sangat menarik. Jadi, buat yang belum punya Garuda x bluDebit Card, yuk segera ajukan supaya bisa dapetin beragam manfaatnya dan siap nikmati liburan akhir tahun secara maksimal,"" ujar Head of Brand & Communications BCA Digital Duardi Prihandiko dalam keterangan tertulis, Selasa (15/9/2026). Karena setelah semua target tercapai, deadline terlewati, dan rutinitas panjang selama setahun selesai, kini saatnya menikmati hasilnya. Tinggalkan sejenak layar kerja, buka kembali wishlist, lalu tentukan langkah berikutnya. ","['momen', 'ganti', 'sempat', 'emas', 'selfreward', 'tahun', 'penuh', 'kerja', 'keras', 'solo', 'trip', 'tahan', 'wishlist', 'quality', 'time', 'dua', 'pasang', 'libur', 'seru', 'bareng', 'keluarga', 'heran', 'libur', 'lifestyle', 'orang', 'dasar', 'data', 'badan', 'pusat', 'statistik', 'bps', 'miliar', 'jalan', 'wisatawan', 'nusantara', 'desember', 'catat', 'juta', 'jalan', 'libur', 'udah', 'diidamidamkan', 'kali', 'wacana', 'bikin', 'kantong', 'bolong', 'nggak', 'siap', 'matang', 'biar', 'rencana', 'libur', 'beneran', 'wujud', 'blu', 'by', 'bca', 'digital', 'bagi', 'langkah', 'cerdas', 'cicil', 'scroll', 'to', 'continue', 'with', 'content', 'tentu', 'jalan', 'tetap', 'tanggal', 'jalan', 'bantu', 'susun', 'itinerary', 'leluasa', 'dana', 'libur', 'biar', 'tabung', 'libur', 'nggak', 'berat', 'tabung', 'jauhjauh', 'blusaving', 'destinasi', 'tanggal', 'kunci', 'langsung', 'sisih', 'dana', 'libur', 'blusaving', 'rutin', 'beban', 'cash', 'flow', 'bulan', 'libur', 'senang', 'keluar', 'uang', 'sebanyakbanyaknya', 'tentu', 'anggar', 'dana', 'bagi', 'sesuai', 'butuh', 'tiket', 'akomodasi', 'makan', 'aktivitas', 'halhal', 'beli', 'jalan', 'khusus', 'rencana', 'negeri', 'budgeting', 'presisi', 'fitur', 'bluvalas', 'fitur', 'nabung', 'mata', 'uang', 'asing', 'jauhjauh', 'bluvalas', 'dukung', 'delapan', 'mata', 'uang', 'usd', 'sgd', 'jpy', 'gbp', 'aud', 'eur', 'hkd', 'cny', 'negara', 'tuju', 'salah', 'delapan', 'mata', 'uang', 'langsung', 'tabung', 'mata', 'uang', 'tabung', 'bentuk', 'usd', 'dolar', 'as', 'nilai', 'tukar', 'mata', 'uang', 'libur', 'stabil', 'itinerary', 'bantu', 'jalan', 'arah', 'kunjung', 'susun', 'aktivitas', 'utama', 'masuk', 'wishlist', 'nggak', 'penuh', 'jadwal', 'sisa', 'ruang', 'temu', 'habis', 'destinasi', 'nikmat', 'suasana', 'terburuburu', 'kejar', 'agenda', 'tiket', 'itinerary', 'metode', 'bayar', 'masuk', 'daftar', 'siap', 'bayar', 'makan', 'beli', 'kopi', 'belanja', 'oleholeh', 'transaksi', 'alam', 'jalan', 'destinasi', 'pilih', 'negeri', 'metode', 'bayar', 'praktis', 'transaksi', 'nyaman', 'perhati', 'alam', 'libur', 'urus', 'bayar', 'smart', 'traveler', 'harga', 'murah', 'maksimal', 'untung', 'jalan', 'promo', 'sesuai', 'butuh', 'benefit', 'metode', 'bayar', 'bantu', 'keluar', 'nila', 'salah', 'satu', 'pilih', 'metode', 'bayar', 'mudah', 'transaksi', 'garuda', 'x', 'bludebit', 'card', 'blu', 'by', 'bca', 'digital', 'kartu', 'debit', 'garuda', 'x', 'bludebit', 'card', 'travel', 'buddy', 'erti', 'butuh', 'jalanjalan', 'bebas', 'biaya', 'aju', 'transaksi', 'pakai', 'garuda', 'x', 'bludebit', 'card', 'bantu', 'kumpul', 'garudamiles', 'plus', 'akses', 'promo', 'tiket', 'eksklusif', 'fitur', 'bluvalas', 'hubung', 'jenis', 'bludebit', 'card', 'tabung', 'valas', 'kumpul', 'langsung', 'pakai', 'transaksi', 'negeri', 'ribet', 'jalan', 'senang', 'temu', 'nikmat', 'blu', 'tani', 'hari', 'nasabah', 'partner', 'andal', 'wujud', 'wishlist', 'jalan', 'tahun', 'mudah', 'aman', 'penuh', 'untung', 'maksimal', 'momen', 'hadir', 'blu', 'travel', 'week', 'september', 'nasabah', 'manfaat', 'periode', 'promo', 'cashback', 'pasti', 'tarik', 'garuda', 'x', 'bludebit', 'card', 'yuk', 'aju', 'dapetin', 'agam', 'manfaat', 'nikmat', 'libur', 'maksimal', 'head', 'of', 'brand', 'communications', 'bca', 'digital', 'duardi', 'prihandiko', 'terang', 'tulis', 'selasa', 'target', 'capai', 'deadline', 'lewat', 'rutinitas', 'tahun', 'selesai', 'nikmat', 'hasil', 'tinggal', 'layar', 'kerja', 'buka', 'wishlist', 'tentu', 'langkah']",Finance
Jakarta- Bea Cukai menggagalkan upaya pengeluaran lebih dari 29 kilogram emas dan barang diduga emas melalui empat bandara internasional sepanjang September 2026.,"['jakarta', 'bea', 'cukai', 'gagal', 'upaya', 'keluar', 'kilogram', 'emas', 'barang', 'duga', 'emas', 'bandara', 'internasional', 'september']",Finance
"Otoritas Jasa Keuangan (OJK) mencabut ketentuan batasan maksimal nasabah untuk mengakses pendanaan melalui pinjaman daring (pindar). Sebelumnya, nasabah pindar tidak boleh mengajukan pinjaman lebih dari tiga penyelenggarapeer to peer(P2P)lending. Kepala Eksekutif Pengawas Lembaga Pembiayaan, Perusahaan Modal Ventura, Lembaga Keuangan Mikro, dan Lembaga Jasa Keuangan Lainnya OJK, Agusman, menyebut kebijakan ini dilakukan menyusul tingginya kebutuhan pendanaan masyarakat. ""Mempertimbangkan dinamika kebutuhan pendanaan masyarakat yang masih cukup tinggi, termasuk UMKM, modal kerja jangka pendek dan sektor informal, serta perlunya dukungan terhadap akses alternatif pembiayaan yang inklusif dan mampu menjangkau masyarakat yang belum terlayani secara optimal,"" ungkap Agusman dalam keterangan tertulis, dikutip Selasa (15/9/2026). SCROLL TO CONTINUE WITH CONTENT  Ia menegaskan, hal tersebut dapat dilakukan sepanjang penyelenggara pindar memenuhi kewajiban OJK. Ketentuan tersebut adalah penyelenggara pindar harus meningkatkan dan menjaga kualitas analisis pendanaan, memenuhi prinsip kehati-hatian dan tata kelola yang baik, menerapkan manajemen risiko yang memadai, serta menjaga risiko kredit macet (TWP90) maksimal 5%. ""Batasan pendanaan pada 3 penyelenggara pindar menjadi tidak diberlakukan, sepanjang penyelenggara pindar memenuhi kewajiban,"" pungkasnya. Berdasarkan catatan detikcom, OJK sempat memperketat pengajuan pinjaman melalui Fintech P2P Lending alias pinjol. Kebijakan ini diatur melalui Surat Edaran Otoritas Jasa Keuangan (SEOJK) Nomor 19 Tahun 2023.  Sebelumnya, Kepala Eksekutif Pengawas Lembaga Pembiayaan, Perusahaan Modal Ventura, Lembaga Keuangan Mikro dan Lembaga Jasa Keuangan Lainnya (PVML) OJK, Agusman menegaskan pengetatan pengajuan pinjol demi menciptakan ekosistem yang lebih aman bagi masyarakat, salah satu bentuk pengetatan tersebut masyarakat hanya boleh mengajukan pinjaman maksimal ke tiga aplikasi pinjol. Layanan pinjol ini masuk kategori legal alias mengantongi izin dan terdaftar di OJK untuk menekan kebiasaan gali lubang tutup lubang. ""Untuk memagari perilaku gali lubang tutup lubang itu, hanya boleh maksimal 3 platform yang kita harapkan ke depan. Karena kalau paltformnya makin banyak, dikasi kesempatan betul-betul terjadi itu gali lubang tutup lubang itu. Arisan aja itu. Kan membahayakan,"" kata Agusman, dalam konferensi pers di Hotel Four Season, Jakarta Selatan, Jumat (10/11/2023).  Lihat juga Video: Utang Pinjol Warga RI Nambah Rp 1,6 T Sebulan  [Gambas:Video 20detik]  ","['otoritas', 'jasa', 'uang', 'ojk', 'cabut', 'tentu', 'batas', 'maksimal', 'nasabah', 'akses', 'dana', 'pinjam', 'daring', 'pindar', 'nasabah', 'pindar', 'aju', 'pinjam', 'penyelenggarapeer', 'to', 'peerpplending', 'kepala', 'eksekutif', 'awas', 'lembaga', 'biaya', 'usaha', 'modal', 'ventura', 'lembaga', 'uang', 'mikro', 'lembaga', 'jasa', 'uang', 'ojk', 'agusman', 'sebut', 'bijak', 'susul', 'tinggi', 'butuh', 'dana', 'masyarakat', 'timbang', 'dinamika', 'butuh', 'dana', 'masyarakat', 'umkm', 'modal', 'kerja', 'jangka', 'pendek', 'sektor', 'informal', 'dukung', 'akses', 'alternatif', 'biaya', 'inklusif', 'jangkau', 'masyarakat', 'layan', 'optimal', 'agusman', 'terang', 'tulis', 'kutip', 'selasa', 'scroll', 'to', 'continue', 'with', 'content', 'selenggara', 'pindar', 'penuh', 'wajib', 'ojk', 'tentu', 'selenggara', 'pindar', 'tingkat', 'jaga', 'kualitas', 'analisis', 'dana', 'penuh', 'prinsip', 'kehatihatian', 'tata', 'kelola', 'terap', 'manajemen', 'risiko', 'pada', 'jaga', 'risiko', 'kredit', 'macet', 'twp', 'maksimal', 'batas', 'dana', 'selenggara', 'pindar', 'laku', 'selenggara', 'pindar', 'penuh', 'wajib', 'pungkas', 'dasar', 'catat', 'detikcom', 'ojk', 'ketat', 'aju', 'pinjam', 'fintech', 'pp', 'lending', 'alias', 'pinjol', 'bijak', 'atur', 'surat', 'edar', 'otoritas', 'jasa', 'uang', 'seojk', 'nomor', 'kepala', 'eksekutif', 'awas', 'lembaga', 'biaya', 'usaha', 'modal', 'ventura', 'lembaga', 'uang', 'mikro', 'lembaga', 'jasa', 'uang', 'pvml', 'ojk', 'agusman', 'ketat', 'aju', 'pinjol', 'cipta', 'ekosistem', 'aman', 'masyarakat', 'salah', 'bentuk', 'ketat', 'masyarakat', 'aju', 'pinjam', 'maksimal', 'aplikasi', 'pinjol', 'layan', 'pinjol', 'masuk', 'kategori', 'legal', 'alias', 'kantong', 'izin', 'daftar', 'ojk', 'tekan', 'biasa', 'gali', 'lubang', 'tutup', 'lubang', 'pagar', 'perilaku', 'gali', 'lubang', 'tutup', 'lubang', 'maksimal', 'platform', 'harap', 'paltformnya', 'kasi', 'sempat', 'betulbetul', 'gali', 'lubang', 'tutup', 'lubang', 'arisan', 'aja', 'bahaya', 'agusman', 'konferensi', 'pers', 'hotel', 'four', 'season', 'jakarta', 'selatan', 'jumat', 'lihat', 'video', 'utang', 'pinjol', 'warga', 'ri', 'nambah', 'rp', 't', 'bulan', 'gambasvideo', 'detik']",Finance
"Direktorat Jenderal Bea dan Cukai (DJBC) Kementerian Keuangan (Kemenkeu) telah menggagalkan upaya penyelundupan emas ilegal dengan total mencapai 330 kilogram sepanjang sejak awal tahun hingga 14 September 2026. Direktur Jenderal Bea dan Cukai, Djaka Budhi Utama, mengatakan ratusan kilogram emas yang berhasil diamankan tersebut merupakan akumulasi hasil penindakan penegakan hukum di perbatasan dan pintu keluar-masuk wilayah Indonesia. ""Jumlah total yang sudah didapat ataupun berhasil kita cegah untuk dibawa keluar itu kurang lebih ada sekitar 330 kilogram. Total sampai dengan tanggal 14 September,"" kata Djaka dalam konferensi pers penindakan ekspor ilegal emas di Kantor Pusat DJBC, Jakarta Timur, Selasa (15/9/2026). SCROLL TO CONTINUE WITH CONTENT Djaka menambahkan seluruh barang bukti emas sitaan hasil penindakan yang sudah diselesaikan perkaranya dan memiliki kekuatan hukum tetap (inkracht) nantinya akan dilelang kembali untuk penerimaan negara. ""Apabila penyidikannya sudah lengkap dan sudah berkekuatan hukum tetap, pasti akan dilaksanakan mekanismenya melalui lelang atau mekanisme yang lain dalam rangka untuk penerimaan negara,"" tuturnya. Dari ratusan kilogram emas ilegal yang berhasil diamankan DJBC, 29 kilogram di antaranya merupakan hasil dari rangkaian penindakan di empat bandara internasional yakni Bandara Kualanamu, Soekarno Hatta, I Gusti Ngurah Rai, dan Sam Ratulangi pada September 2026. Menurut Djaka emas ilegal yang berhasil diamankan dari empat bandara itu meniliki nilai keseluruhan mencapai Rp 73,3 miliar. Sedangkan potensi kerugiaan penerimaan negara yang berhasil diselamatkan dari upaya penyelundupan tersebut mencapai Rp 8,5 miliar. ""Upaya penyelundupan emas yang dilakukan oleh pihak-pihak tertentu di empat bandara internasional mulai dari tanggal 5 sampai dengan 14 September, Bea dan Cukai telah mengamankan emas berbagai jenis dengan total berat kurang lebih dari 29 kilogram,"" ujarnya. ""Perkiraan nilai barang mencapai kurang lebih Rp 73,3 miliar, serta mengamankan total potensi kerugian negara atau dari potensi bea keluar Yang harus dipungut sebesar Rp 8,5 miliar,"" sambung Djaka. Modus yang ditemukan pun beragam, mulai dari menyembunyikan logam yang diduga emas di dalam peralatan elektronik, membawa emas dalam barang bawaan penumpang, hingga menyembunyikannya pada tubuh dengan modus body strapping. Emas Ilegal RI Banyak Dikirim ke China hingga Dubai Wakil Direktur Tindak Pidana Tertentu Bareskrim Polri, Bambang Wijanarko, menjelaskan dari hasil penelusuran dan penyidikan mendalam, petugas menemukan keterlibatan dua jaringan penyelundupan emas ilegal internasional yang berbeda yakni jaringan China dan India. Untuk Jaringan China, emas diselundupkan menuju Hong Kong. Sementara itu, Jaringan India membagi rute pengiriman ke Bangkok, Manila, hingga Dubai. Di mana untuk saat ini pihak kepolisian juga mengidentifikasi beneficial owner atau pemodal utama dari Jaringan India berdomisili di Dubai. ""Dari pengungkapan kami atas pendalaman apa yang sudah dilakukan oleh rekan-rekan Bea Cukai, setiap ada penindakan upaya penyelundupan emas ilegal melalui pintu bandara internasional, kami selalu mengambil langkah untuk kemudian melakukan pendalaman dan kita tarik ke hulunya,"" ujarnya. ""Alhamdulillah kita sudah punya nama-nama ya, nama-nama jaringan China ini siapa saja dan kita sedang berkoordinasi dengan Imigrasi untuk kemudian membuat profiling dan melakukan upaya pengejaran baik itu melalui red notice dan dan sejenisnya,"" sambung Bambang. Di luar itu ia menegaskan dalam penanganan perkara upaya penyelundupan emas ilegal ke luar negeri ini, Bareskrim Polri tidak berhenti pada penindakan di pintu bandara internasional saja. Kepolisian saat ini tengah mengusut rantai pasok hingga ke hulu untuk melacak sumber emas yang diduga berasal dari penambangan emas tanpa izin di berbagai daerah. ""Tapi dapat kami pastikan bahwa jaringan Cina dan jaringan India ini adalah jaringan yang berbeda dan dikendalikan langsung dari luar negeri. Kita sedang melakukan identifikasi dan upaya pengejaran terhadap siapa yang kemudian mensuplai emas itu dari pertambangan ilegal yang ada di berbagai provinsi di Indonesia,"" pungkasnya.  Lihat juga Video: WN China Ditangkap usai Kepergok Selundupkan 10,4 Kg Emas Senilai Rp 26 M  [Gambas:Video 20detik]  ","['direktorat', 'jenderal', 'bea', 'cukai', 'djbc', 'menteri', 'uang', 'kemenkeu', 'gagal', 'upaya', 'selundup', 'emas', 'ilegal', 'total', 'capai', 'kilogram', 'september', 'direktur', 'jenderal', 'bea', 'cukai', 'djaka', 'budhi', 'utama', 'ratus', 'kilogram', 'emas', 'hasil', 'aman', 'akumulasi', 'hasil', 'tindak', 'tega', 'hukum', 'batas', 'pintu', 'keluarmasuk', 'wilayah', 'indonesia', 'total', 'hasil', 'cegah', 'bawa', 'kilogram', 'total', 'tanggal', 'september', 'djaka', 'konferensi', 'pers', 'tindak', 'ekspor', 'ilegal', 'emas', 'kantor', 'pusat', 'djbc', 'jakarta', 'timur', 'selasa', 'scroll', 'to', 'continue', 'with', 'content', 'djaka', 'barang', 'bukti', 'emas', 'sita', 'hasil', 'tindak', 'selesai', 'perkara', 'milik', 'kuat', 'hukum', 'inkracht', 'lelang', 'terima', 'negara', 'sidi', 'lengkap', 'kuat', 'hukum', 'laksana', 'mekanisme', 'lelang', 'mekanisme', 'rangka', 'terima', 'negara', 'ratus', 'kilogram', 'emas', 'ilegal', 'hasil', 'aman', 'djbc', 'kilogram', 'hasil', 'rangkai', 'tindak', 'bandara', 'internasional', 'bandara', 'kualanamu', 'soekarno', 'hatta', 'i', 'gusti', 'ngurah', 'rai', 'sam', 'ratulangi', 'september', 'djaka', 'emas', 'ilegal', 'hasil', 'aman', 'bandara', 'tilik', 'nilai', 'capai', 'rp', 'miliar', 'potensi', 'kerugiaan', 'terima', 'negara', 'hasil', 'selamat', 'upaya', 'selundup', 'capai', 'rp', 'miliar', 'upaya', 'selundup', 'emas', 'pihakpihak', 'bandara', 'internasional', 'tanggal', 'september', 'bea', 'cukai', 'aman', 'emas', 'jenis', 'total', 'berat', 'kilogram', 'kira', 'nilai', 'barang', 'capai', 'rp', 'miliar', 'aman', 'total', 'potensi', 'rugi', 'negara', 'potensi', 'bea', 'pungut', 'rp', 'miliar', 'sambung', 'djaka', 'modus', 'temu', 'agam', 'sembunyi', 'logam', 'duga', 'emas', 'alat', 'elektronik', 'bawa', 'emas', 'barang', 'bawa', 'tumpang', 'sembunyi', 'tubuh', 'modus', 'body', 'strapping', 'emas', 'ilegal', 'ri', 'kirim', 'china', 'dubai', 'wakil', 'direktur', 'tindak', 'pidana', 'bareskrim', 'polri', 'bambang', 'wijanarko', 'hasil', 'telusur', 'sidi', 'dalam', 'tugas', 'temu', 'libat', 'jaring', 'selundup', 'emas', 'ilegal', 'internasional', 'beda', 'jaring', 'china', 'india', 'jaring', 'china', 'emas', 'selundup', 'hong', 'kong', 'jaring', 'india', 'bagi', 'rute', 'kirim', 'bangkok', 'manila', 'dubai', 'polisi', 'identifikasi', 'beneficial', 'owner', 'modal', 'utama', 'jaring', 'india', 'domisili', 'dubai', 'ungkap', 'dalam', 'rekanrekan', 'bea', 'cukai', 'tindak', 'upaya', 'selundup', 'emas', 'ilegal', 'pintu', 'bandara', 'internasional', 'ambil', 'langkah', 'dalam', 'tarik', 'hulu', 'alhamdulillah', 'namanama', 'ya', 'namanama', 'jaring', 'china', 'koordinasi', 'imigrasi', 'profiling', 'upaya', 'kejar', 'red', 'notice', 'jenis', 'sambung', 'bambang', 'tangan', 'perkara', 'upaya', 'selundup', 'emas', 'ilegal', 'negeri', 'bareskrim', 'polri', 'henti', 'tindak', 'pintu', 'bandara', 'internasional', 'polisi', 'usut', 'rantai', 'pasok', 'hulu', 'lacak', 'sumber', 'emas', 'duga', 'asal', 'tambang', 'emas', 'izin', 'daerah', 'pasti', 'jaring', 'cina', 'jaring', 'india', 'jaring', 'beda', 'kendali', 'langsung', 'negeri', 'identifikasi', 'upaya', 'kejar', 'suplai', 'emas', 'tambang', 'ilegal', 'provinsi', 'indonesia', 'pungkas', 'lihat', 'video', 'wn', 'china', 'tangkap', 'pergok', 'selundup', 'kg', 'emas', 'nila', 'rp', 'm', 'gambasvideo', 'detik']",Finance
"Ribuan pegawai Kementerian Pekerjaan Umum (PU) terindikasi bermain judi online (judol). Ada lebih dari 81 ribu frekuensi transaksi judi online dengan total nilai transaksi mencapai lebih dari Rp 12 miliar sepanjang periode 2024-2025. Atas temuan tersebut, dari total 2.000 pegawai Kementerian PU yang terindikasi melakukan judi online, sebagian telah diberikan sanksi. Sebagian lainnya sedang dalam proses penjatuhan sanksi sesuai dengan tingkat pelanggaran dan ketentuan yang berlaku. Temuan praktik judi online oleh pegawai tersebut menjadi perhatian serius Kementerian PU sebagai bagian dari komitmen menjaga integritas, disiplin, dan profesionalisme aparatur. Inspektorat Jenderal Kementerian PU telah melakukan pemeriksaan untuk memastikan setiap indikasi ditindaklanjuti berdasarkan data, bukti, dan ketentuan yang berlaku. SCROLL TO CONTINUE WITH CONTENT  Menteri PU Dody Hanggodo mengatakan, penanganan judi online di lingkungan Kementerian PU juga menjadi bagian dari upaya menjaga kepercayaan publik terhadap aparatur sipil negara dan institusi Kementerian PU. ""Kementerian PU mengelola pekerjaan dan anggaran negara dalam jumlah yang sangat besar. Karena itu saya menuntut orang-orang di dalamnya memiliki disiplin dan integritas yang sepadan dengan tanggung jawab tersebut,"" kata Dody dalam keterangan resmi, Selasa (15/9/2026). Kementerian PU memandang judi online bukan sekadar persoalan pribadi, tetapi juga dapat memberikan dampak terhadap kehidupan keluarga, kondisi sosial, serta kinerja dan kedisiplinan pegawai. Karena itu, upaya penanganan dilakukan tidak hanya melalui penegakan disiplin, tetapi juga dengan memperkuat pembinaan dan langkah-langkah pencegahan di lingkungan Kementerian PU. Sekretaris Jenderal Kementerian PU Apri Artoto mengatakan, temuan tersebut menjadi bahan evaluasi bagi Kementerian PU untuk terus memperkuat sistem pembinaan dan pengawasan internal pegawai. ""Selain melakukan penanganan terhadap pegawai yang terbukti melakukan pelanggaran sesuai dengan ketentuan yang berlaku, kami juga melakukan evaluasi secara menyeluruh terhadap sistem pengawasan dan pembinaan pegawai. Kami melihat area mana yang perlu diperkuat, bagaimana upaya pembinaan dapat dilakukan secara lebih efektif, serta langkah-langkah pencegahan yang perlu ditingkatkan agar potensi risiko serupa dapat teridentifikasi dan ditangani sedini mungkin,"" tutur Apri.  Sementara itu, Inspektur Jenderal Kementerian PU Maulidya Indah Junica menjelaskan, pegawai yang terbukti melakukan pelanggaran dikenakan sanksi sesuai tingkat pelanggarannya. Untuk pelanggaran ringan, sanksi dapat berupa teguran lisan, teguran tertulis, hingga pernyataan tidak puas secara tertulis. Sedangkan pelanggaran sedang, sanksi diberikan berupa penundaan kenaikan gaji berkala, penundaan kenaikan pangkat, hingga penurunan pangkat selama satu tahun. ""Sementara pelanggaran berat dikenai sanksi berupa penurunan jabatan, pembebasan dari jabatan, hingga pemberhentian sebagai pegawai sesuai ketentuan yang berlaku,"" kata Maulidya.  Lihat juga Video Kemensos Telusuri 1,4 Juta KPM Terindikasi Judol, Bansosnya Masih Ditahan  [Gambas:Video 20detik]  ","['ribu', 'pegawai', 'menteri', 'kerja', 'pu', 'indikasi', 'main', 'judi', 'online', 'judol', 'ribu', 'frekuensi', 'transaksi', 'judi', 'online', 'total', 'nilai', 'transaksi', 'capai', 'rp', 'miliar', 'periode', 'temu', 'total', 'pegawai', 'menteri', 'pu', 'indikasi', 'judi', 'online', 'sanksi', 'proses', 'jatuh', 'sanksi', 'sesuai', 'tingkat', 'langgar', 'tentu', 'laku', 'temu', 'praktik', 'judi', 'online', 'pegawai', 'perhati', 'serius', 'menteri', 'pu', 'komitmen', 'jaga', 'integritas', 'disiplin', 'profesionalisme', 'aparatur', 'inspektorat', 'jenderal', 'menteri', 'pu', 'periksa', 'indikasi', 'ditindaklanjuti', 'dasar', 'data', 'bukti', 'tentu', 'laku', 'scroll', 'to', 'continue', 'with', 'content', 'menteri', 'pu', 'dody', 'hanggodo', 'tangan', 'judi', 'online', 'lingkung', 'menteri', 'pu', 'upaya', 'jaga', 'percaya', 'publik', 'aparatur', 'sipil', 'negara', 'institusi', 'menteri', 'pu', 'menteri', 'pu', 'kelola', 'kerja', 'anggar', 'negara', 'tuntut', 'orangorang', 'dalam', 'milik', 'disiplin', 'integritas', 'padan', 'tanggung', 'dody', 'terang', 'resmi', 'selasa', 'menteri', 'pu', 'pandang', 'judi', 'online', 'pribadi', 'dampak', 'hidup', 'keluarga', 'kondisi', 'sosial', 'kerja', 'disiplin', 'pegawai', 'upaya', 'tangan', 'tega', 'disiplin', 'kuat', 'bina', 'langkahlangkah', 'cegah', 'lingkung', 'menteri', 'pu', 'sekretaris', 'jenderal', 'menteri', 'pu', 'apri', 'artoto', 'temu', 'bahan', 'evaluasi', 'menteri', 'pu', 'kuat', 'sistem', 'bina', 'awas', 'internal', 'pegawai', 'tangan', 'pegawai', 'bukti', 'langgar', 'sesuai', 'tentu', 'laku', 'evaluasi', 'sistem', 'awas', 'bina', 'pegawai', 'area', 'kuat', 'upaya', 'bina', 'efektif', 'langkahlangkah', 'cegah', 'tingkat', 'potensi', 'risiko', 'identifikasi', 'tangan', 'din', 'apri', 'inspektur', 'jenderal', 'menteri', 'pu', 'maulidya', 'indah', 'junica', 'pegawai', 'bukti', 'langgar', 'kena', 'sanksi', 'sesuai', 'tingkat', 'langgar', 'langgar', 'ringan', 'sanksi', 'tegur', 'lisan', 'tegur', 'tulis', 'nyata', 'puas', 'tulis', 'langgar', 'sanksi', 'tunda', 'naik', 'gaji', 'kala', 'tunda', 'naik', 'pangkat', 'turun', 'pangkat', 'langgar', 'berat', 'kena', 'sanksi', 'turun', 'jabat', 'bebas', 'jabat', 'henti', 'pegawai', 'sesuai', 'tentu', 'laku', 'maulidya', 'lihat', 'video', 'kemensos', 'telusur', 'juta', 'kpm', 'indikasi', 'judol', 'bansosnya', 'tahan', 'gambasvideo', 'detik']",Finance
"Posisi Utang Luar Negeri (ULN) Indonesia pada Juli 2026 tembus US$ 454,8 miliar atau sekitar Rp 8.004 triliun (kurs Rp 17.600). Bank Indonesia (BI) mencatat pertumbuhan ULN 4,9 % secara tahunan. Perkembangan ini terjadi terutama karena dipengaruhi oleh peningkatan ULN publik di tengah penurunan ULN swasta. Namun, ULN masih stabil tak banyak berubah dibandingkan dengan posisi pada Juni 2026 sebesar US$ 454,5 miliar. ULN dari sisi pemerintah pada Juli 2026 tercatat US$ 218,4 miliar atau tumbuh sebesar 3,2% secara tahunan. Perkembangan ULN pemerintah tersebut terutama dipengaruhi oleh aliran masuk pada Surat Berharga Negara (SBN) internasional yang mencerminkan kepercayaan investor terhadap prospek perekonomian Indonesia tetap terjaga. SCROLL TO CONTINUE WITH CONTENT ""Pemerintah tetap berkomitmen untuk menjaga kredibilitas dengan memenuhi kewajiban pembayaran pokok dan bunga utang secara tepat waktu, serta mengelola ULN secara pruden, terukur, dan fleksibel untuk mewujudkan pembiayaan yang efisien dan optimal,"" tulis Direktur Eksekutif Departemen Komunikasi BI Ramdan Denny Prakoso dalam keterangannya, Selasa (15/9/2026).  Sebagai salah satu komponen dalam instrumen pembiayaan Anggaran Pendapatan dan Belanja Negara (APBN), pemanfaatan ULN terus diarahkan untuk mendukung pembiayaan sektor produktif dengan tetap memperhatikan aspek sustainabilitas pengelolaan ULN. Berdasarkan sektor ekonomi, ULN pemerintah dimanfaatkan antara lain untuk mendukung Sektor Jasa Kesehatan dan Kegiatan Sosial sebesar 22,0% dari total ULN pemerintah. Lalu, Administrasi Pemerintah, Pertahanan, dan Jaminan Sosial Wajib sebesar 20,7%. Kemudian, untuk Jasa Pendidikan 16,2%, sektor Konstruksi sebesar 11,5%, serta sektor Transportasi dan Pergudangan sebesar 8,5%. ""Posisi ULN pemerintah relatif aman dan terkendali mengingat hampir seluruh ULN pemerintah merupakan utang jangka panjang,"" lanjut Ramdan Denny. Di sisi lain, ULN swasta menurun. Posisi ULN swasta pada Juli 2026 tercatat sebesar US$ 194,5 miliar saja atau mengalami kontraksi sebesar 1,2% secara tahunan. Perkembangan tersebut didorong oleh ULN kelompok peminjam bukan lembaga keuangan (nonfinancial corporations) dan lembaga keuangan (financial corporations) yang masing-masing mengalami kontraksi. Berdasarkan sektor ekonomi, posisi ULN swasta terutama berasal dari Sektor Industri Pengolahan, Jasa Keuangan dan Asuransi, Pengadaan Listrik dan Gas, serta Pertambangan dan Penggalian dengan pangsa mencapai 80,6% dari total ULN swasta. ULN swasta pun tetap didominasi oleh utang jangka panjang. Struktur ULN Indonesia tetap sehat didukung oleh penerapan prinsip kehati-hatian dalam pengelolaannya. Hal ini tercermin dari rasio ULN Indonesia terhadap Produk Domestik Bruto (PDB) yang tercatat sebesar 30,7% pada Juli 2026 dan didominasi oleh ULN jangka panjang.  Lihat juga Video: Utang Luar Negeri Indonesia Tambah Banyak, Kini Sentuh Rp 7.488 Triliun!  [Gambas:Video 20detik]  ","['posisi', 'utang', 'negeri', 'uln', 'indonesia', 'juli', 'tembus', 'us', 'miliar', 'rp', 'triliun', 'kurs', 'rp', 'bank', 'indonesia', 'bi', 'catat', 'tumbuh', 'uln', 'tahun', 'kembang', 'pengaruh', 'tingkat', 'uln', 'publik', 'turun', 'uln', 'swasta', 'uln', 'stabil', 'ubah', 'banding', 'posisi', 'juni', 'us', 'miliar', 'uln', 'sisi', 'perintah', 'juli', 'catat', 'us', 'miliar', 'tumbuh', 'tahun', 'kembang', 'uln', 'perintah', 'pengaruh', 'alir', 'masuk', 'surat', 'harga', 'negara', 'sbn', 'internasional', 'cermin', 'percaya', 'investor', 'prospek', 'ekonomi', 'indonesia', 'jaga', 'scroll', 'to', 'continue', 'with', 'content', 'perintah', 'komitmen', 'jaga', 'kredibilitas', 'penuh', 'wajib', 'bayar', 'pokok', 'bunga', 'utang', 'kelola', 'uln', 'pruden', 'ukur', 'fleksibel', 'wujud', 'biaya', 'efisien', 'optimal', 'tulis', 'direktur', 'eksekutif', 'departemen', 'komunikasi', 'bi', 'ramdan', 'denny', 'prakoso', 'terang', 'selasa', 'salah', 'komponen', 'instrumen', 'biaya', 'anggar', 'dapat', 'belanja', 'negara', 'apbn', 'manfaat', 'uln', 'arah', 'dukung', 'biaya', 'sektor', 'produktif', 'perhati', 'aspek', 'sustainabilitas', 'kelola', 'uln', 'dasar', 'sektor', 'ekonomi', 'uln', 'perintah', 'manfaat', 'dukung', 'sektor', 'jasa', 'sehat', 'giat', 'sosial', 'total', 'uln', 'perintah', 'administrasi', 'perintah', 'tahan', 'jamin', 'sosial', 'wajib', 'jasa', 'didik', 'sektor', 'konstruksi', 'sektor', 'transportasi', 'gudang', 'posisi', 'uln', 'perintah', 'relatif', 'aman', 'kendali', 'uln', 'perintah', 'utang', 'jangka', 'ramdan', 'denny', 'sisi', 'uln', 'swasta', 'turun', 'posisi', 'uln', 'swasta', 'juli', 'catat', 'us', 'miliar', 'alami', 'kontraksi', 'tahun', 'kembang', 'dorong', 'uln', 'kelompok', 'pinjam', 'lembaga', 'uang', 'nonfinancial', 'corporations', 'lembaga', 'uang', 'financial', 'corporations', 'masingmasing', 'alami', 'kontraksi', 'dasar', 'sektor', 'ekonomi', 'posisi', 'uln', 'swasta', 'asal', 'sektor', 'industri', 'olah', 'jasa', 'uang', 'asuransi', 'ada', 'listrik', 'gas', 'tambang', 'gali', 'pangsa', 'capai', 'total', 'uln', 'swasta', 'uln', 'swasta', 'dominasi', 'utang', 'jangka', 'struktur', 'uln', 'indonesia', 'sehat', 'dukung', 'terap', 'prinsip', 'kehatihatian', 'kelola', 'cermin', 'rasio', 'uln', 'indonesia', 'produk', 'domestik', 'bruto', 'pdb', 'catat', 'juli', 'dominasi', 'uln', 'jangka', 'lihat', 'video', 'utang', 'negeri', 'indonesia', 'sentuh', 'rp', 'triliun', 'gambasvideo', 'detik']",Finance
"Otoritas Jasa Keuangan (OJK) akan meresmikan Indonesia Commodity Exchange (Icomex) atau Bursa Mineral dan Komoditas Strategis pada Kamis (17/9/2026). Pembentukan Icomex ini nantinya masuk dalam Peraturan OJK (POJK) yang rencananya akan disahkan pasar hari yang sama. Kepala Eksekutif Pengawas BMKS OJK, Sarjito, menjelaskan terdapat dua POJK yang disahkan pada 17 September mendatang, yakni tentang peralihan pengawasan dari Badan Pengawas Perdagangan Berjangka Komoditi (Bappebti) dan regulasi tentang Penyelenggaraan BMKS. ""Pada tanggal 17 September 2026, adalah hari yang sangat penting, di mana RPOJK peralihan Bursa Mineral dan Komunitas Strategis, dan RPOJK mengenai penyelenggaraan Bursa Mineral dan Komunitas Strategis akan dan harus diundangkan, dan juga rencananya akan ada pembentukan Icomex,"" ungkap Sarjito dalam rapat kerja bersama Komisi XI di Kompleks Parlemen, Senayan, Jakarta, Selasa (15/9/2026). SCROLL TO CONTINUE WITH CONTENT  Kemudian sepanjang September hingga November, OJK akan melakukan berbagai persiapan internal dan membangun koordinasi dengan seluruh stakeholder terkait. Persiapan tersebut mencakup penyusunan peraturan hingga pelaksanaan teknis BMKS. Selanjutnya pada 1 Januari 2026, pemerintah akan menerbitkan izin yang diikuti oleh operasional BMKS. Kemudian pada 4 Januari 2027, Icomex baru memulai operasional perdagangannya. ""Kemudian pada awal Januari, yaitu tanggal 4 Januari 2027, diharapkan bahwa perdagangan Bursa Mineral dan Komoditas Strategis pertama kali progresi melalui entitas Icomex,"" jelasnya.  Sarjito belum menyebut rinci apa saja komoditas tambang dan penggalian yang akan masuk dalam skema perdagangan Icomex. Pasalnya, komoditas tersebut nantinya masuk dalam Peraturan Presiden (Perpres). Setidaknya terdapat 12 bab dalam RPOJK penyelenggaraan BMKS, yakni ketentuan umum, penyelenggaraan BMKS, penyelenggara dan infrastruktur BMKS, pelaku kegiatan perdagangan, penahapan perdagangan, hingga penyelenggaraan transaksi. Selain itu terdapat juga bab yang memuat manajemen risiko, perlindungan pengguna jasa dan integritas pasar, koordinasi pertukaran data dan interoperabilitas sistem, pengembangan produk dan inovasi pasar, pengaturan dan pengawasan, serta penegakan kepatuhan dan sanksi administratif.  Lihat juga Video: OJK Perluas Literasi Keuangan hingga Ujung Selatan Indonesia  [Gambas:Video 20detik]  ","['otoritas', 'jasa', 'uang', 'ojk', 'resmi', 'indonesia', 'commodity', 'exchange', 'icomex', 'bursa', 'mineral', 'komoditas', 'strategis', 'kamis', 'bentuk', 'icomex', 'masuk', 'atur', 'ojk', 'pojk', 'rencana', 'sah', 'pasar', 'kepala', 'eksekutif', 'awas', 'bmks', 'ojk', 'sarjito', 'pojk', 'sah', 'september', 'alih', 'awas', 'badan', 'awas', 'dagang', 'jangka', 'komoditi', 'bappebti', 'regulasi', 'selenggara', 'bmks', 'tanggal', 'september', 'rpojk', 'alih', 'bursa', 'mineral', 'komunitas', 'strategis', 'rpojk', 'selenggara', 'bursa', 'mineral', 'komunitas', 'strategis', 'undang', 'rencana', 'bentuk', 'icomex', 'sarjito', 'rapat', 'kerja', 'komisi', 'xi', 'kompleks', 'parlemen', 'senayan', 'jakarta', 'selasa', 'scroll', 'to', 'continue', 'with', 'content', 'september', 'november', 'ojk', 'siap', 'internal', 'bangun', 'koordinasi', 'stakeholder', 'kait', 'siap', 'cakup', 'susun', 'atur', 'laksana', 'teknis', 'bmks', 'januari', 'perintah', 'terbit', 'izin', 'ikut', 'operasional', 'bmks', 'januari', 'icomex', 'operasional', 'dagang', 'januari', 'tanggal', 'januari', 'harap', 'dagang', 'bursa', 'mineral', 'komoditas', 'strategis', 'kali', 'progres', 'entitas', 'icomex', 'sarjito', 'sebut', 'rinci', 'komoditas', 'tambang', 'gali', 'masuk', 'skema', 'dagang', 'icomex', 'pasal', 'komoditas', 'masuk', 'atur', 'presiden', 'pres', 'bab', 'rpojk', 'selenggara', 'bmks', 'tentu', 'selenggara', 'bmks', 'selenggara', 'infrastruktur', 'bmks', 'laku', 'giat', 'dagang', 'tahap', 'dagang', 'selenggara', 'transaksi', 'bab', 'muat', 'manajemen', 'risiko', 'lindung', 'guna', 'jasa', 'integritas', 'pasar', 'koordinasi', 'tukar', 'data', 'interoperabilitas', 'sistem', 'kembang', 'produk', 'inovasi', 'pasar', 'atur', 'awas', 'tega', 'patuh', 'sanksi', 'administratif', 'lihat', 'video', 'ojk', 'luas', 'literasi', 'uang', 'ujung', 'selatan', 'indonesia', 'gambasvideo', 'detik']",Finance
"Direktorat Jenderal Bea dan Cukai (DJBC) Kementerian Keuangan (Kemenkeu) menyatakan masih menunggu keputusan dan tindak lanjut resmi dari terkait proses perombakan personel pejabat di lingkungannya. Hal tersebut disampaikan oleh Direktur Jenderal Bea dan Cukai, Djaka Budhi Utama, saat merespons pertanyaan perombakan internal Kemenkeu saat Purbaya Yudhi Sadewa masih menjabat sebagai Menteri Keuangan (Menkeu) pada Kamis (10/9) lalu. ""Kami sedang menunggu apa yang akan dilakukan oleh Kantor Pusat Kementerian Keuangan terkait dengan personil yang pindah, baik itu dari khususnya untuk Bea Bea Cukai. Itu saja yang mungkin bisa saya jelaskan,"" jawab Djaka singkat dalam konferensi pers di Kantor Pusat DJBC, Jakarta Timur, Selasa (15/9/2026). SCROLL TO CONTINUE WITH CONTENT Sebelumnya Menteri Keuangan (Menkeu) Suahasil Nazara buka-bukaan terkait nasib perombakan pejabat yang dilakukan belum lama ini oleh Purbaya Yudhi Sadewa saat ia masih menjabat sebagai Bendahara Negara. Soal nasib perombakan yang sudah dilakukan Purbaya, Suahasil mengatakan pihaknya akan melihat terlebih dahulu Keputusan Menteri Keuangan sebagai landasan aturan perlombakannya. ""Nanti kita lihat, tapi kemarin memang ada pelantikan minggu lalu, dan tentu nanti kita akan lihat pelantikan seperti apa, Keputusan Menteri Keuangannya seperti apa, dan kita akan tindak lanjuti dari situ,"" beber Suahasil usai dilantik di Istana Negara, Jakarta Pusat, Senin (14/9/2026). Perombakan ratusan pejabat di lingkungan Kemenkeu terakhir dilakukan oleh Purbaya pada Kamis 10 September 2026. Dalam hal ini, mayoritas perombakan di Ditjen Bea Cukai dan Ditjen Pajak. Perombakan terjadi pada pejabat Pimpinan Tinggi Pratama, Pejabat Administrator, Pejabat Pengawas, Pejabat Fungsional, dan Pejabat pada Unit Organisasi Non Eselon Kemenkeu. Kala itu, Purabaya mengatakan, perubahan jabatan dilakukan sebagai bagian dari proses organisasi untuk memastikan Kemenkeu yang lebih adaptif. Banyak pihak yang menyebutkan perombakan ratusan pejabat itu jadi salah satu masalah besar yang membuat posisi Purbaya digantikan Suahasil. Suahasil menepis kabar tersebut, dia menyatakan internal kementerian aman dan tidak bermasalah. ""Aman, aman,"" katanya meyakinkan ketika dikonfirmasi soal ribut-ribut perombakan pejabat.  Simak juga Video: Purbaya soal Isu Dirjen Bea Cukai Bakal Dicopot: Lihat Minggu Depan  [Gambas:Video 20detik]  ","['direktorat', 'jenderal', 'bea', 'cukai', 'djbc', 'menteri', 'uang', 'kemenkeu', 'tunggu', 'putus', 'tindak', 'resmi', 'kait', 'proses', 'ombak', 'personel', 'jabat', 'lingkung', 'direktur', 'jenderal', 'bea', 'cukai', 'djaka', 'budhi', 'utama', 'respons', 'ombak', 'internal', 'kemenkeu', 'purbaya', 'yudhi', 'sadewa', 'jabat', 'menteri', 'uang', 'menkeu', 'kamis', 'tunggu', 'kantor', 'pusat', 'menteri', 'uang', 'kait', 'personil', 'pindah', 'bea', 'bea', 'cukai', 'djaka', 'singkat', 'konferensi', 'pers', 'kantor', 'pusat', 'djbc', 'jakarta', 'timur', 'selasa', 'scroll', 'to', 'continue', 'with', 'content', 'menteri', 'uang', 'menkeu', 'suahasil', 'nazara', 'bukabukaan', 'kait', 'nasib', 'ombak', 'jabat', 'purbaya', 'yudhi', 'sadewa', 'jabat', 'bendahara', 'negara', 'nasib', 'ombak', 'purbaya', 'suahasil', 'putus', 'menteri', 'uang', 'landas', 'atur', 'lomba', 'lihat', 'kemarin', 'lantik', 'minggu', 'lihat', 'lantik', 'putus', 'menteri', 'uang', 'tindak', 'lanjut', 'situ', 'beber', 'suahasil', 'lantik', 'istana', 'negara', 'jakarta', 'pusat', 'senin', 'ombak', 'ratus', 'jabat', 'lingkung', 'kemenkeu', 'purbaya', 'kamis', 'september', 'mayoritas', 'ombak', 'ditjen', 'bea', 'cukai', 'ditjen', 'pajak', 'ombak', 'jabat', 'pimpin', 'pratama', 'jabat', 'administrator', 'jabat', 'awas', 'jabat', 'fungsional', 'jabat', 'unit', 'organisasi', 'non', 'eselon', 'kemenkeu', 'purabaya', 'ubah', 'jabat', 'proses', 'organisasi', 'kemenkeu', 'adaptif', 'ombak', 'ratus', 'jabat', 'salah', 'posisi', 'purbaya', 'ganti', 'suahasil', 'suahasil', 'menep', 'kabar', 'internal', 'menteri', 'aman', 'masalah', 'aman', 'aman', 'konfirmasi', 'ributribut', 'ombak', 'jabat', 'simak', 'video', 'purbaya', 'isu', 'dirjen', 'bea', 'cukai', 'copot', 'lihat', 'minggu', 'gambasvideo', 'detik']",Finance
